identifier,protein_families,pfam,pfam_clan,keyword,family,genus,gene_name,protein_name,uniprot_kb_id
O31506,In the N-terminal section|TAS,PF04740 (LXG)|194.5;PF13930 (Endonuclea_NS_2)|168.0,CL0263 (His-Me_finger);CL0352 (EsxAB),KW-1003 (Cell membrane);KW-0175 (Coiled coil);KW-0238 (DNA-binding);KW-0378 (Hydrolase);KW-0472 (Membrane);KW-0540 (Nuclease);KW-1185 (Reference proteome);KW-0800 (Toxin),Bacillaceae,Bacillus,yeeF,Toxin YeeF,YEEF_BACSU
O34344,,PF26137 (Toxin_SdpC)|103.2,,KW-0044 (Antibiotic);KW-0929 (Antimicrobial);KW-0078 (Bacteriocin);KW-0903 (Direct protein sequencing);KW-1015 (Disulfide bond);KW-1185 (Reference proteome);KW-0964 (Secreted);KW-0732 (Signal);KW-0800 (Toxin);KW-0843 (Virulence),Bacillaceae,Bacillus,sdpC,Sporulation delaying protein C,SDPC_BACSU
Q1JPL7,In the N-terminal section|IC,PF01095 (Pectinesterase)|492.3;PF04043 (PMEI)|75.8,CL0268 (Pec_lyase-like),KW-0929 (Antimicrobial);KW-0063 (Aspartyl esterase);KW-0134 (Cell wall);KW-0961 (Cell wall biogenesis/degradation);KW-0903 (Direct protein sequencing);KW-0295 (Fungicide);KW-0378 (Hydrolase);KW-0611 (Plant defense);KW-0652 (Protein synthesis inhibitor);KW-1185 (Reference proteome);KW-0964 (Secreted);KW-0732 (Signal);KW-0800 (Toxin),Brassicaceae,Arabidopsis,PME18,Pectinesterase/pectinesterase inhibitor 18,PME18_ARATH
Q07833,RHS/WapA nuclease family|IC,PF02018 (CBM_4_9)|47.8;PF05593 (RHS_repeat)|260.4;PF20148 (DUF6531)|50.6;PF24517 (CBM96)|61.0;PF25023 (TEN_YD-shell)|181.0,CL0055 (Nucleoplasmin);CL0202 (GBD);CL0877 (RHS_sf),KW-0134 (Cell wall);KW-0903 (Direct protein sequencing);KW-0255 (Endonuclease);KW-0378 (Hydrolase);KW-0540 (Nuclease);KW-1185 (Reference proteome);KW-0677 (Repeat);KW-0964 (Secreted);KW-0732 (Signal);KW-0800 (Toxin);KW-0843 (Virulence),Bacillaceae,Bacillus,wapA,tRNA nuclease WapA,WAPA_BACSU
P77335,hemolysin E family|IC,PF06109 (HlyE)|493.0,,KW-0002 (3D-structure);KW-0204 (Cytolysis);KW-0903 (Direct protein sequencing);KW-1015 (Disulfide bond);KW-0354 (Hemolysis);KW-1032 (Host cell membrane);KW-1043 (Host membrane);KW-0472 (Membrane);KW-0574 (Periplasm);KW-1185 (Reference proteome);KW-0964 (Secreted);KW-0800 (Toxin);KW-0812 (Transmembrane);KW-1133 (Transmembrane helix);KW-0843 (Virulence),Enterobacteriaceae,Escherichia,hlyE,"Hemolysin E, chromosomal",HLYE_ECOLI
P0A968,,PF00313 (CSD)|100.6,CL0021 (OB),KW-0963 (Cytoplasm);KW-0903 (Direct protein sequencing);KW-0236 (DNA replication inhibitor);KW-0238 (DNA-binding);KW-1185 (Reference proteome);KW-0694 (RNA-binding);KW-0800 (Toxin),Enterobacteriaceae,Escherichia,cspD,Cold shock-like protein CspD,CSPD_ECOLI
A0A0B4U9L8,venom metalloproteinase (M12B) family|TAS,PF00200 (Disintegrin)|78.6;PF01421 (Reprolysin)|212.0;PF01562 (Pep_M12B_propep)|66.2;PF08516 (ADAM_CR)|62.5,CL0126 (Peptidase_MA);CL0750 (ADAM_CR_sf),KW-0106 (Calcium);KW-1217 (Cell adhesion impairing toxin);KW-0903 (Direct protein sequencing);KW-1015 (Disulfide bond);KW-1206 (Fibrinogenolytic toxin);KW-0325 (Glycoprotein);KW-1199 (Hemostasis impairing toxin);KW-0378 (Hydrolase);KW-0479 (Metal-binding);KW-0482 (Metalloprotease);KW-0645 (Protease);KW-0873 (Pyrrolidone carboxylic acid);KW-0964 (Secreted);KW-0732 (Signal);KW-0800 (Toxin);KW-0862 (Zinc);KW-0865 (Zymogen),Viperidae,Vipera,,Zinc metalloproteinase-disintegrin-like protein F1,VMF1_VIPAA
A0A0D4WV12,arthropod phospholipase D family|IC,PF13653 (GDPD_2)|36.1,CL0036 (TIM_barrel),KW-0002 (3D-structure);KW-0204 (Cytolysis);KW-1061 (Dermonecrotic toxin);KW-1015 (Disulfide bond);KW-0354 (Hemolysis);KW-0442 (Lipid degradation);KW-0443 (Lipid metabolism);KW-0456 (Lyase);KW-0460 (Magnesium);KW-0479 (Metal-binding);KW-0964 (Secreted);KW-0800 (Toxin);KW-0865 (Zymogen),Sicariidae,Sicarius,,Dermonecrotic toxin StSicTox-betaIB1i,BIB11_SICTE
A0A0H2US87,OspC family|IC,PF06128 (Shigella_OspC)|621.3,,KW-0002 (3D-structure);KW-0040 (ANK repeat);KW-1035 (Host cytoplasm);KW-0456 (Lyase);KW-0520 (NAD);KW-0614 (Plasmid);KW-1185 (Reference proteome);KW-0677 (Repeat);KW-0964 (Secreted);KW-0800 (Toxin);KW-0843 (Virulence),Enterobacteriaceae,Shigella,ospC3,Arginine ADP-riboxanase OspC3,OSPC3_SHIFL
A0A0H3AIG7,VgrG protein family|IC,PF04717 (Phage_base_V)|53.8;PF05954 (Phage_GPD)|267.3;PF16671 (ACD)|790.8;PF22178 (Gp5_trimer_C)|77.9,CL0021 (OB);CL0504 (Phage_barrel);CL0606 (Phage_fibre),KW-0002 (3D-structure);KW-0067 (ATP-binding);KW-1035 (Host cytoplasm);KW-0436 (Ligase);KW-0460 (Magnesium);KW-0479 (Metal-binding);KW-0547 (Nucleotide-binding);KW-0964 (Secreted);KW-0800 (Toxin);KW-0843 (Virulence),Vibrionaceae,Vibrio,vgrG1,Actin cross-linking toxin VgrG1,VGRG1_VIBC3
A0A1L4BJ98,arthropod phospholipase D family|IC,PF13653 (GDPD_2)|35.9,CL0036 (TIM_barrel),KW-0204 (Cytolysis);KW-1061 (Dermonecrotic toxin);KW-1015 (Disulfide bond);KW-0354 (Hemolysis);KW-0442 (Lipid degradation);KW-0443 (Lipid metabolism);KW-0456 (Lyase);KW-0460 (Magnesium);KW-0479 (Metal-binding);KW-0964 (Secreted);KW-0732 (Signal);KW-0800 (Toxin);KW-0865 (Zymogen),Hemiscorpiidae,Hemiscorpius,,Dermonecrotic toxin Hl-PLD1,DTPLD_HEMLE
A0A5P3XKQ1,peptidase M27 family|IC,PF01742 (Peptidase_M27)|136.4;PF07952 (Toxin_trans)|245.6;PF07953 (Toxin_R_bind_N)|112.3,CL0004 (Concanavalin);CL0126 (Peptidase_MA),KW-0002 (3D-structure);KW-1015 (Disulfide bond);KW-0378 (Hydrolase);KW-0479 (Metal-binding);KW-0482 (Metalloprotease);KW-0528 (Neurotoxin);KW-0614 (Plasmid);KW-0645 (Protease);KW-0800 (Toxin);KW-0843 (Virulence);KW-0862 (Zinc),Peptostreptococcaceae,Paraclostridium,pmp1,Paraclostridial mosquitocidal protein 1,PMP1_PARBF
A0A6B7FMR5,venom metalloproteinase (M12B) family|TAS,PF00200 (Disintegrin)|38.7;PF01562 (Pep_M12B_propep)|60.2;PF08516 (ADAM_CR)|67.8,CL0750 (ADAM_CR_sf),KW-0106 (Calcium);KW-1217 (Cell adhesion impairing toxin);KW-0903 (Direct protein sequencing);KW-1015 (Disulfide bond);KW-0325 (Glycoprotein);KW-1199 (Hemostasis impairing toxin);KW-0479 (Metal-binding);KW-1201 (Platelet aggregation inhibiting toxin);KW-0964 (Secreted);KW-0732 (Signal);KW-0800 (Toxin),Viperidae,Vipera,,Disintegrin-like/cysteine-rich protein MPIII-3,VMMP3_VIPAA
A0S864,three-finger toxin family|IC,PF21947 (Toxin_cobra-type)|28.0,CL0117 (uPAR_Ly6_toxin),KW-0002 (3D-structure);KW-0008 (Acetylcholine receptor inhibiting toxin);KW-0903 (Direct protein sequencing);KW-1015 (Disulfide bond);KW-0872 (Ion channel impairing toxin);KW-0528 (Neurotoxin);KW-0629 (Postsynaptic neurotoxin);KW-0873 (Pyrrolidone carboxylic acid);KW-0964 (Secreted);KW-0732 (Signal);KW-0800 (Toxin),Colubridae,Boiga,,Irditoxin subunit A,3NBA_BOIIR
A8CG82,phospholipase A2 family|IC,PF00068 (Phospholip_A2_1)|109.8,CL0629 (PLA2),KW-0903 (Direct protein sequencing);KW-1015 (Disulfide bond);KW-0378 (Hydrolase);KW-0442 (Lipid degradation);KW-0443 (Lipid metabolism);KW-0479 (Metal-binding);KW-0964 (Secreted);KW-0732 (Signal);KW-0800 (Toxin),Viperidae,Daboia,,Basic phospholipase A2 DsM-b1/DsM-b1',PA2B1_DABSI
A8CG86,phospholipase A2 family|IC,PF00068 (Phospholip_A2_1)|118.0,CL0629 (PLA2),KW-0106 (Calcium);KW-0903 (Direct protein sequencing);KW-1015 (Disulfide bond);KW-0378 (Hydrolase);KW-0442 (Lipid degradation);KW-0443 (Lipid metabolism);KW-0479 (Metal-binding);KW-0964 (Secreted);KW-0732 (Signal);KW-0800 (Toxin),Viperidae,Daboia,,Acidic phospholipase A2 Drk-a1,PA2A1_DABRR
A8QL56,peptidase S1 family|SAM,PF00089 (Trypsin)|196.3,CL0124 (Peptidase_PA),KW-0903 (Direct protein sequencing);KW-1015 (Disulfide bond);KW-1206 (Fibrinogenolytic toxin);KW-0325 (Glycoprotein);KW-1199 (Hemostasis impairing toxin);KW-0378 (Hydrolase);KW-0645 (Protease);KW-0964 (Secreted);KW-0720 (Serine protease);KW-0732 (Signal);KW-0800 (Toxin),Elapidae,Ophiophagus,,Alpha- and beta-fibrinogenase OhS1,VSP1_OPHHA
B3BM80,,PF04829 (PT-VENN)|73.7;PF21111 (CDI_toxin_EC869_like)|181.0;PF21483 (CdiA_helical)|91.4,CL0236 (PDDEXK),KW-0002 (3D-structure);KW-0378 (Hydrolase);KW-0479 (Metal-binding);KW-0540 (Nuclease);KW-1266 (Target cell cytoplasm);KW-0800 (Toxin);KW-0843 (Virulence);KW-0862 (Zinc),Enterobacteriaceae,Escherichia,cdiA4,Deoxyribonuclease CdiA-o11,CDIA4_ECO5C
B3EWF4,neurotoxin 19 (CSTX) family|SAM,,,KW-0027 (Amidation);KW-0903 (Direct protein sequencing);KW-1015 (Disulfide bond);KW-0960 (Knottin);KW-0528 (Neurotoxin);KW-0964 (Secreted);KW-0732 (Signal);KW-0800 (Toxin),Zodariidae,Lachesana,,Latartoxin-2a,LTX2A_LACTA
B7UI21,glycosyltransferase NleB family|IC,PF24688 (SseK_NleB)|599.9,CL0110 (GT-A),KW-0002 (3D-structure);KW-0325 (Glycoprotein);KW-0328 (Glycosyltransferase);KW-1035 (Host cytoplasm);KW-0464 (Manganese);KW-0479 (Metal-binding);KW-1185 (Reference proteome);KW-0964 (Secreted);KW-0800 (Toxin);KW-0808 (Transferase);KW-0843 (Virulence),Enterobacteriaceae,Escherichia,nleB1,Protein-arginine N-acetylglucosaminyltransferase NleB1,NLEB1_ECO27
B7UI22,NleE/OspZ family|IC,PF20798 (NleE)|413.3,,KW-1048 (Host nucleus);KW-0489 (Methyltransferase);KW-1185 (Reference proteome);KW-0949 (S-adenosyl-L-methionine);KW-0964 (Secreted);KW-0800 (Toxin);KW-0808 (Transferase);KW-0843 (Virulence),Enterobacteriaceae,Escherichia,nleE,Cysteine S-methyltransferase NleE,NLEE_ECO27
C0HJD3,three-finger toxin family|IC,PF21947 (Toxin_cobra-type)|41.2,CL0117 (uPAR_Ly6_toxin),KW-0903 (Direct protein sequencing);KW-1015 (Disulfide bond);KW-0528 (Neurotoxin);KW-0873 (Pyrrolidone carboxylic acid);KW-0964 (Secreted);KW-0800 (Toxin),Colubridae,Oxybelis,,Fulgimotoxin,3NB_OXYFU
C0HJE7,flavin monoamine oxidase family|IC,PF01593 (Amino_oxidase)|289.5,CL0063 (NADP_Rossmann),KW-0044 (Antibiotic);KW-0929 (Antimicrobial);KW-0053 (Apoptosis);KW-0204 (Cytolysis);KW-0903 (Direct protein sequencing);KW-1015 (Disulfide bond);KW-0274 (FAD);KW-0285 (Flavoprotein);KW-0325 (Glycoprotein);KW-1199 (Hemostasis impairing toxin);KW-0560 (Oxidoreductase);KW-1201 (Platelet aggregation inhibiting toxin);KW-0964 (Secreted);KW-0732 (Signal);KW-0800 (Toxin),Viperidae,Crotalus,,L-amino acid oxidase bordonein-L,OXLA_CRODU
C0HJQ2,short scorpion toxin superfamily|TAS,PF00451 (Toxin_2)|34.4,CL0054 (Knottin_1),KW-0903 (Direct protein sequencing);KW-1015 (Disulfide bond);KW-0872 (Ion channel impairing toxin);KW-0528 (Neurotoxin);KW-0632 (Potassium channel impairing toxin);KW-0964 (Secreted);KW-0800 (Toxin);KW-1220 (Voltage-gated potassium channel impairing toxin),Buthidae,Buthus,,Potassium channel toxin alpha-KTx 19.2,KA192_BUTOC
C0HJU3,phospholipase A2 family|IC,PF00068 (Phospholip_A2_1)|57.9,CL0629 (PLA2),KW-0106 (Calcium);KW-0903 (Direct protein sequencing);KW-1015 (Disulfide bond);KW-1199 (Hemostasis impairing toxin);KW-0378 (Hydrolase);KW-0442 (Lipid degradation);KW-0443 (Lipid metabolism);KW-0479 (Metal-binding);KW-1201 (Platelet aggregation inhibiting toxin);KW-0964 (Secreted);KW-0800 (Toxin),Viperidae,Bothrops,,Acidic phospholipase A2,PA2A1_BOTPA
C0HKG7,neurotoxin 19 (CSTX) family|IC,PF10530 (Toxin_35)|77.2,CL0083 (Omega_toxin),KW-0027 (Amidation);KW-0204 (Cytolysis);KW-0903 (Direct protein sequencing);KW-1015 (Disulfide bond);KW-0960 (Knottin);KW-0472 (Membrane);KW-0528 (Neurotoxin);KW-0677 (Repeat);KW-0964 (Secreted);KW-0732 (Signal);KW-1052 (Target cell membrane);KW-1053 (Target membrane);KW-0800 (Toxin);KW-0812 (Transmembrane),Cheiracanthiidae,Cheiracanthium,,DELTA-miturgitoxin-Cp1a,TX1A_CHEPU
C0HKG9,neurotoxin 19 (CSTX) family|IC,PF10530 (Toxin_35)|77.5,CL0083 (Omega_toxin),KW-0027 (Amidation);KW-0204 (Cytolysis);KW-0903 (Direct protein sequencing);KW-1015 (Disulfide bond);KW-0960 (Knottin);KW-0472 (Membrane);KW-0528 (Neurotoxin);KW-0964 (Secreted);KW-0732 (Signal);KW-1052 (Target cell membrane);KW-1053 (Target membrane);KW-0800 (Toxin);KW-0812 (Transmembrane),Cheiracanthiidae,Cheiracanthium,,DELTA-miturgitoxin-Cp1c,TX1C_CHEPU
C0HLG4,short scorpion toxin superfamily|IC,,,KW-0002 (3D-structure);KW-0903 (Direct protein sequencing);KW-1015 (Disulfide bond);KW-1035 (Host cytoplasm);KW-0872 (Ion channel impairing toxin);KW-0582 (Pharmaceutical);KW-0964 (Secreted);KW-0732 (Signal);KW-0800 (Toxin),Scorpionidae,Urodacus,,Wasabi receptor toxin,KKX1U_UROMN
C6EVG7,In the C-terminal section|SAM,PF00212 (ANP)|42.1,,KW-1222 (Bradykinin receptor impairing toxin);KW-0165 (Cleavage on pair of basic residues);KW-0903 (Direct protein sequencing);KW-1015 (Disulfide bond);KW-1213 (G-protein coupled receptor impairing toxin);KW-0382 (Hypotensive agent);KW-0964 (Secreted);KW-0732 (Signal);KW-0800 (Toxin);KW-0838 (Vasoactive),Helodermatidae,Heloderma,,Natriuretic and helokinestatin peptides,VNHP_HELSC
C7G3K3,long chain scorpion toxin family|IC,PF14866 (Scorpion_toxin_alpha-beta)|82.7,CL0054 (Knottin_1),KW-0002 (3D-structure);KW-0044 (Antibiotic);KW-0929 (Antimicrobial);KW-0903 (Direct protein sequencing);KW-1015 (Disulfide bond);KW-0528 (Neurotoxin);KW-0964 (Secreted);KW-0732 (Signal);KW-0800 (Toxin),Hemiscorpiidae,Liocheles,,Peptide LaIT2,KBX2_LIOAU
D2Y1Z7,neurotoxin 10 (Hwtx-1) family|IC,,,KW-0027 (Amidation);KW-0903 (Direct protein sequencing);KW-1015 (Disulfide bond);KW-0872 (Ion channel impairing toxin);KW-0960 (Knottin);KW-0528 (Neurotoxin);KW-0638 (Presynaptic neurotoxin);KW-0964 (Secreted);KW-0732 (Signal);KW-0800 (Toxin);KW-0738 (Voltage-gated sodium channel impairing toxin),Theraphosidae,Cyriopagopus,,Hainantoxin-III 7,H3A07_CYRHA
D2Y1Z8,neurotoxin 10 (Hwtx-1) family|IC,,,KW-0027 (Amidation);KW-0903 (Direct protein sequencing);KW-1015 (Disulfide bond);KW-0872 (Ion channel impairing toxin);KW-0960 (Knottin);KW-0528 (Neurotoxin);KW-0638 (Presynaptic neurotoxin);KW-0964 (Secreted);KW-0732 (Signal);KW-0800 (Toxin);KW-0738 (Voltage-gated sodium channel impairing toxin),Theraphosidae,Cyriopagopus,,Hainantoxin-III 8,H3A08_CYRHA
D2Y233,neurotoxin 10 (Hwtx-1) family|IC,,,KW-0027 (Amidation);KW-0903 (Direct protein sequencing);KW-1015 (Disulfide bond);KW-0872 (Ion channel impairing toxin);KW-0960 (Knottin);KW-0528 (Neurotoxin);KW-0638 (Presynaptic neurotoxin);KW-0964 (Secreted);KW-0732 (Signal);KW-0800 (Toxin);KW-0738 (Voltage-gated sodium channel impairing toxin),Theraphosidae,Cyriopagopus,,Mu-theraphotoxin-Hhn1b 2,H4A02_CYRHA
D2Y2D3,neurotoxin 10 (Hwtx-1) family|IC,,,KW-0027 (Amidation);KW-0903 (Direct protein sequencing);KW-1015 (Disulfide bond);KW-0872 (Ion channel impairing toxin);KW-0960 (Knottin);KW-0528 (Neurotoxin);KW-0638 (Presynaptic neurotoxin);KW-0964 (Secreted);KW-0732 (Signal);KW-0800 (Toxin);KW-0738 (Voltage-gated sodium channel impairing toxin),Theraphosidae,Cyriopagopus,,Hainantoxin-III 11,H3A11_CYRHA
D2Y2D7,neurotoxin 10 (Hwtx-1) family|IC,,,KW-0027 (Amidation);KW-0903 (Direct protein sequencing);KW-1015 (Disulfide bond);KW-0872 (Ion channel impairing toxin);KW-0960 (Knottin);KW-0528 (Neurotoxin);KW-0638 (Presynaptic neurotoxin);KW-0964 (Secreted);KW-0732 (Signal);KW-0800 (Toxin);KW-0738 (Voltage-gated sodium channel impairing toxin),Theraphosidae,Cyriopagopus,,Mu-theraphotoxin-Hhn1b 3,H4A03_CYRHA
D3TTC1,venom metalloproteinase (M12B) family|IC,PF01421 (Reprolysin)|200.1;PF01562 (Pep_M12B_propep)|65.0;PF08516 (ADAM_CR)|66.9,CL0126 (Peptidase_MA);CL0750 (ADAM_CR_sf),KW-0002 (3D-structure);KW-0106 (Calcium);KW-0903 (Direct protein sequencing);KW-1015 (Disulfide bond);KW-0325 (Glycoprotein);KW-0378 (Hydrolase);KW-0479 (Metal-binding);KW-0482 (Metalloprotease);KW-0645 (Protease);KW-0964 (Secreted);KW-0732 (Signal);KW-0800 (Toxin);KW-0862 (Zinc);KW-0865 (Zymogen),Elapidae,Naja,,Zinc metalloproteinase-disintegrin-like kaouthiagin-like,VM3KL_NAJAT
D5CBA0,In the N-terminal section|IC,PF04829 (PT-VENN)|64.4;PF05860 (TPS)|165.9;PF13332 (Fil_haemagg_2)|220.2;PF15526 (Ntox21)|32.6,CL0268 (Pec_lyase-like),KW-0002 (3D-structure);KW-0255 (Endonuclease);KW-0378 (Hydrolase);KW-0540 (Nuclease);KW-1185 (Reference proteome);KW-0732 (Signal);KW-1266 (Target cell cytoplasm);KW-0800 (Toxin);KW-0843 (Virulence),Enterobacteriaceae,Enterobacter,cdiA,16S rRNA endonuclease CdiA,CDIA_ENTCC
E0Y419,peptidase S1 family|SAM,PF00089 (Trypsin)|203.6,CL0124 (Peptidase_PA),KW-0903 (Direct protein sequencing);KW-1015 (Disulfide bond);KW-1206 (Fibrinogenolytic toxin);KW-0325 (Glycoprotein);KW-1199 (Hemostasis impairing toxin);KW-0378 (Hydrolase);KW-0645 (Protease);KW-0964 (Secreted);KW-0720 (Serine protease);KW-0730 (Sialic acid);KW-0732 (Signal);KW-0800 (Toxin);KW-0865 (Zymogen),Viperidae,Macrovipera,,Beta-fibrinogenase,VSPBF_MACLB
H9T8G6,CdiA toxin family|IC,PF13332 (Fil_haemagg_2)|209.5;PF18664 (CdiA_C_tRNase)|131.1,CL0236 (PDDEXK);CL0268 (Pec_lyase-like),KW-0002 (3D-structure);KW-0255 (Endonuclease);KW-0378 (Hydrolase);KW-0540 (Nuclease);KW-0694 (RNA-binding);KW-1266 (Target cell cytoplasm);KW-0800 (Toxin);KW-0820 (tRNA-binding);KW-0843 (Virulence),Burkholderiaceae,Burkholderia,cdiA,tRNA nuclease CdiA,CDIA9_BURPE
L0PJV8,frog skin active peptide (FSAP) family|IC,PF03032 (FSAP_sig_propep)|72.8,,KW-0878 (Amphibian defense peptide);KW-0903 (Direct protein sequencing);KW-1213 (G-protein coupled receptor impairing toxin);KW-0379 (Hydroxylation);KW-0964 (Secreted);KW-0732 (Signal);KW-0800 (Toxin);KW-0838 (Vasoactive);KW-0840 (Vasodilator),Hylidae,Agalychnis,,"[Thr6]-bradykinyl-Val,Asp",BRKP1_AGACL
O61705,long (4 C-C) scorpion toxin superfamily|IC,PF00537 (Toxin_3)|84.0,CL0054 (Knottin_1),KW-0002 (3D-structure);KW-0903 (Direct protein sequencing);KW-1015 (Disulfide bond);KW-0872 (Ion channel impairing toxin);KW-0528 (Neurotoxin);KW-0964 (Secreted);KW-0732 (Signal);KW-0800 (Toxin);KW-0738 (Voltage-gated sodium channel impairing toxin),Buthidae,Olivierus,,Neurotoxin BmK-M10,SCXA_OLIMR
O74420,WTF family|IC,PF03303 (WTF)|299.8,,KW-0024 (Alternative initiation);KW-0963 (Cytoplasm);KW-0256 (Endoplasmic reticulum);KW-0472 (Membrane);KW-1185 (Reference proteome);KW-0800 (Toxin);KW-0812 (Transmembrane);KW-1133 (Transmembrane helix);KW-0926 (Vacuole),Schizosaccharomycetaceae,Schizosaccharomyces,wtf13,Meiotic driver wtf13,WTF13_SCHPO
O93364,flavin monoamine oxidase family|IC,PF01593 (Amino_oxidase)|285.6,CL0063 (NADP_Rossmann),KW-0044 (Antibiotic);KW-0929 (Antimicrobial);KW-0053 (Apoptosis);KW-0204 (Cytolysis);KW-0903 (Direct protein sequencing);KW-1015 (Disulfide bond);KW-0274 (FAD);KW-0285 (Flavoprotein);KW-0325 (Glycoprotein);KW-0354 (Hemolysis);KW-1199 (Hemostasis impairing toxin);KW-0560 (Oxidoreductase);KW-0964 (Secreted);KW-0732 (Signal);KW-0800 (Toxin),Viperidae,Crotalus,,L-amino-acid oxidase,OXLA_CROAD
O93523,venom metalloproteinase (M12B) family|IC,PF00200 (Disintegrin)|71.5;PF01421 (Reprolysin)|194.9;PF01562 (Pep_M12B_propep)|61.2;PF08516 (ADAM_CR)|63.6,CL0126 (Peptidase_MA);CL0750 (ADAM_CR_sf),KW-0002 (3D-structure);KW-0106 (Calcium);KW-1217 (Cell adhesion impairing toxin);KW-0903 (Direct protein sequencing);KW-1015 (Disulfide bond);KW-0325 (Glycoprotein);KW-1200 (Hemorrhagic toxin);KW-1199 (Hemostasis impairing toxin);KW-0378 (Hydrolase);KW-0479 (Metal-binding);KW-0482 (Metalloprotease);KW-1201 (Platelet aggregation inhibiting toxin);KW-0645 (Protease);KW-0873 (Pyrrolidone carboxylic acid);KW-0964 (Secreted);KW-0732 (Signal);KW-0800 (Toxin);KW-0862 (Zinc);KW-0865 (Zymogen),Viperidae,Bothrops,,Zinc metalloproteinase-disintegrin-like bothropasin,VM3BP_BOTJA
P00617,phospholipase A2 family|IC,PF00068 (Phospholip_A2_1)|107.5,CL0629 (PLA2),KW-0002 (3D-structure);KW-0106 (Calcium);KW-0903 (Direct protein sequencing);KW-1015 (Disulfide bond);KW-0378 (Hydrolase);KW-0442 (Lipid degradation);KW-0443 (Lipid metabolism);KW-0479 (Metal-binding);KW-0528 (Neurotoxin);KW-0638 (Presynaptic neurotoxin);KW-0964 (Secreted);KW-0732 (Signal);KW-0800 (Toxin),Elapidae,Bungarus,,Basic phospholipase A2 beta-bungarotoxin A1 chain,PA2B1_BUNMU
P00618,phospholipase A2 family|IC,PF00068 (Phospholip_A2_1)|108.2,CL0629 (PLA2),KW-0106 (Calcium);KW-0903 (Direct protein sequencing);KW-1015 (Disulfide bond);KW-0378 (Hydrolase);KW-0442 (Lipid degradation);KW-0443 (Lipid metabolism);KW-0479 (Metal-binding);KW-0528 (Neurotoxin);KW-0638 (Presynaptic neurotoxin);KW-0964 (Secreted);KW-0732 (Signal);KW-0800 (Toxin),Elapidae,Bungarus,,Basic phospholipase A2 beta-bungarotoxin A2 chain,PA2B2_BUNMU
P00619,phospholipase A2 family|IC,PF00068 (Phospholip_A2_1)|105.9,CL0629 (PLA2),KW-0106 (Calcium);KW-0903 (Direct protein sequencing);KW-1015 (Disulfide bond);KW-0378 (Hydrolase);KW-0442 (Lipid degradation);KW-0443 (Lipid metabolism);KW-0479 (Metal-binding);KW-0528 (Neurotoxin);KW-0638 (Presynaptic neurotoxin);KW-0964 (Secreted);KW-0732 (Signal);KW-0800 (Toxin),Elapidae,Bungarus,,Acidic phospholipase A2 beta-bungarotoxin A3 chain,PA2A3_BUNMU
P00623,phospholipase A2 family|IC,PF00068 (Phospholip_A2_1)|110.1,CL0629 (PLA2),KW-0106 (Calcium);KW-0903 (Direct protein sequencing);KW-1015 (Disulfide bond);KW-0378 (Hydrolase);KW-0442 (Lipid degradation);KW-0443 (Lipid metabolism);KW-0479 (Metal-binding);KW-0964 (Secreted);KW-0732 (Signal);KW-0800 (Toxin),Viperidae,Crotalus,,Acidic phospholipase A2 beta,PA2A_CROAD
P00625,phospholipase A2 family|IC,PF00068 (Phospholip_A2_1)|100.8,CL0629 (PLA2),KW-0106 (Calcium);KW-0903 (Direct protein sequencing);KW-1015 (Disulfide bond);KW-1199 (Hemostasis impairing toxin);KW-0378 (Hydrolase);KW-0442 (Lipid degradation);KW-0443 (Lipid metabolism);KW-0479 (Metal-binding);KW-1201 (Platelet aggregation inhibiting toxin);KW-0964 (Secreted);KW-0732 (Signal);KW-0800 (Toxin),Viperidae,Ovophis,,Acidic phospholipase A2 DE-I,PA2A1_OVOOK
P00626,phospholipase A2 family|IC,PF00068 (Phospholip_A2_1)|119.5,CL0629 (PLA2),KW-0002 (3D-structure);KW-1203 (Blood coagulation cascade inhibiting toxin);KW-0106 (Calcium);KW-0903 (Direct protein sequencing);KW-1015 (Disulfide bond);KW-1199 (Hemostasis impairing toxin);KW-1035 (Host cytoplasm);KW-0378 (Hydrolase);KW-0442 (Lipid degradation);KW-0443 (Lipid metabolism);KW-0479 (Metal-binding);KW-0528 (Neurotoxin);KW-0638 (Presynaptic neurotoxin);KW-0964 (Secreted);KW-0732 (Signal);KW-0800 (Toxin),Viperidae,Vipera,,Basic phospholipase A2 ammodytoxin A,PA2BA_VIPAA
P01391,three-finger toxin family|IC,PF21947 (Toxin_cobra-type)|61.3,CL0117 (uPAR_Ly6_toxin),KW-0002 (3D-structure);KW-0008 (Acetylcholine receptor inhibiting toxin);KW-0903 (Direct protein sequencing);KW-1015 (Disulfide bond);KW-0872 (Ion channel impairing toxin);KW-0528 (Neurotoxin);KW-0629 (Postsynaptic neurotoxin);KW-0964 (Secreted);KW-0800 (Toxin),Elapidae,Naja,,Alpha-cobratoxin,3L21_NAJKA
P01445,three-finger toxin family|IC,PF21947 (Toxin_cobra-type)|44.3,CL0117 (uPAR_Ly6_toxin),KW-0002 (3D-structure);KW-0123 (Cardiotoxin);KW-0204 (Cytolysis);KW-0903 (Direct protein sequencing);KW-1015 (Disulfide bond);KW-0472 (Membrane);KW-0964 (Secreted);KW-1052 (Target cell membrane);KW-1053 (Target membrane);KW-0800 (Toxin),Elapidae,Naja,,Cytotoxin 2,3SA7A_NAJKA
P01446,three-finger toxin family|IC,PF21947 (Toxin_cobra-type)|44.7,CL0117 (uPAR_Ly6_toxin),KW-0002 (3D-structure);KW-0123 (Cardiotoxin);KW-0204 (Cytolysis);KW-0903 (Direct protein sequencing);KW-1015 (Disulfide bond);KW-0325 (Glycoprotein);KW-0472 (Membrane);KW-0964 (Secreted);KW-1052 (Target cell membrane);KW-1053 (Target membrane);KW-0800 (Toxin),Elapidae,Naja,,Cytotoxin 3,3SA3_NAJKA
P01484,long (4 C-C) scorpion toxin superfamily|IC,PF00537 (Toxin_3)|78.6,CL0054 (Knottin_1),KW-0002 (3D-structure);KW-0027 (Amidation);KW-0903 (Direct protein sequencing);KW-1015 (Disulfide bond);KW-0872 (Ion channel impairing toxin);KW-0528 (Neurotoxin);KW-0964 (Secreted);KW-0732 (Signal);KW-0800 (Toxin);KW-0738 (Voltage-gated sodium channel impairing toxin),Buthidae,Androctonus,,Alpha-mammal toxin AaH2,SCX2_ANDAU
P01531,sea anemone sodium channel inhibitory toxin family|IC,PF00706 (Toxin_4)|76.7,CL0075 (Defensin),KW-0002 (3D-structure);KW-0123 (Cardiotoxin);KW-0903 (Direct protein sequencing);KW-1015 (Disulfide bond);KW-0872 (Ion channel impairing toxin);KW-0166 (Nematocyst);KW-0528 (Neurotoxin);KW-0964 (Secreted);KW-0800 (Toxin);KW-0738 (Voltage-gated sodium channel impairing toxin),Actiniidae,Anthopleura,,Delta-actitoxin-Axm1b,NA1B_ANTXA
P04084,phospholipase A2 family|IC,PF00068 (Phospholip_A2_1)|109.2,CL0629 (PLA2),KW-0002 (3D-structure);KW-0903 (Direct protein sequencing);KW-1015 (Disulfide bond);KW-0528 (Neurotoxin);KW-0629 (Postsynaptic neurotoxin);KW-0964 (Secreted);KW-0800 (Toxin),Viperidae,Vipera,,Acidic phospholipase A2 homolog vipoxin A chain,PA2HA_VIPAE
P04512,rotavirus NSP4 family|SAM,PF01452 (Rota_NSP4)|350.6,,KW-0002 (3D-structure);KW-1072 (Activation of host autophagy by virus);KW-0106 (Calcium);KW-0903 (Direct protein sequencing);KW-0260 (Enterotoxin);KW-0325 (Glycoprotein);KW-1038 (Host endoplasmic reticulum);KW-1043 (Host membrane);KW-0945 (Host-virus interaction);KW-0407 (Ion channel);KW-0406 (Ion transport);KW-0472 (Membrane);KW-0479 (Metal-binding);KW-0964 (Secreted);KW-0735 (Signal-anchor);KW-0800 (Toxin);KW-0812 (Transmembrane);KW-1133 (Transmembrane helix);KW-0813 (Transport);KW-1182 (Viral ion channel);KW-0843 (Virulence),Sedoreoviridae,Rotavirus,,Non-structural glycoprotein 4,NSP4_ROTS1
P05484,conotoxin O1 superfamily|IC,PF02950 (Conotoxin)|55.4,CL0083 (Omega_toxin),KW-0002 (3D-structure);KW-0027 (Amidation);KW-0108 (Calcium channel impairing toxin);KW-0903 (Direct protein sequencing);KW-1015 (Disulfide bond);KW-0872 (Ion channel impairing toxin);KW-0960 (Knottin);KW-0528 (Neurotoxin);KW-0582 (Pharmaceutical);KW-0638 (Presynaptic neurotoxin);KW-0964 (Secreted);KW-0732 (Signal);KW-0800 (Toxin);KW-1218 (Voltage-gated calcium channel impairing toxin),Conidae,Conus,,Omega-conotoxin MVIIA,O17A_CONMA
P09385,ribosome-inactivating protein family|IC,PF00161 (RIP)|103.9,,KW-0002 (3D-structure);KW-1015 (Disulfide bond);KW-0378 (Hydrolase);KW-1254 (Modulation of host virulence by virus);KW-0652 (Protein synthesis inhibitor);KW-1185 (Reference proteome);KW-0964 (Secreted);KW-0732 (Signal);KW-0800 (Toxin);KW-1255 (Viral exotoxin);KW-0843 (Virulence),,Traversvirus,stxA2,Shiga-like toxin 2 subunit A,STXA_BP933
P09616,aerolysin family|IC,PF07968 (Leukocidin)|306.5,CL0636 (Leukocidin),KW-0002 (3D-structure);KW-0204 (Cytolysis);KW-0903 (Direct protein sequencing);KW-0354 (Hemolysis);KW-0964 (Secreted);KW-0732 (Signal);KW-0800 (Toxin);KW-0843 (Virulence),Staphylococcaceae,Staphylococcus,hly,Alpha-hemolysin,HLA_STAAU
P09983,RTX prokaryotic toxin (TC 1|IC,PF00353 (HemolysinCabind)|115.9;PF02382 (RTX)|309.1;PF08339 (RTX_C)|54.2,CL0592 (beta_Roll),KW-0106 (Calcium);KW-0204 (Cytolysis);KW-0903 (Direct protein sequencing);KW-0354 (Hemolysis);KW-1032 (Host cell membrane);KW-1043 (Host membrane);KW-0449 (Lipoprotein);KW-0472 (Membrane);KW-0519 (Myristate);KW-0677 (Repeat);KW-0964 (Secreted);KW-0800 (Toxin);KW-0812 (Transmembrane);KW-1133 (Transmembrane helix);KW-0843 (Virulence),Enterobacteriaceae,Escherichia,hlyA,"Hemolysin, chromosomal",HLYAC_ECOLX
P0C0J0,peptidase C10 family|IC,,,KW-0002 (3D-structure);KW-0068 (Autocatalytic cleavage);KW-0903 (Direct protein sequencing);KW-1035 (Host cytoplasm);KW-0378 (Hydrolase);KW-0488 (Methylation);KW-0645 (Protease);KW-0964 (Secreted);KW-0732 (Signal);KW-0788 (Thiol protease);KW-0800 (Toxin);KW-0843 (Virulence);KW-0865 (Zymogen),Streptococcaceae,Streptococcus,speB,Streptopain,SPEB_STRPY
P0C1R7,conotoxin A superfamily|IC,PF07365 (Toxin_8)|23.2,,KW-0002 (3D-structure);KW-0008 (Acetylcholine receptor inhibiting toxin);KW-0027 (Amidation);KW-0903 (Direct protein sequencing);KW-1015 (Disulfide bond);KW-0872 (Ion channel impairing toxin);KW-0528 (Neurotoxin);KW-0629 (Postsynaptic neurotoxin);KW-0964 (Secreted);KW-0800 (Toxin),Conidae,Conus,,Alpha-conotoxin OmIA,CA1A_CONOM
P0C248,O2 superfamily|IC,PF02950 (Conotoxin)|38.8,CL0083 (Omega_toxin),KW-0027 (Amidation);KW-0102 (Bromination);KW-0108 (Calcium channel impairing toxin);KW-0208 (D-amino acid);KW-0903 (Direct protein sequencing);KW-1015 (Disulfide bond);KW-0379 (Hydroxylation);KW-0872 (Ion channel impairing toxin);KW-0528 (Neurotoxin);KW-0964 (Secreted);KW-0732 (Signal);KW-0800 (Toxin);KW-1218 (Voltage-gated calcium channel impairing toxin),Conidae,Conus,,Contryphan-Am,COW_CONAA
P0C2D7,flavin monoamine oxidase family|IC,,,KW-0044 (Antibiotic);KW-0929 (Antimicrobial);KW-0053 (Apoptosis);KW-0204 (Cytolysis);KW-0903 (Direct protein sequencing);KW-1015 (Disulfide bond);KW-0274 (FAD);KW-0285 (Flavoprotein);KW-0325 (Glycoprotein);KW-0354 (Hemolysis);KW-1199 (Hemostasis impairing toxin);KW-0560 (Oxidoreductase);KW-1201 (Platelet aggregation inhibiting toxin);KW-0964 (Secreted);KW-0800 (Toxin),Viperidae,Vipera,,L-amino-acid oxidase,OXLA_VIPBB
P0C7B0,venom metalloproteinase (M12B) family|IC,PF00200 (Disintegrin)|71.8;PF01421 (Reprolysin)|196.3;PF01562 (Pep_M12B_propep)|59.9;PF08516 (ADAM_CR)|65.7,CL0126 (Peptidase_MA);CL0750 (ADAM_CR_sf),KW-0106 (Calcium);KW-1217 (Cell adhesion impairing toxin);KW-0903 (Direct protein sequencing);KW-1015 (Disulfide bond);KW-1206 (Fibrinogenolytic toxin);KW-0325 (Glycoprotein);KW-1200 (Hemorrhagic toxin);KW-1199 (Hemostasis impairing toxin);KW-0378 (Hydrolase);KW-0479 (Metal-binding);KW-0482 (Metalloprotease);KW-0645 (Protease);KW-0873 (Pyrrolidone carboxylic acid);KW-0964 (Secreted);KW-0732 (Signal);KW-0800 (Toxin);KW-0862 (Zinc);KW-0865 (Zymogen),Viperidae,Gloydius,,Zinc metalloproteinase-disintegrin-like brevilysin H6,VM3H6_GLOBR
P0C7B1,venom metalloproteinase (M12B) family|IC,,,KW-1217 (Cell adhesion impairing toxin);KW-0903 (Direct protein sequencing);KW-0325 (Glycoprotein);KW-1199 (Hemostasis impairing toxin);KW-0378 (Hydrolase);KW-0479 (Metal-binding);KW-0482 (Metalloprotease);KW-1201 (Platelet aggregation inhibiting toxin);KW-0645 (Protease);KW-0964 (Secreted);KW-0800 (Toxin);KW-0862 (Zinc),Viperidae,Bothrops,,Zinc metalloproteinase-disintegrin-like BaG,VM3BG_BOTAL
P0C8G7,tectonin family|IC,PF19193 (Tectonin)|61.6,CL0186 (Beta_propeller),KW-0903 (Direct protein sequencing);KW-1015 (Disulfide bond);KW-0260 (Enterotoxin);KW-0325 (Glycoprotein);KW-0348 (Hemagglutinin);KW-0430 (Lectin);KW-0449 (Lipoprotein);KW-0472 (Membrane);KW-0528 (Neurotoxin);KW-0964 (Secreted);KW-0732 (Signal);KW-0758 (Storage protein);KW-1052 (Target cell membrane);KW-1053 (Target membrane);KW-0800 (Toxin),Ampullariidae,Pomacea,,Perivitellin-2 31 kDa subunit,PV22_POMCA
P0CAR9,phospholipase A2 family|IC,PF00068 (Phospholip_A2_1)|106.2,CL0629 (PLA2),KW-0037 (Angiogenesis);KW-1203 (Blood coagulation cascade inhibiting toxin);KW-0106 (Calcium);KW-0903 (Direct protein sequencing);KW-1015 (Disulfide bond);KW-0325 (Glycoprotein);KW-1199 (Hemostasis impairing toxin);KW-0378 (Hydrolase);KW-0442 (Lipid degradation);KW-0443 (Lipid metabolism);KW-0479 (Metal-binding);KW-1201 (Platelet aggregation inhibiting toxin);KW-0964 (Secreted);KW-0732 (Signal);KW-0800 (Toxin),Viperidae,Cerastes,,Acidic phospholipase A2 CC-PLA2-1,PA2A1_CERCE
P0CAS0,phospholipase A2 family|IC,PF00068 (Phospholip_A2_1)|83.3,CL0629 (PLA2),KW-0037 (Angiogenesis);KW-1203 (Blood coagulation cascade inhibiting toxin);KW-0106 (Calcium);KW-0903 (Direct protein sequencing);KW-1015 (Disulfide bond);KW-0325 (Glycoprotein);KW-1199 (Hemostasis impairing toxin);KW-0378 (Hydrolase);KW-0442 (Lipid degradation);KW-0443 (Lipid metabolism);KW-0479 (Metal-binding);KW-1201 (Platelet aggregation inhibiting toxin);KW-0964 (Secreted);KW-0732 (Signal);KW-0800 (Toxin),Viperidae,Cerastes,,Acidic phospholipase A2 CC-PLA2-2,PA2A2_CERCE
P0CAS2,phospholipase A2 family|IC,PF00068 (Phospholip_A2_1)|117.7,CL0629 (PLA2),KW-0106 (Calcium);KW-0903 (Direct protein sequencing);KW-1015 (Disulfide bond);KW-0378 (Hydrolase);KW-0442 (Lipid degradation);KW-0443 (Lipid metabolism);KW-0479 (Metal-binding);KW-0528 (Neurotoxin);KW-0638 (Presynaptic neurotoxin);KW-0964 (Secreted);KW-0800 (Toxin),Viperidae,Crotalus,,Phospholipase A2 crotoxin basic chain,PA2B6_CRODU
P0CC17,flavin monoamine oxidase family|IC,PF01593 (Amino_oxidase)|283.7,CL0063 (NADP_Rossmann),KW-0002 (3D-structure);KW-0044 (Antibiotic);KW-0929 (Antimicrobial);KW-0053 (Apoptosis);KW-0204 (Cytolysis);KW-0903 (Direct protein sequencing);KW-1015 (Disulfide bond);KW-0274 (FAD);KW-0285 (Flavoprotein);KW-0325 (Glycoprotein);KW-0354 (Hemolysis);KW-1199 (Hemostasis impairing toxin);KW-0479 (Metal-binding);KW-0560 (Oxidoreductase);KW-1202 (Platelet aggregation activating toxin);KW-0964 (Secreted);KW-0732 (Signal);KW-0800 (Toxin);KW-0862 (Zinc),Viperidae,Bothrops,,L-amino-acid oxidase,OXLA_BOTAT
P0CE79,arthropod phospholipase D family|IC,PF13653 (GDPD_2)|43.1,CL0036 (TIM_barrel),KW-0204 (Cytolysis);KW-1061 (Dermonecrotic toxin);KW-1015 (Disulfide bond);KW-0325 (Glycoprotein);KW-0354 (Hemolysis);KW-0442 (Lipid degradation);KW-0443 (Lipid metabolism);KW-0456 (Lyase);KW-0460 (Magnesium);KW-0479 (Metal-binding);KW-0964 (Secreted);KW-0732 (Signal);KW-0800 (Toxin);KW-0865 (Zymogen),Sicariidae,Loxosceles,,Dermonecrotic toxin LrSicTox-alphaIA1ii,A1H2_LOXRE
P0CE81,arthropod phospholipase D family|IC,PF13653 (GDPD_2)|41.1,CL0036 (TIM_barrel),KW-0204 (Cytolysis);KW-1061 (Dermonecrotic toxin);KW-0903 (Direct protein sequencing);KW-1015 (Disulfide bond);KW-0354 (Hemolysis);KW-0442 (Lipid degradation);KW-0443 (Lipid metabolism);KW-0456 (Lyase);KW-0460 (Magnesium);KW-0479 (Metal-binding);KW-0964 (Secreted);KW-0732 (Signal);KW-0800 (Toxin);KW-0865 (Zymogen),Sicariidae,Loxosceles,,Dermonecrotic toxin LiSicTox-alphaIA1bi,A1HB1_LOXIN
P0CG56,phospholipase A2 family|IC,PF00068 (Phospholip_A2_1)|117.2,CL0629 (PLA2),KW-0002 (3D-structure);KW-1203 (Blood coagulation cascade inhibiting toxin);KW-0106 (Calcium);KW-0903 (Direct protein sequencing);KW-1015 (Disulfide bond);KW-1199 (Hemostasis impairing toxin);KW-0378 (Hydrolase);KW-0872 (Ion channel impairing toxin);KW-0479 (Metal-binding);KW-0582 (Pharmaceutical);KW-0964 (Secreted);KW-0800 (Toxin),Viperidae,Crotalus,,Phospholipase A2 crotoxin basic subunit CBb,PA2BB_CRODU
P0CH24,conotoxin A superfamily|IC,,,KW-0165 (Cleavage on pair of basic residues);KW-0208 (D-amino acid);KW-0903 (Direct protein sequencing);KW-0379 (Hydroxylation);KW-0872 (Ion channel impairing toxin);KW-1028 (Ionotropic glutamate receptor inhibitor);KW-0528 (Neurotoxin);KW-0629 (Postsynaptic neurotoxin);KW-0964 (Secreted);KW-0732 (Signal);KW-0800 (Toxin),Conidae,Conus,,Conopeptide-Ac1,CA1_CONAH
P0CH90,sea anemone sodium channel inhibitory toxin family|IC,PF00706 (Toxin_4)|77.9,CL0075 (Defensin),KW-0025 (Alternative splicing);KW-0165 (Cleavage on pair of basic residues);KW-1015 (Disulfide bond);KW-0872 (Ion channel impairing toxin);KW-0528 (Neurotoxin);KW-1185 (Reference proteome);KW-0964 (Secreted);KW-0732 (Signal);KW-0800 (Toxin);KW-0738 (Voltage-gated sodium channel impairing toxin),Edwardsiidae,Nematostella,,N.vectensis toxin 1 4,NA237_NEMVE
P0CY66,conotoxin O1 superfamily|IC,,,KW-0002 (3D-structure);KW-0027 (Amidation);KW-0108 (Calcium channel impairing toxin);KW-1015 (Disulfide bond);KW-0872 (Ion channel impairing toxin);KW-0960 (Knottin);KW-0528 (Neurotoxin);KW-0964 (Secreted);KW-0732 (Signal);KW-0800 (Toxin);KW-1218 (Voltage-gated calcium channel impairing toxin),Conidae,Conus,,Omega-conotoxin Bu8,O168_CONBU
P0DI88,flavin monoamine oxidase family|IC,,,KW-0044 (Antibiotic);KW-0929 (Antimicrobial);KW-0053 (Apoptosis);KW-0204 (Cytolysis);KW-0903 (Direct protein sequencing);KW-1015 (Disulfide bond);KW-0274 (FAD);KW-0285 (Flavoprotein);KW-0325 (Glycoprotein);KW-0354 (Hemolysis);KW-1199 (Hemostasis impairing toxin);KW-0560 (Oxidoreductase);KW-0964 (Secreted);KW-0800 (Toxin),Viperidae,Bothrops,,L-amino-acid oxidase,OXLA_BOTJA
P0DJG3,peptidase S1 family|SAM,PF00089 (Trypsin)|65.0,CL0124 (Peptidase_PA),KW-1204 (Blood coagulation cascade activating toxin);KW-0903 (Direct protein sequencing);KW-1015 (Disulfide bond);KW-1206 (Fibrinogenolytic toxin);KW-0325 (Glycoprotein);KW-1199 (Hemostasis impairing toxin);KW-0378 (Hydrolase);KW-1202 (Platelet aggregation activating toxin);KW-0645 (Protease);KW-0964 (Secreted);KW-0720 (Serine protease);KW-0730 (Sialic acid);KW-0800 (Toxin),Viperidae,Bothrocophias,,Thrombin-like enzyme TLBan,VSP1_BOTAN
P0DJG7,peptidase S1 family|SAM,,,KW-1204 (Blood coagulation cascade activating toxin);KW-0903 (Direct protein sequencing);KW-1015 (Disulfide bond);KW-0325 (Glycoprotein);KW-1199 (Hemostasis impairing toxin);KW-0378 (Hydrolase);KW-0645 (Protease);KW-0964 (Secreted);KW-0720 (Serine protease);KW-0800 (Toxin),Viperidae,Deinagkistrodon,,Thrombin-like enzyme acutobin-2,VSP2_DEIAC
P0DJH3,venom metalloproteinase (M12B) family|IC,,,KW-0106 (Calcium);KW-1217 (Cell adhesion impairing toxin);KW-0903 (Direct protein sequencing);KW-1015 (Disulfide bond);KW-0325 (Glycoprotein);KW-1199 (Hemostasis impairing toxin);KW-0378 (Hydrolase);KW-0479 (Metal-binding);KW-0482 (Metalloprotease);KW-1201 (Platelet aggregation inhibiting toxin);KW-0645 (Protease);KW-0964 (Secreted);KW-0800 (Toxin);KW-0862 (Zinc);KW-0865 (Zymogen),Viperidae,Deinagkistrodon,,Zinc metalloproteinase-disintegrin-like AAV1,VMP3A_DEIAC
P0DJN6,phospholipase A2 family|IC,PF00068 (Phospholip_A2_1)|115.6,CL0629 (PLA2),KW-0106 (Calcium);KW-0903 (Direct protein sequencing);KW-1015 (Disulfide bond);KW-0378 (Hydrolase);KW-0442 (Lipid degradation);KW-0443 (Lipid metabolism);KW-0479 (Metal-binding);KW-0528 (Neurotoxin);KW-0638 (Presynaptic neurotoxin);KW-0964 (Secreted);KW-0732 (Signal);KW-0800 (Toxin),Viperidae,Crotalus,,Basic phospholipase A2 canebraxin B,PA2BB_CROHD
P0DL39,conotoxin A superfamily|IC,,,KW-0002 (3D-structure);KW-0008 (Acetylcholine receptor inhibiting toxin);KW-0903 (Direct protein sequencing);KW-1015 (Disulfide bond);KW-0872 (Ion channel impairing toxin);KW-0528 (Neurotoxin);KW-0629 (Postsynaptic neurotoxin);KW-0964 (Secreted);KW-0800 (Toxin),Conidae,Conus,,Alpha-conotoxin AusIA,CA1A_CONAV
P0DL72,neurotoxin 10 (Hwtx-1) family|IC,,,KW-0002 (3D-structure);KW-0027 (Amidation);KW-0108 (Calcium channel impairing toxin);KW-0903 (Direct protein sequencing);KW-1015 (Disulfide bond);KW-0872 (Ion channel impairing toxin);KW-0960 (Knottin);KW-0528 (Neurotoxin);KW-0964 (Secreted);KW-0800 (Toxin);KW-1218 (Voltage-gated calcium channel impairing toxin);KW-0738 (Voltage-gated sodium channel impairing toxin),Theraphosidae,Grammostola,,Toxin GTx1-15,TX15_GRAPO
P0DM90,venom metalloproteinase (M12B) family|IC,PF00200 (Disintegrin)|75.8;PF01421 (Reprolysin)|209.7;PF08516 (ADAM_CR)|54.9,CL0126 (Peptidase_MA);CL0750 (ADAM_CR_sf),KW-0903 (Direct protein sequencing);KW-1015 (Disulfide bond);KW-1206 (Fibrinogenolytic toxin);KW-0325 (Glycoprotein);KW-1199 (Hemostasis impairing toxin);KW-0378 (Hydrolase);KW-0479 (Metal-binding);KW-0873 (Pyrrolidone carboxylic acid);KW-0964 (Secreted);KW-0800 (Toxin);KW-0862 (Zinc),Viperidae,Gloydius,,Zinc metalloproteinase-disintegrin-like brevilysin H2b,VM32B_GLOBR
P0DPI1,peptidase M27 family|IC,PF01742 (Peptidase_M27)|763.5;PF07951 (Toxin_R_bind_C)|359.4;PF07952 (Toxin_trans)|611.6;PF07953 (Toxin_R_bind_N)|214.8,CL0004 (Concanavalin);CL0066 (Trefoil);CL0126 (Peptidase_MA),KW-0002 (3D-structure);KW-0903 (Direct protein sequencing);KW-1015 (Disulfide bond);KW-1032 (Host cell membrane);KW-1035 (Host cytoplasm);KW-1036 (Host cytoplasmic vesicle);KW-1043 (Host membrane);KW-1051 (Host synapse);KW-0378 (Hydrolase);KW-0472 (Membrane);KW-0479 (Metal-binding);KW-0482 (Metalloprotease);KW-0528 (Neurotoxin);KW-0582 (Pharmaceutical);KW-0645 (Protease);KW-1185 (Reference proteome);KW-0964 (Secreted);KW-0800 (Toxin);KW-0812 (Transmembrane);KW-1133 (Transmembrane helix);KW-0843 (Virulence);KW-0862 (Zinc),Clostridiaceae,Clostridium,botA,Botulinum neurotoxin type A,BXA1_CLOBH
P0DQH9,flavin monoamine oxidase family|IC,,,KW-0044 (Antibiotic);KW-0929 (Antimicrobial);KW-0204 (Cytolysis);KW-0903 (Direct protein sequencing);KW-1015 (Disulfide bond);KW-0274 (FAD);KW-0285 (Flavoprotein);KW-0325 (Glycoprotein);KW-0354 (Hemolysis);KW-1199 (Hemostasis impairing toxin);KW-0560 (Oxidoreductase);KW-1201 (Platelet aggregation inhibiting toxin);KW-0964 (Secreted);KW-0800 (Toxin),Viperidae,Cerastes,,L-amino acid oxidase,OXLAB_CERCE
P0DRJ7,peptidase S1 family|SAM,PF00089 (Trypsin)|131.3,CL0124 (Peptidase_PA),KW-0903 (Direct protein sequencing);KW-1015 (Disulfide bond);KW-0325 (Glycoprotein);KW-0378 (Hydrolase);KW-0382 (Hypotensive agent);KW-0645 (Protease);KW-0964 (Secreted);KW-0720 (Serine protease);KW-0800 (Toxin),Viperidae,Lachesis,,Kallikrein-like enzyme LV-Ka,VSPKA_LACMU
P0DSK3,formicidae venom precursor-01 superfamily|IC,PF17499 (Pilosulin)|109.8,,KW-0903 (Direct protein sequencing);KW-0325 (Glycoprotein);KW-0472 (Membrane);KW-0528 (Neurotoxin);KW-0964 (Secreted);KW-0732 (Signal);KW-1052 (Target cell membrane);KW-1053 (Target membrane);KW-0800 (Toxin),Formicidae,Myrmecia,,U-myrmeciitoxin(01)-Mg7a,TX17A_MYRGU
P0DUB4,clostridial glucosylating toxin (LCGT) family|IC,PF01473 (Choline_bind_1)|85.3;PF11713 (Peptidase_C80)|133.9;PF12918 (TcdB_N)|53.9;PF12919 (TcdA_TcdB)|458.2;PF12920 (TcdA_TcdB_pore)|704.4;PF19127 (Choline_bind_3)|132.6,CL0093 (Peptidase_CD);CL0110 (GT-A);CL0694 (Choline_binding),KW-0002 (3D-structure);KW-0068 (Autocatalytic cleavage);KW-0328 (Glycosyltransferase);KW-1032 (Host cell membrane);KW-1035 (Host cytoplasm);KW-1039 (Host endosome);KW-1043 (Host membrane);KW-0378 (Hydrolase);KW-0446 (Lipid-binding);KW-0460 (Magnesium);KW-0464 (Manganese);KW-0472 (Membrane);KW-0479 (Metal-binding);KW-0645 (Protease);KW-0677 (Repeat);KW-0964 (Secreted);KW-0788 (Thiol protease);KW-0800 (Toxin);KW-0808 (Transferase);KW-0843 (Virulence);KW-0862 (Zinc),Peptostreptococcaceae,Paraclostridium,tcsL,Cytotoxin-L,TCSL2_PARSO
P0DUN1,phospholipase A2 family|IC,PF00068 (Phospholip_A2_1)|110.2,CL0629 (PLA2),KW-0106 (Calcium);KW-0903 (Direct protein sequencing);KW-1015 (Disulfide bond);KW-0378 (Hydrolase);KW-0479 (Metal-binding);KW-0959 (Myotoxin);KW-0964 (Secreted);KW-0800 (Toxin),Viperidae,Bothrocophias,,Basic myotoxic phospholipase A2 PhTX-II,PA22_BOTHY
P0DV78,flavin monoamine oxidase family|IC,,,KW-0044 (Antibiotic);KW-0929 (Antimicrobial);KW-0053 (Apoptosis);KW-0204 (Cytolysis);KW-0903 (Direct protein sequencing);KW-1015 (Disulfide bond);KW-0274 (FAD);KW-0285 (Flavoprotein);KW-0325 (Glycoprotein);KW-0354 (Hemolysis);KW-1199 (Hemostasis impairing toxin);KW-0547 (Nucleotide-binding);KW-0560 (Oxidoreductase);KW-0964 (Secreted);KW-0800 (Toxin),Viperidae,Bothrops,,L-amino-acid oxidase BjussuLAAO-II,OXLA2_BOTJR
P0DYB0,short scorpion toxin superfamily|IC,,,KW-0165 (Cleavage on pair of basic residues);KW-1015 (Disulfide bond);KW-0964 (Secreted);KW-0732 (Signal);KW-0800 (Toxin),Hemiscorpiidae,Liocheles,,LaIT5,KKX22_LIOAU
P14420,phospholipase A2 family|IC,PF00068 (Phospholip_A2_1)|116.5,CL0629 (PLA2),KW-0002 (3D-structure);KW-0106 (Calcium);KW-0204 (Cytolysis);KW-0903 (Direct protein sequencing);KW-1015 (Disulfide bond);KW-0354 (Hemolysis);KW-1199 (Hemostasis impairing toxin);KW-0378 (Hydrolase);KW-0442 (Lipid degradation);KW-0443 (Lipid metabolism);KW-0479 (Metal-binding);KW-0528 (Neurotoxin);KW-1201 (Platelet aggregation inhibiting toxin);KW-0629 (Postsynaptic neurotoxin);KW-0964 (Secreted);KW-0800 (Toxin),Viperidae,Vipera,,Basic phospholipase A2 vipoxin B chain,PA2B_VIPAE
P14424,phospholipase A2 family|IC,PF00068 (Phospholip_A2_1)|119.8,CL0629 (PLA2),KW-1203 (Blood coagulation cascade inhibiting toxin);KW-0106 (Calcium);KW-0903 (Direct protein sequencing);KW-1015 (Disulfide bond);KW-1199 (Hemostasis impairing toxin);KW-1035 (Host cytoplasm);KW-0378 (Hydrolase);KW-0442 (Lipid degradation);KW-0443 (Lipid metabolism);KW-0479 (Metal-binding);KW-0528 (Neurotoxin);KW-0638 (Presynaptic neurotoxin);KW-0964 (Secreted);KW-0732 (Signal);KW-0800 (Toxin),Viperidae,Vipera,,Basic phospholipase A2 ammodytoxin B,PA2BB_VIPAA
P16341,short scorpion toxin superfamily|IC,PF00451 (Toxin_2)|28.3,CL0054 (Knottin_1),KW-0002 (3D-structure);KW-0027 (Amidation);KW-1221 (Calcium-activated potassium channel impairing toxin);KW-0903 (Direct protein sequencing);KW-1015 (Disulfide bond);KW-0872 (Ion channel impairing toxin);KW-0528 (Neurotoxin);KW-0632 (Potassium channel impairing toxin);KW-0964 (Secreted);KW-0800 (Toxin),Buthidae,Leiurus,,Potassium channel toxin alpha-KTx 5.1,KAX51_LEIHE
P17935,phospholipase A2 family|IC,PF00068 (Phospholip_A2_1)|118.2,CL0629 (PLA2),KW-0002 (3D-structure);KW-0903 (Direct protein sequencing);KW-1015 (Disulfide bond);KW-0959 (Myotoxin);KW-0528 (Neurotoxin);KW-0638 (Presynaptic neurotoxin);KW-0964 (Secreted);KW-0732 (Signal);KW-0800 (Toxin),Viperidae,Vipera,,Basic phospholipase A2 homolog ammodytin L,PA2HL_VIPAA
P18153,PBP/GOBP family|IC,PF01395 (PBP_GOBP)|57.5,CL0803 (PBP_GOBP),KW-0002 (3D-structure);KW-0020 (Allergen);KW-0025 (Alternative splicing);KW-0930 (Antiviral protein);KW-1015 (Disulfide bond);KW-1199 (Hemostasis impairing toxin);KW-1201 (Platelet aggregation inhibiting toxin);KW-1185 (Reference proteome);KW-0964 (Secreted);KW-0732 (Signal);KW-0800 (Toxin);KW-0838 (Vasoactive);KW-0840 (Vasodilator),Culicidae,Aedes,D7,Long form salivary protein D7L1,D7L1_AEDAE
P19321,peptidase M27 family|IC,PF01742 (Peptidase_M27)|344.5;PF07951 (Toxin_R_bind_C)|32.1;PF07952 (Toxin_trans)|328.0;PF07953 (Toxin_R_bind_N)|133.7,CL0004 (Concanavalin);CL0066 (Trefoil);CL0126 (Peptidase_MA),KW-0002 (3D-structure);KW-0903 (Direct protein sequencing);KW-1015 (Disulfide bond);KW-0378 (Hydrolase);KW-0446 (Lipid-binding);KW-0479 (Metal-binding);KW-0482 (Metalloprotease);KW-0528 (Neurotoxin);KW-0645 (Protease);KW-0964 (Secreted);KW-0800 (Toxin);KW-0843 (Virulence);KW-0862 (Zinc),,,botD,Botulinum neurotoxin type D,BXD_CBDP
P20164,venom metalloproteinase (M12B) family|IC,PF00200 (Disintegrin)|69.1;PF01421 (Reprolysin)|199.8;PF01562 (Pep_M12B_propep)|61.7;PF08516 (ADAM_CR)|63.1,CL0126 (Peptidase_MA);CL0750 (ADAM_CR_sf),KW-0106 (Calcium);KW-1217 (Cell adhesion impairing toxin);KW-0903 (Direct protein sequencing);KW-1015 (Disulfide bond);KW-0325 (Glycoprotein);KW-1200 (Hemorrhagic toxin);KW-1199 (Hemostasis impairing toxin);KW-0378 (Hydrolase);KW-0479 (Metal-binding);KW-0482 (Metalloprotease);KW-1201 (Platelet aggregation inhibiting toxin);KW-0645 (Protease);KW-0873 (Pyrrolidone carboxylic acid);KW-0964 (Secreted);KW-0732 (Signal);KW-0800 (Toxin);KW-0862 (Zinc);KW-0865 (Zymogen),Viperidae,Protobothrops,,Zinc metalloproteinase-disintegrin-like HR1b,VM3HB_PROFL
P23807,snaclec family|IC,PF00059 (Lectin_C)|62.4,CL0056 (C_Lectin),KW-0002 (3D-structure);KW-1203 (Blood coagulation cascade inhibiting toxin);KW-0106 (Calcium);KW-0903 (Direct protein sequencing);KW-1015 (Disulfide bond);KW-1199 (Hemostasis impairing toxin);KW-0479 (Metal-binding);KW-0964 (Secreted);KW-0732 (Signal);KW-0800 (Toxin),Viperidae,Protobothrops,,Snaclec coagulation factor IX/factor X-binding protein subunit B,SL9B_PROFL
P24027,phospholipase A2 family|IC,PF00068 (Phospholip_A2_1)|117.0,CL0629 (PLA2),KW-0002 (3D-structure);KW-1203 (Blood coagulation cascade inhibiting toxin);KW-0106 (Calcium);KW-0903 (Direct protein sequencing);KW-1015 (Disulfide bond);KW-1199 (Hemostasis impairing toxin);KW-0378 (Hydrolase);KW-0872 (Ion channel impairing toxin);KW-0442 (Lipid degradation);KW-0443 (Lipid metabolism);KW-0479 (Metal-binding);KW-0528 (Neurotoxin);KW-0582 (Pharmaceutical);KW-0638 (Presynaptic neurotoxin);KW-0964 (Secreted);KW-0732 (Signal);KW-0800 (Toxin),Viperidae,Crotalus,,Phospholipase A2 crotoxin basic chain CBa2,PA2BA_CRODU
P28375,three-finger toxin family|IC,,,KW-0002 (3D-structure);KW-1217 (Cell adhesion impairing toxin);KW-0903 (Direct protein sequencing);KW-1015 (Disulfide bond);KW-1199 (Hemostasis impairing toxin);KW-1201 (Platelet aggregation inhibiting toxin);KW-0964 (Secreted);KW-0800 (Toxin),Elapidae,Dendroaspis,,Dendroaspin,3SPM_DENJA
P28879,conotoxin A superfamily|IC,PF07365 (Toxin_8)|63.2,,KW-0002 (3D-structure);KW-0008 (Acetylcholine receptor inhibiting toxin);KW-0903 (Direct protein sequencing);KW-1015 (Disulfide bond);KW-0872 (Ion channel impairing toxin);KW-0528 (Neurotoxin);KW-0629 (Postsynaptic neurotoxin);KW-0964 (Secreted);KW-0732 (Signal);KW-0800 (Toxin),Conidae,Conus,,Alpha-conotoxin SII,CAS2_CONST
P28891,venom metalloproteinase (M12B) family|IC,PF01421 (Reprolysin)|221.6,CL0126 (Peptidase_MA),KW-0903 (Direct protein sequencing);KW-1015 (Disulfide bond);KW-1205 (Fibrinolytic toxin);KW-1199 (Hemostasis impairing toxin);KW-0378 (Hydrolase);KW-0479 (Metal-binding);KW-0482 (Metalloprotease);KW-0582 (Pharmaceutical);KW-0645 (Protease);KW-0873 (Pyrrolidone carboxylic acid);KW-0964 (Secreted);KW-0800 (Toxin);KW-0862 (Zinc),Viperidae,Agkistrodon,,Snake venom metalloproteinase fibrolase,VM1F_AGKCO
P29187,sea anemone type 1 potassium channel toxin family|IC,,,KW-0002 (3D-structure);KW-0044 (Antibiotic);KW-0929 (Antimicrobial);KW-0903 (Direct protein sequencing);KW-1015 (Disulfide bond);KW-0872 (Ion channel impairing toxin);KW-0166 (Nematocyst);KW-0528 (Neurotoxin);KW-0582 (Pharmaceutical);KW-0632 (Potassium channel impairing toxin);KW-0964 (Secreted);KW-0800 (Toxin);KW-1220 (Voltage-gated potassium channel impairing toxin),Stichodactylidae,Stichodactyla,,Kappa-stichotoxin-She3a,K1A_STIHL
P33183,In the N-terminal section|IC,PF00161 (RIP)|164.1;PF00652 (Ricin_B_lectin)|161.9,CL0066 (Trefoil),KW-0002 (3D-structure);KW-0903 (Direct protein sequencing);KW-1015 (Disulfide bond);KW-0325 (Glycoprotein);KW-0378 (Hydrolase);KW-0430 (Lectin);KW-0611 (Plant defense);KW-0652 (Protein synthesis inhibitor);KW-0677 (Repeat);KW-0732 (Signal);KW-0800 (Toxin),Adoxaceae,Sambucus,,Nigrin b,NIGB_SAMNI
P40136,adenylyl cyclase class-2 family|IC,PF03497 (Anthrax_toxA)|161.2;PF07737 (ATLF)|148.1;PF20850 (EF_HD)|377.2,CL0126 (Peptidase_MA),KW-0002 (3D-structure);KW-0067 (ATP-binding);KW-0106 (Calcium);KW-0112 (Calmodulin-binding);KW-0115 (cAMP biosynthesis);KW-0903 (Direct protein sequencing);KW-1035 (Host cytoplasm);KW-0456 (Lyase);KW-0460 (Magnesium);KW-0479 (Metal-binding);KW-0547 (Nucleotide-binding);KW-0614 (Plasmid);KW-1185 (Reference proteome);KW-0964 (Secreted);KW-0732 (Signal);KW-0800 (Toxin);KW-0843 (Virulence),Bacillaceae,Bacillus,cya,Calmodulin-sensitive adenylate cyclase,CYAA_BACAN
P45881,phospholipase A2 family|IC,PF00068 (Phospholip_A2_1)|120.3,CL0629 (PLA2),KW-0002 (3D-structure);KW-1203 (Blood coagulation cascade inhibiting toxin);KW-0903 (Direct protein sequencing);KW-1015 (Disulfide bond);KW-1199 (Hemostasis impairing toxin);KW-0959 (Myotoxin);KW-0582 (Pharmaceutical);KW-0964 (Secreted);KW-0732 (Signal);KW-0800 (Toxin),Viperidae,Bothrops,,Basic phospholipase A2 homolog bothropstoxin-II,PA2B2_BOTJR
P50983,conotoxin A superfamily|IC,,,KW-0002 (3D-structure);KW-0008 (Acetylcholine receptor inhibiting toxin);KW-0027 (Amidation);KW-0165 (Cleavage on pair of basic residues);KW-0903 (Direct protein sequencing);KW-1015 (Disulfide bond);KW-0872 (Ion channel impairing toxin);KW-0528 (Neurotoxin);KW-0629 (Postsynaptic neurotoxin);KW-0964 (Secreted);KW-0800 (Toxin),Conidae,Conus,,Alpha-conotoxin ImI,CA1_CONIM
P56207,neurotoxin 08 (Shiva) family|IC,PF06357 (Omega-toxin)|95.5,CL0083 (Omega_toxin),KW-0002 (3D-structure);KW-0108 (Calcium channel impairing toxin);KW-0903 (Direct protein sequencing);KW-1015 (Disulfide bond);KW-0872 (Ion channel impairing toxin);KW-0960 (Knottin);KW-0528 (Neurotoxin);KW-0964 (Secreted);KW-0800 (Toxin);KW-1218 (Voltage-gated calcium channel impairing toxin),Hexathelidae,Hadronyche,,Omega-hexatoxin-Hv1a,TO1A_HADVE
P58604,neurotoxin 19 (CSTX) family|IC,PF10530 (Toxin_35)|59.7,CL0083 (Omega_toxin),KW-0108 (Calcium channel impairing toxin);KW-0903 (Direct protein sequencing);KW-1015 (Disulfide bond);KW-0872 (Ion channel impairing toxin);KW-0960 (Knottin);KW-0472 (Membrane);KW-0528 (Neurotoxin);KW-0964 (Secreted);KW-0732 (Signal);KW-1052 (Target cell membrane);KW-1053 (Target membrane);KW-0800 (Toxin);KW-1218 (Voltage-gated calcium channel impairing toxin),Ctenidae,Cupiennius,,Toxin CSTX-9,TXC9A_CUPSA
P58786,O2 superfamily|IC,PF02950 (Conotoxin)|40.7,CL0083 (Omega_toxin),KW-0002 (3D-structure);KW-0027 (Amidation);KW-0102 (Bromination);KW-0208 (D-amino acid);KW-0903 (Direct protein sequencing);KW-1015 (Disulfide bond);KW-0379 (Hydroxylation);KW-0872 (Ion channel impairing toxin);KW-0528 (Neurotoxin);KW-0964 (Secreted);KW-0732 (Signal);KW-0800 (Toxin),Conidae,Conus,,Contryphan-R,COW_CONRA
P58806,conotoxin B superfamily|IC,,,KW-0106 (Calcium);KW-0903 (Direct protein sequencing);KW-1015 (Disulfide bond);KW-0301 (Gamma-carboxyglutamic acid);KW-0872 (Ion channel impairing toxin);KW-1028 (Ionotropic glutamate receptor inhibitor);KW-0460 (Magnesium);KW-0479 (Metal-binding);KW-0528 (Neurotoxin);KW-0629 (Postsynaptic neurotoxin);KW-0964 (Secreted);KW-0732 (Signal);KW-0800 (Toxin),Conidae,Conus,,Conantokin-R,CKR_CONRA
P60590,neurotoxin 10 (Hwtx-1) family|IC,PF07740 (Toxin_12)|33.9,CL0083 (Omega_toxin),KW-0002 (3D-structure);KW-0027 (Amidation);KW-0108 (Calcium channel impairing toxin);KW-0903 (Direct protein sequencing);KW-1015 (Disulfide bond);KW-0872 (Ion channel impairing toxin);KW-0960 (Knottin);KW-0528 (Neurotoxin);KW-0632 (Potassium channel impairing toxin);KW-0964 (Secreted);KW-0732 (Signal);KW-0800 (Toxin);KW-1218 (Voltage-gated calcium channel impairing toxin);KW-1220 (Voltage-gated potassium channel impairing toxin);KW-0738 (Voltage-gated sodium channel impairing toxin),Theraphosidae,Grammostola,,Omega-theraphotoxin-Gr1a,WGRTX_GRARO
P60770,three-finger toxin family|IC,PF21947 (Toxin_cobra-type)|54.7,CL0117 (uPAR_Ly6_toxin),KW-0002 (3D-structure);KW-0008 (Acetylcholine receptor inhibiting toxin);KW-0903 (Direct protein sequencing);KW-1015 (Disulfide bond);KW-0872 (Ion channel impairing toxin);KW-0528 (Neurotoxin);KW-0582 (Pharmaceutical);KW-0629 (Postsynaptic neurotoxin);KW-0964 (Secreted);KW-0732 (Signal);KW-0800 (Toxin),Elapidae,Naja,,Cobrotoxin,3S1CB_NAJAT
P61507,cationic peptide 04 (cupiennin) family|IC,,,KW-0027 (Amidation);KW-0044 (Antibiotic);KW-0929 (Antimicrobial);KW-0204 (Cytolysis);KW-0903 (Direct protein sequencing);KW-0354 (Hemolysis);KW-0406 (Ion transport);KW-0472 (Membrane);KW-0528 (Neurotoxin);KW-0964 (Secreted);KW-1052 (Target cell membrane);KW-1053 (Target membrane);KW-0800 (Toxin);KW-0812 (Transmembrane);KW-0813 (Transport),Lycosidae,Hogna,,M-lycotoxin-Hc1a,LYT1_HOGCA
P62903,O2 superfamily|IC,PF02950 (Conotoxin)|42.3,CL0083 (Omega_toxin),KW-0027 (Amidation);KW-0108 (Calcium channel impairing toxin);KW-0208 (D-amino acid);KW-0903 (Direct protein sequencing);KW-1015 (Disulfide bond);KW-0301 (Gamma-carboxyglutamic acid);KW-0872 (Ion channel impairing toxin);KW-0479 (Metal-binding);KW-0528 (Neurotoxin);KW-0964 (Secreted);KW-0732 (Signal);KW-0800 (Toxin);KW-1218 (Voltage-gated calcium channel impairing toxin),Conidae,Conus,,Glacontryphan-M,COW_CONMR
P81165,phospholipase A2 family|IC,PF00068 (Phospholip_A2_1)|109.5,CL0629 (PLA2),KW-0002 (3D-structure);KW-0903 (Direct protein sequencing);KW-1015 (Disulfide bond);KW-0959 (Myotoxin);KW-0964 (Secreted);KW-0800 (Toxin),Viperidae,Cerrophidion,,Basic phospholipase A2 homolog GodMT-II,PA2H2_CERGO
P81428,peptidase S1 family|SAM,PF00008 (EGF)|32.0;PF00089 (Trypsin)|201.7;PF00594 (Gla)|72.7;PF14670 (FXa_inhibition)|35.9,CL0001 (EGF);CL0124 (Peptidase_PA),KW-1204 (Blood coagulation cascade activating toxin);KW-0106 (Calcium);KW-0165 (Cleavage on pair of basic residues);KW-0903 (Direct protein sequencing);KW-1015 (Disulfide bond);KW-0245 (EGF-like domain);KW-0301 (Gamma-carboxyglutamic acid);KW-0325 (Glycoprotein);KW-1199 (Hemostasis impairing toxin);KW-0378 (Hydrolase);KW-0645 (Protease);KW-0655 (Prothrombin activator);KW-0677 (Repeat);KW-0964 (Secreted);KW-0720 (Serine protease);KW-0730 (Sialic acid);KW-0732 (Signal);KW-0800 (Toxin),Elapidae,Tropidechis,,Venom prothrombin activator trocarin-D,FAXD_TROCA
P81702,cerato-platanin family|IC,PF07249 (Cerato-platanin)|111.9,CL0199 (DPBB),KW-0002 (3D-structure);KW-0134 (Cell wall);KW-0903 (Direct protein sequencing);KW-1015 (Disulfide bond);KW-1185 (Reference proteome);KW-0964 (Secreted);KW-0732 (Signal);KW-0800 (Toxin),Ceratocystidaceae,Ceratocystis,cp,Cerato-platanin,CEPL_CERFI
P81755,conotoxin T superfamily|IC,PF16981 (Chi-conotoxin)|102.5,CL0083 (Omega_toxin),KW-0002 (3D-structure);KW-0102 (Bromination);KW-0108 (Calcium channel impairing toxin);KW-0903 (Direct protein sequencing);KW-1015 (Disulfide bond);KW-0301 (Gamma-carboxyglutamic acid);KW-0325 (Glycoprotein);KW-0379 (Hydroxylation);KW-0872 (Ion channel impairing toxin);KW-0528 (Neurotoxin);KW-0638 (Presynaptic neurotoxin);KW-0964 (Secreted);KW-0732 (Signal);KW-0800 (Toxin),Conidae,Conus,,Epsilon-conotoxin TxVA,CT5AS_CONTE
P82114,phospholipase A2 family|IC,PF00068 (Phospholip_A2_1)|110.8,CL0629 (PLA2),KW-0002 (3D-structure);KW-0903 (Direct protein sequencing);KW-1015 (Disulfide bond);KW-0959 (Myotoxin);KW-0964 (Secreted);KW-0732 (Signal);KW-0800 (Toxin),Viperidae,Bothrops,,Basic phospholipase A2 homolog MjTX-I,PA2H1_BOTMO
P82475,PDGF/VEGF growth factor family|IC,PF00341 (PDGF)|88.7,CL0079 (Cystine-knot),KW-0903 (Direct protein sequencing);KW-1015 (Disulfide bond);KW-0339 (Growth factor);KW-0873 (Pyrrolidone carboxylic acid);KW-0964 (Secreted);KW-0800 (Toxin),Viperidae,Macrovipera,,Snake venom vascular endothelial growth factor toxin ICPP,TXVE2_MACLB
P82896,phospholipase A2 family|IC,PF00068 (Phospholip_A2_1)|108.3,CL0629 (PLA2),KW-0002 (3D-structure);KW-0106 (Calcium);KW-0903 (Direct protein sequencing);KW-1015 (Disulfide bond);KW-1199 (Hemostasis impairing toxin);KW-0378 (Hydrolase);KW-0442 (Lipid degradation);KW-0443 (Lipid metabolism);KW-0479 (Metal-binding);KW-1201 (Platelet aggregation inhibiting toxin);KW-0964 (Secreted);KW-0800 (Toxin),Viperidae,Trimeresurus,,Acidic phospholipase A2 5,PA2A5_TRIST
P83655,short scorpion toxin superfamily|IC,PF08095 (Toxin_25)|35.6,,KW-0903 (Direct protein sequencing);KW-1015 (Disulfide bond);KW-0872 (Ion channel impairing toxin);KW-0632 (Potassium channel impairing toxin);KW-0964 (Secreted);KW-0800 (Toxin);KW-1220 (Voltage-gated potassium channel impairing toxin),Scorpionidae,Heterometrus,,Potassium channel toxin kappa-KTx 1.3,KKX13_HETSP
P83912,venom metalloproteinase (M12B) family|IC,PF00200 (Disintegrin)|65.7;PF01421 (Reprolysin)|192.5;PF01562 (Pep_M12B_propep)|60.9,CL0126 (Peptidase_MA),KW-0106 (Calcium);KW-1217 (Cell adhesion impairing toxin);KW-0903 (Direct protein sequencing);KW-1015 (Disulfide bond);KW-1206 (Fibrinogenolytic toxin);KW-1199 (Hemostasis impairing toxin);KW-0378 (Hydrolase);KW-0479 (Metal-binding);KW-0482 (Metalloprotease);KW-1201 (Platelet aggregation inhibiting toxin);KW-0645 (Protease);KW-0873 (Pyrrolidone carboxylic acid);KW-0964 (Secreted);KW-0732 (Signal);KW-0800 (Toxin);KW-0862 (Zinc);KW-0865 (Zymogen),Viperidae,Protobothrops,,Zinc metalloproteinase-disintegrin jerdonitin,VM2JT_PROJR
P84646,long (4 C-C) scorpion toxin superfamily|SAM,PF00537 (Toxin_3)|88.7,CL0054 (Knottin_1),KW-0002 (3D-structure);KW-0027 (Amidation);KW-0903 (Direct protein sequencing);KW-1015 (Disulfide bond);KW-0872 (Ion channel impairing toxin);KW-0528 (Neurotoxin);KW-0964 (Secreted);KW-0800 (Toxin);KW-0738 (Voltage-gated sodium channel impairing toxin),Buthidae,Odontobuthus,,Alpha-toxin OD1,SCX1_ODODO
P84776,phospholipase A2 family|IC,PF00068 (Phospholip_A2_1)|107.1,CL0629 (PLA2),KW-0002 (3D-structure);KW-0903 (Direct protein sequencing);KW-1015 (Disulfide bond);KW-0959 (Myotoxin);KW-0964 (Secreted);KW-0800 (Toxin),Viperidae,Protobothrops,,Basic phospholipase A2 homolog zhaoermiatoxin,PA2H_PROMB
P84810,long (3 C-C) scorpion toxin superfamily|IC,PF00537 (Toxin_3)|37.9,CL0054 (Knottin_1),KW-0903 (Direct protein sequencing);KW-1015 (Disulfide bond);KW-1213 (G-protein coupled receptor impairing toxin);KW-0872 (Ion channel impairing toxin);KW-0528 (Neurotoxin);KW-0632 (Potassium channel impairing toxin);KW-0691 (RNA editing);KW-0964 (Secreted);KW-0732 (Signal);KW-0800 (Toxin);KW-1220 (Voltage-gated potassium channel impairing toxin);KW-0738 (Voltage-gated sodium channel impairing toxin),Buthidae,Buthus,,Lipolysis-activating peptide 1-alpha chain,LV1A_BUTOC
P85109,peptidase S1 family|SAM,PF00089 (Trypsin)|184.6,CL0124 (Peptidase_PA),KW-1204 (Blood coagulation cascade activating toxin);KW-0903 (Direct protein sequencing);KW-1015 (Disulfide bond);KW-0325 (Glycoprotein);KW-1199 (Hemostasis impairing toxin);KW-0378 (Hydrolase);KW-0645 (Protease);KW-0964 (Secreted);KW-0720 (Serine protease);KW-0800 (Toxin),Viperidae,Gloydius,,Thrombin-like enzyme kangshuanmei,VSP1_GLOBR
P85420,venom metalloproteinase (M12B) family|IC,PF01421 (Reprolysin)|205.1,CL0126 (Peptidase_MA),KW-0106 (Calcium);KW-0903 (Direct protein sequencing);KW-1015 (Disulfide bond);KW-1205 (Fibrinolytic toxin);KW-1200 (Hemorrhagic toxin);KW-1199 (Hemostasis impairing toxin);KW-0378 (Hydrolase);KW-0479 (Metal-binding);KW-0482 (Metalloprotease);KW-1201 (Platelet aggregation inhibiting toxin);KW-0645 (Protease);KW-0964 (Secreted);KW-0800 (Toxin);KW-0862 (Zinc),Viperidae,Bothrops,,Snake venom metalloproteinase atroxlysin-1,VM11_BOTAT
P86146,MCD family|EXP,,,KW-0027 (Amidation);KW-0044 (Antibiotic);KW-0929 (Antimicrobial);KW-0204 (Cytolysis);KW-0903 (Direct protein sequencing);KW-0295 (Fungicide);KW-0391 (Immunity);KW-0399 (Innate immunity);KW-0472 (Membrane);KW-0677 (Repeat);KW-0964 (Secreted);KW-0732 (Signal);KW-1052 (Target cell membrane);KW-1053 (Target membrane);KW-0800 (Toxin),Vespidae,Orancistrocerus,,Eumenine mastoparan-OD,MAST_ORADR
P86453,phospholipase A2 family|IC,PF00068 (Phospholip_A2_1)|112.5,CL0629 (PLA2),KW-0903 (Direct protein sequencing);KW-1015 (Disulfide bond);KW-0959 (Myotoxin);KW-0528 (Neurotoxin);KW-0638 (Presynaptic neurotoxin);KW-0964 (Secreted);KW-0800 (Toxin),Viperidae,Bothrops,,Basic phospholipase A2 homolog BaTX,PA2HB_BOTAL
P86806,phospholipase A2 family|IC,PF00068 (Phospholip_A2_1)|107.0,CL0629 (PLA2),KW-1203 (Blood coagulation cascade inhibiting toxin);KW-0106 (Calcium);KW-0903 (Direct protein sequencing);KW-1015 (Disulfide bond);KW-1199 (Hemostasis impairing toxin);KW-0378 (Hydrolase);KW-0442 (Lipid degradation);KW-0443 (Lipid metabolism);KW-0479 (Metal-binding);KW-0959 (Myotoxin);KW-0964 (Secreted);KW-0800 (Toxin),Viperidae,Crotalus,,Basic phospholipase A2 10,PA2BA_CRODM
P86976,venom metalloproteinase (M12B) family|IC,PF01421 (Reprolysin)|185.0,CL0126 (Peptidase_MA),KW-0903 (Direct protein sequencing);KW-1015 (Disulfide bond);KW-1206 (Fibrinogenolytic toxin);KW-1199 (Hemostasis impairing toxin);KW-0378 (Hydrolase);KW-0479 (Metal-binding);KW-0482 (Metalloprotease);KW-0645 (Protease);KW-0964 (Secreted);KW-0800 (Toxin);KW-0862 (Zinc),Viperidae,Bothrops,,Zinc metalloproteinase barnettlysin-1,VM1B1_BOTBA
Q072L5,venom metalloproteinase (M12B) family|IC,PF00200 (Disintegrin)|49.1;PF01421 (Reprolysin)|210.3;PF01562 (Pep_M12B_propep)|57.5,CL0126 (Peptidase_MA),KW-0106 (Calcium);KW-1217 (Cell adhesion impairing toxin);KW-0903 (Direct protein sequencing);KW-1015 (Disulfide bond);KW-0325 (Glycoprotein);KW-1199 (Hemostasis impairing toxin);KW-0378 (Hydrolase);KW-0479 (Metal-binding);KW-0482 (Metalloprotease);KW-1201 (Platelet aggregation inhibiting toxin);KW-0645 (Protease);KW-0964 (Secreted);KW-0732 (Signal);KW-0800 (Toxin);KW-0862 (Zinc);KW-0865 (Zymogen),Viperidae,Bothrops,,Zinc metalloproteinase/disintegrin,VM2_BOTAS
Q1L777,conotoxin A superfamily|IC,PF07365 (Toxin_8)|68.7,,KW-0002 (3D-structure);KW-0008 (Acetylcholine receptor inhibiting toxin);KW-0027 (Amidation);KW-0108 (Calcium channel impairing toxin);KW-1015 (Disulfide bond);KW-0872 (Ion channel impairing toxin);KW-0528 (Neurotoxin);KW-0629 (Postsynaptic neurotoxin);KW-0964 (Secreted);KW-0800 (Toxin),Conidae,Conus,,Alpha-conotoxin PeIA,CA1A_CONPR
Q1W694,arthropod phospholipase D family|IC,,,KW-0204 (Cytolysis);KW-1061 (Dermonecrotic toxin);KW-1015 (Disulfide bond);KW-0354 (Hemolysis);KW-0442 (Lipid degradation);KW-0443 (Lipid metabolism);KW-0456 (Lyase);KW-0460 (Magnesium);KW-0479 (Metal-binding);KW-0964 (Secreted);KW-0732 (Signal);KW-0800 (Toxin);KW-0865 (Zymogen),Sicariidae,Loxosceles,,Dermonecrotic toxin LiSicTox-betaID1,B1Q_LOXIN
Q1W695,arthropod phospholipase D family|IC,PF13653 (GDPD_2)|41.3,CL0036 (TIM_barrel),KW-0204 (Cytolysis);KW-1061 (Dermonecrotic toxin);KW-1015 (Disulfide bond);KW-0354 (Hemolysis);KW-0442 (Lipid degradation);KW-0443 (Lipid metabolism);KW-0456 (Lyase);KW-0460 (Magnesium);KW-0479 (Metal-binding);KW-0964 (Secreted);KW-0732 (Signal);KW-0800 (Toxin);KW-0865 (Zymogen),Sicariidae,Loxosceles,,Dermonecrotic toxin LiSicTox-alphaII1,A21_LOXIN
Q2HZ28,phospholipase A2 family|IC,PF00068 (Phospholip_A2_1)|103.3,CL0629 (PLA2),KW-0106 (Calcium);KW-0903 (Direct protein sequencing);KW-1015 (Disulfide bond);KW-1199 (Hemostasis impairing toxin);KW-0378 (Hydrolase);KW-0442 (Lipid degradation);KW-0443 (Lipid metabolism);KW-0479 (Metal-binding);KW-1201 (Platelet aggregation inhibiting toxin);KW-0964 (Secreted);KW-0732 (Signal);KW-0800 (Toxin),Viperidae,Bothrops,,Acidic phospholipase A2 BE-I-PLA2,PA2A_BOTER
Q2PWA3,phospholipase A2 family|IC,PF00068 (Phospholip_A2_1)|107.7,CL0629 (PLA2),KW-0903 (Direct protein sequencing);KW-1015 (Disulfide bond);KW-0959 (Myotoxin);KW-0964 (Secreted);KW-0732 (Signal);KW-0800 (Toxin),Viperidae,Protobothrops,,Basic phospholipase A2 homolog promutoxin,PA2HP_PROMU
Q2YHJ2,phospholipase A2 family|IC,PF00068 (Phospholip_A2_1)|118.7,CL0629 (PLA2),KW-1203 (Blood coagulation cascade inhibiting toxin);KW-0106 (Calcium);KW-0903 (Direct protein sequencing);KW-1015 (Disulfide bond);KW-1199 (Hemostasis impairing toxin);KW-0378 (Hydrolase);KW-0442 (Lipid degradation);KW-0443 (Lipid metabolism);KW-0479 (Metal-binding);KW-1201 (Platelet aggregation inhibiting toxin);KW-0964 (Secreted);KW-0732 (Signal);KW-0800 (Toxin),Viperidae,Craspedocephalus,,Basic phospholipase A2 Tbo-G6D49,PA2B_CRABR
Q330K6,PDGF/VEGF growth factor family|IC,PF00341 (PDGF)|80.5,CL0079 (Cystine-knot),KW-1015 (Disulfide bond);KW-0339 (Growth factor);KW-0873 (Pyrrolidone carboxylic acid);KW-0964 (Secreted);KW-0732 (Signal);KW-0800 (Toxin),Viperidae,Protobothrops,,Snake venom vascular endothelial growth factor toxin,TXVE2_PROMU
Q3C2C1,phospholipase A2 family|IC,PF00068 (Phospholip_A2_1)|91.2,CL0629 (PLA2),KW-0106 (Calcium);KW-0204 (Cytolysis);KW-0903 (Direct protein sequencing);KW-1015 (Disulfide bond);KW-0354 (Hemolysis);KW-1200 (Hemorrhagic toxin);KW-1199 (Hemostasis impairing toxin);KW-0378 (Hydrolase);KW-0442 (Lipid degradation);KW-0443 (Lipid metabolism);KW-0479 (Metal-binding);KW-1185 (Reference proteome);KW-0964 (Secreted);KW-0732 (Signal);KW-0800 (Toxin),Acanthasteridae,Acanthaster,,Phospholipase A2 AP-PLA2-II,PA22_ACAPL
Q41358,ribosome-inactivating protein family|IC,PF00161 (RIP)|151.1;PF00652 (Ricin_B_lectin)|153.4,CL0066 (Trefoil),KW-0903 (Direct protein sequencing);KW-1015 (Disulfide bond);KW-0325 (Glycoprotein);KW-0378 (Hydrolase);KW-0430 (Lectin);KW-0547 (Nucleotide-binding);KW-0611 (Plant defense);KW-0652 (Protein synthesis inhibitor);KW-0677 (Repeat);KW-0732 (Signal);KW-0800 (Toxin),Adoxaceae,Sambucus,SNA-I,Ribosome-inactivating protein SNAI,SNAIB_SAMNI
Q42460,leguminous lectin family|IC,PF00139 (Lectin_legB)|158.1,CL0004 (Concanavalin),KW-0002 (3D-structure);KW-0903 (Direct protein sequencing);KW-1015 (Disulfide bond);KW-0325 (Glycoprotein);KW-0430 (Lectin);KW-0611 (Plant defense);KW-0708 (Seed storage protein);KW-0732 (Signal);KW-0758 (Storage protein);KW-0800 (Toxin),Fabaceae,Phaseolus,ARC5A,Arcelin-5A,AR5A_PHAVU
Q4F867,flavin monoamine oxidase family|IC,PF01593 (Amino_oxidase)|194.2,CL0063 (NADP_Rossmann),KW-0044 (Antibiotic);KW-0929 (Antimicrobial);KW-0053 (Apoptosis);KW-0204 (Cytolysis);KW-0903 (Direct protein sequencing);KW-1015 (Disulfide bond);KW-0274 (FAD);KW-0285 (Flavoprotein);KW-0325 (Glycoprotein);KW-0354 (Hemolysis);KW-1199 (Hemostasis impairing toxin);KW-0560 (Oxidoreductase);KW-1201 (Platelet aggregation inhibiting toxin);KW-0964 (Secreted);KW-0800 (Toxin),Viperidae,Daboia,,L-amino-acid oxidase,OXLA_DABSI
Q53B58,three-finger toxin family|IC,PF21947 (Toxin_cobra-type)|69.5,CL0117 (uPAR_Ly6_toxin),KW-0002 (3D-structure);KW-0008 (Acetylcholine receptor inhibiting toxin);KW-0903 (Direct protein sequencing);KW-1015 (Disulfide bond);KW-0872 (Ion channel impairing toxin);KW-0528 (Neurotoxin);KW-0629 (Postsynaptic neurotoxin);KW-0964 (Secreted);KW-0732 (Signal);KW-0800 (Toxin),Elapidae,Ophiophagus,,Alpha-elapitoxin-Oh3a,3L255_OPHHA
Q58L91,multicopper oxidase family|IC,PF00754 (F5_F8_type_C)|185.7;PF07732 (Cu-oxidase_3)|91.2,CL0026 (CU_oxidase);CL0202 (GBD),KW-1204 (Blood coagulation cascade activating toxin);KW-0106 (Calcium);KW-0903 (Direct protein sequencing);KW-1015 (Disulfide bond);KW-0325 (Glycoprotein);KW-1199 (Hemostasis impairing toxin);KW-0479 (Metal-binding);KW-0655 (Prothrombin activator);KW-0677 (Repeat);KW-0964 (Secreted);KW-0732 (Signal);KW-0800 (Toxin),Elapidae,Oxyuranus,,Venom prothrombin activator oscutarin-C non-catalytic subunit,FA5V_OXYSU
Q6EH50,ribosome-inactivating protein family|SAM,PF00161 (RIP)|104.0,,KW-0903 (Direct protein sequencing);KW-1015 (Disulfide bond);KW-0378 (Hydrolase);KW-0611 (Plant defense);KW-0652 (Protein synthesis inhibitor);KW-0732 (Signal);KW-0800 (Toxin),Phytolaccaceae,Phytolacca,RIP1,Heterotepalin-4,RIP4_PHYHE
Q6ITZ3,ribosome-inactivating protein family|SAM,PF00161 (RIP)|120.9;PF00652 (Ricin_B_lectin)|140.3,CL0066 (Trefoil),KW-0002 (3D-structure);KW-0903 (Direct protein sequencing);KW-1015 (Disulfide bond);KW-0325 (Glycoprotein);KW-0378 (Hydrolase);KW-0430 (Lectin);KW-0611 (Plant defense);KW-0652 (Protein synthesis inhibitor);KW-0677 (Repeat);KW-0800 (Toxin),Viscaceae,Viscum,,Beta-galactoside-specific lectin 4,ML4_VISAL
Q71QE8,phospholipase A2 family|IC,PF00068 (Phospholip_A2_1)|122.0,CL0629 (PLA2),KW-0106 (Calcium);KW-0903 (Direct protein sequencing);KW-1015 (Disulfide bond);KW-0378 (Hydrolase);KW-0442 (Lipid degradation);KW-0443 (Lipid metabolism);KW-0479 (Metal-binding);KW-0959 (Myotoxin);KW-0964 (Secreted);KW-0732 (Signal);KW-0800 (Toxin),Viperidae,Crotalus,,Basic phospholipase A2 Cvv-N6,PA2BN_CROVV
Q7LZG2,phospholipase A2 family|IC,,,KW-0106 (Calcium);KW-1221 (Calcium-activated potassium channel impairing toxin);KW-0903 (Direct protein sequencing);KW-1015 (Disulfide bond);KW-0378 (Hydrolase);KW-0872 (Ion channel impairing toxin);KW-0442 (Lipid degradation);KW-0443 (Lipid metabolism);KW-0479 (Metal-binding);KW-0528 (Neurotoxin);KW-0632 (Potassium channel impairing toxin);KW-0964 (Secreted);KW-0800 (Toxin),Elapidae,Oxyuranus,,Phospholipase A2 taicatoxin,PA2T_OXYSC
Q7NWF2,OspC family|IC,PF06128 (Shigella_OspC)|219.1,,KW-0002 (3D-structure);KW-0040 (ANK repeat);KW-1035 (Host cytoplasm);KW-0456 (Lyase);KW-1185 (Reference proteome);KW-0677 (Repeat);KW-0964 (Secreted);KW-0800 (Toxin);KW-0843 (Virulence),Chromobacteriaceae,Chromobacterium,copC,Arginine ADP-riboxanase CopC,COPC_CHRVO
Q7SYF1,peptidase S1 family|SAM,PF00089 (Trypsin)|201.1,CL0124 (Peptidase_PA),KW-1204 (Blood coagulation cascade activating toxin);KW-0903 (Direct protein sequencing);KW-1015 (Disulfide bond);KW-0325 (Glycoprotein);KW-1199 (Hemostasis impairing toxin);KW-0378 (Hydrolase);KW-1202 (Platelet aggregation activating toxin);KW-0645 (Protease);KW-0964 (Secreted);KW-0720 (Serine protease);KW-0732 (Signal);KW-0800 (Toxin);KW-0865 (Zymogen),Viperidae,Cerastes,,Thrombin-like enzyme cerastocytin,VSPP_CERCE
Q7SZN0,multicopper oxidase family|IC,PF00754 (F5_F8_type_C)|187.1;PF07732 (Cu-oxidase_3)|91.7,CL0026 (CU_oxidase);CL0202 (GBD),KW-0002 (3D-structure);KW-1204 (Blood coagulation cascade activating toxin);KW-0106 (Calcium);KW-0903 (Direct protein sequencing);KW-1015 (Disulfide bond);KW-0325 (Glycoprotein);KW-1199 (Hemostasis impairing toxin);KW-0479 (Metal-binding);KW-0582 (Pharmaceutical);KW-0655 (Prothrombin activator);KW-1185 (Reference proteome);KW-0677 (Repeat);KW-0964 (Secreted);KW-0732 (Signal);KW-0800 (Toxin),Elapidae,Pseudonaja,,Venom prothrombin activator pseutarin-C non-catalytic subunit,FA5V_PSETE
Q805F7,disintegrin family|IC,PF00200 (Disintegrin)|49.4,,KW-0002 (3D-structure);KW-1217 (Cell adhesion impairing toxin);KW-0903 (Direct protein sequencing);KW-1015 (Disulfide bond);KW-1199 (Hemostasis impairing toxin);KW-1201 (Platelet aggregation inhibiting toxin);KW-0873 (Pyrrolidone carboxylic acid);KW-0964 (Secreted);KW-0732 (Signal);KW-0800 (Toxin),Viperidae,Agkistrodon,,Disintegrin acostatin-alpha,DIDA_AGKCO
Q86DU6,conotoxin M superfamily|IC,PF02950 (Conotoxin)|44.6,CL0083 (Omega_toxin),KW-0027 (Amidation);KW-0165 (Cleavage on pair of basic residues);KW-0903 (Direct protein sequencing);KW-1015 (Disulfide bond);KW-0872 (Ion channel impairing toxin);KW-0528 (Neurotoxin);KW-0873 (Pyrrolidone carboxylic acid);KW-0964 (Secreted);KW-0732 (Signal);KW-0800 (Toxin);KW-0738 (Voltage-gated sodium channel impairing toxin),Conidae,Conus,,Mu-conotoxin SIIIA,CM3A_CONST
Q8AWI5,venom metalloproteinase (M12B) family|IC,PF00200 (Disintegrin)|69.1;PF01421 (Reprolysin)|204.1;PF01562 (Pep_M12B_propep)|61.6;PF08516 (ADAM_CR)|71.4,CL0126 (Peptidase_MA);CL0750 (ADAM_CR_sf),KW-0053 (Apoptosis);KW-0106 (Calcium);KW-0903 (Direct protein sequencing);KW-1015 (Disulfide bond);KW-0325 (Glycoprotein);KW-1200 (Hemorrhagic toxin);KW-1199 (Hemostasis impairing toxin);KW-0378 (Hydrolase);KW-0479 (Metal-binding);KW-0482 (Metalloprotease);KW-1201 (Platelet aggregation inhibiting toxin);KW-0645 (Protease);KW-0964 (Secreted);KW-0732 (Signal);KW-0800 (Toxin);KW-0862 (Zinc);KW-0865 (Zymogen),Viperidae,Gloydius,,Zinc metalloproteinase-disintegrin-like halysase,VM3HA_GLOHA
Q8AY81,peptidase S1 family|SAM,PF00089 (Trypsin)|184.5,CL0124 (Peptidase_PA),KW-1204 (Blood coagulation cascade activating toxin);KW-0903 (Direct protein sequencing);KW-1015 (Disulfide bond);KW-0325 (Glycoprotein);KW-1199 (Hemostasis impairing toxin);KW-0378 (Hydrolase);KW-0645 (Protease);KW-0964 (Secreted);KW-0720 (Serine protease);KW-0732 (Signal);KW-0800 (Toxin);KW-0865 (Zymogen),Viperidae,Trimeresurus,,Thrombin-like enzyme stejnobin,VSPST_TRIST
Q8JH85,peptidase S1 family|SAM,PF00089 (Trypsin)|182.0,CL0124 (Peptidase_PA),KW-0903 (Direct protein sequencing);KW-1015 (Disulfide bond);KW-1206 (Fibrinogenolytic toxin);KW-0325 (Glycoprotein);KW-1199 (Hemostasis impairing toxin);KW-0378 (Hydrolase);KW-0645 (Protease);KW-0964 (Secreted);KW-0720 (Serine protease);KW-0730 (Sialic acid);KW-0732 (Signal);KW-0800 (Toxin);KW-0865 (Zymogen),Viperidae,Macrovipera,,Alpha-fibrinogenase,VSPA_MACLB
Q8QGR0,three-finger toxin family|IC,PF21947 (Toxin_cobra-type)|84.6,CL0117 (uPAR_Ly6_toxin),KW-0002 (3D-structure);KW-0903 (Direct protein sequencing);KW-1015 (Disulfide bond);KW-1214 (G-protein coupled acetylcholine receptor impairing toxin);KW-1213 (G-protein coupled receptor impairing toxin);KW-0528 (Neurotoxin);KW-0629 (Postsynaptic neurotoxin);KW-0964 (Secreted);KW-0732 (Signal);KW-0800 (Toxin),Elapidae,Dendroaspis,,Muscarinic toxin 7,3SIM7_DENAN
Q90282,venom metalloproteinase (M12B) family|IC,PF00200 (Disintegrin)|71.5;PF01421 (Reprolysin)|196.4;PF01562 (Pep_M12B_propep)|57.5;PF08516 (ADAM_CR)|64.8,CL0126 (Peptidase_MA);CL0750 (ADAM_CR_sf),KW-0002 (3D-structure);KW-0106 (Calcium);KW-1217 (Cell adhesion impairing toxin);KW-0903 (Direct protein sequencing);KW-1015 (Disulfide bond);KW-0325 (Glycoprotein);KW-1199 (Hemostasis impairing toxin);KW-0378 (Hydrolase);KW-0479 (Metal-binding);KW-0482 (Metalloprotease);KW-1201 (Platelet aggregation inhibiting toxin);KW-0645 (Protease);KW-0873 (Pyrrolidone carboxylic acid);KW-0964 (Secreted);KW-0732 (Signal);KW-0800 (Toxin);KW-0862 (Zinc);KW-0865 (Zymogen),Viperidae,Crotalus,,Zinc metalloproteinase-disintegrin-like VAP2B,VM3VB_CROAT
Q90WA8,phospholipase A2 family|IC,PF00068 (Phospholip_A2_1)|115.7,CL0629 (PLA2),KW-0106 (Calcium);KW-0903 (Direct protein sequencing);KW-1015 (Disulfide bond);KW-0378 (Hydrolase);KW-0442 (Lipid degradation);KW-0443 (Lipid metabolism);KW-0479 (Metal-binding);KW-0528 (Neurotoxin);KW-0638 (Presynaptic neurotoxin);KW-0964 (Secreted);KW-0732 (Signal);KW-0800 (Toxin),Elapidae,Bungarus,,Basic phospholipase A2 2,PA2B2_BUNFA
Q9DF67,peptidase S1 family|SAM,PF00089 (Trypsin)|207.5,CL0124 (Peptidase_PA),KW-0903 (Direct protein sequencing);KW-1015 (Disulfide bond);KW-1205 (Fibrinolytic toxin);KW-0325 (Glycoprotein);KW-1199 (Hemostasis impairing toxin);KW-0378 (Hydrolase);KW-0645 (Protease);KW-0964 (Secreted);KW-0720 (Serine protease);KW-0732 (Signal);KW-0800 (Toxin);KW-0865 (Zymogen),Viperidae,Protobothrops,,Snake venom serine protease 2,VSP2_PROJR
Q9DGB9,venom metalloproteinase (M12B) family|IC,PF00200 (Disintegrin)|71.9;PF01421 (Reprolysin)|203.3;PF01562 (Pep_M12B_propep)|60.3;PF08516 (ADAM_CR)|71.2,CL0126 (Peptidase_MA);CL0750 (ADAM_CR_sf),KW-0002 (3D-structure);KW-0053 (Apoptosis);KW-0106 (Calcium);KW-1217 (Cell adhesion impairing toxin);KW-0903 (Direct protein sequencing);KW-1015 (Disulfide bond);KW-1206 (Fibrinogenolytic toxin);KW-0325 (Glycoprotein);KW-1200 (Hemorrhagic toxin);KW-1199 (Hemostasis impairing toxin);KW-0378 (Hydrolase);KW-0479 (Metal-binding);KW-0482 (Metalloprotease);KW-0645 (Protease);KW-0873 (Pyrrolidone carboxylic acid);KW-0964 (Secreted);KW-0732 (Signal);KW-0800 (Toxin);KW-0862 (Zinc);KW-0865 (Zymogen),Viperidae,Crotalus,,Zinc metalloproteinase-disintegrin-like VAP1,VM3V1_CROAT
Q9M653,ribosome-inactivating protein family|IC,PF00161 (RIP)|139.6;PF00652 (Ricin_B_lectin)|153.4,CL0066 (Trefoil),KW-0903 (Direct protein sequencing);KW-1015 (Disulfide bond);KW-0325 (Glycoprotein);KW-0378 (Hydrolase);KW-0430 (Lectin);KW-0611 (Plant defense);KW-0652 (Protein synthesis inhibitor);KW-0677 (Repeat);KW-0732 (Signal);KW-0800 (Toxin),Asparagaceae,Polygonatum,RIPt,Ribosome-inactivating protein PMRIPt,RIPT_POLML
Q9M6E9,In the N-terminal section|SAM,PF00161 (RIP)|138.1;PF00652 (Ricin_B_lectin)|170.6,CL0066 (Trefoil),KW-0002 (3D-structure);KW-0903 (Direct protein sequencing);KW-1015 (Disulfide bond);KW-0325 (Glycoprotein);KW-0378 (Hydrolase);KW-0430 (Lectin);KW-0611 (Plant defense);KW-0652 (Protein synthesis inhibitor);KW-0873 (Pyrrolidone carboxylic acid);KW-1185 (Reference proteome);KW-0677 (Repeat);KW-0732 (Signal);KW-0800 (Toxin),Fabaceae,Abrus,AAG,Agglutinin-1,AGGL_ABRPR
Q9PT51,peptidase S1 family|SAM,PF00089 (Trypsin)|213.0,CL0124 (Peptidase_PA),KW-0903 (Direct protein sequencing);KW-1015 (Disulfide bond);KW-1206 (Fibrinogenolytic toxin);KW-1205 (Fibrinolytic toxin);KW-0325 (Glycoprotein);KW-1199 (Hemostasis impairing toxin);KW-0378 (Hydrolase);KW-0645 (Protease);KW-0964 (Secreted);KW-0720 (Serine protease);KW-0800 (Toxin),Viperidae,Gloydius,,Beta-fibrinogenase brevinase,VSPB_GLOBL
Q9TVX3,short scorpion toxin superfamily|IC,PF00451 (Toxin_2)|26.5,CL0054 (Knottin_1),KW-0027 (Amidation);KW-1221 (Calcium-activated potassium channel impairing toxin);KW-0903 (Direct protein sequencing);KW-1015 (Disulfide bond);KW-0872 (Ion channel impairing toxin);KW-0528 (Neurotoxin);KW-0632 (Potassium channel impairing toxin);KW-0964 (Secreted);KW-0732 (Signal);KW-0800 (Toxin),Buthidae,Olivierus,,Potassium channel toxin alpha-KTx 5.3,KAX53_OLIMR
Q9TWL9,phospholipase A2 family|IC,,,KW-0106 (Calcium);KW-0903 (Direct protein sequencing);KW-1015 (Disulfide bond);KW-0378 (Hydrolase);KW-0442 (Lipid degradation);KW-0443 (Lipid metabolism);KW-0873 (Pyrrolidone carboxylic acid);KW-0964 (Secreted);KW-0800 (Toxin),Conidae,Conus,,Conodipine-M alpha chain,COMA_CONMA
Q9W6M5,venom metalloproteinase (M12B) family|IC,PF00200 (Disintegrin)|71.6;PF01421 (Reprolysin)|189.0;PF01562 (Pep_M12B_propep)|62.4;PF08516 (ADAM_CR)|64.8,CL0126 (Peptidase_MA);CL0750 (ADAM_CR_sf),KW-0106 (Calcium);KW-0903 (Direct protein sequencing);KW-1015 (Disulfide bond);KW-0325 (Glycoprotein);KW-1200 (Hemorrhagic toxin);KW-1199 (Hemostasis impairing toxin);KW-0378 (Hydrolase);KW-0479 (Metal-binding);KW-0482 (Metalloprotease);KW-1201 (Platelet aggregation inhibiting toxin);KW-0645 (Protease);KW-0873 (Pyrrolidone carboxylic acid);KW-0964 (Secreted);KW-0732 (Signal);KW-0800 (Toxin);KW-0862 (Zinc);KW-0865 (Zymogen),Viperidae,Deinagkistrodon,,Zinc metalloproteinase-disintegrin-like acurhagin,VM3AH_DEIAC
Q9W7J3,phospholipase A2 family|IC,PF00068 (Phospholip_A2_1)|116.5,CL0629 (PLA2),KW-1204 (Blood coagulation cascade activating toxin);KW-0106 (Calcium);KW-0903 (Direct protein sequencing);KW-1015 (Disulfide bond);KW-1199 (Hemostasis impairing toxin);KW-0378 (Hydrolase);KW-0442 (Lipid degradation);KW-0443 (Lipid metabolism);KW-0479 (Metal-binding);KW-1185 (Reference proteome);KW-0964 (Secreted);KW-0732 (Signal);KW-0800 (Toxin),Elapidae,Pseudonaja,,Acidic phospholipase A2 2,PA2A2_PSETE
X5I9Y2,conotoxin A superfamily|IC,PF07365 (Toxin_8)|60.4,,KW-0002 (3D-structure);KW-0008 (Acetylcholine receptor inhibiting toxin);KW-0027 (Amidation);KW-0165 (Cleavage on pair of basic residues);KW-0903 (Direct protein sequencing);KW-1015 (Disulfide bond);KW-0872 (Ion channel impairing toxin);KW-0528 (Neurotoxin);KW-0629 (Postsynaptic neurotoxin);KW-0964 (Secreted);KW-0732 (Signal);KW-0800 (Toxin),Conidae,Conus,,Alpha-conotoxin GI,CA1_CONGE
A0A088MIT0,frog skin active peptide (FSAP) family|IC,PF03032 (FSAP_sig_propep)|68.6,,KW-0878 (Amphibian defense peptide);KW-1222 (Bradykinin receptor impairing toxin);KW-0165 (Cleavage on pair of basic residues);KW-0903 (Direct protein sequencing);KW-1213 (G-protein coupled receptor impairing toxin);KW-0379 (Hydroxylation);KW-0964 (Secreted);KW-0732 (Signal);KW-0800 (Toxin),Leptodactylidae,Physalaemus,BBN,Bradykinin-related peptides,BRKP2_PHYNA
A0A0N7CSQ4,scoloptoxin-04 family|IC,,,KW-0002 (3D-structure);KW-0903 (Direct protein sequencing);KW-1015 (Disulfide bond);KW-0872 (Ion channel impairing toxin);KW-0964 (Secreted);KW-0732 (Signal);KW-0800 (Toxin),Scolopendridae,Scolopendra,,Tau-scoloptoxin(04)-Ssm1b,TX41A_SCOMU
A0A0S4FKT4,peptidase S1 family|SAM,PF00089 (Trypsin)|182.3,CL0124 (Peptidase_PA),KW-1204 (Blood coagulation cascade activating toxin);KW-0903 (Direct protein sequencing);KW-1015 (Disulfide bond);KW-1199 (Hemostasis impairing toxin);KW-0378 (Hydrolase);KW-0872 (Ion channel impairing toxin);KW-0632 (Potassium channel impairing toxin);KW-0645 (Protease);KW-0964 (Secreted);KW-0720 (Serine protease);KW-0800 (Toxin);KW-1220 (Voltage-gated potassium channel impairing toxin),Viperidae,Crotalus,,Thrombin-like enzyme collinein-1,VSP1_CRODU
A0A2U8QPE6,flavin monoamine oxidase family|IC,PF01593 (Amino_oxidase)|246.6,CL0063 (NADP_Rossmann),KW-0044 (Antibiotic);KW-0929 (Antimicrobial);KW-0053 (Apoptosis);KW-0204 (Cytolysis);KW-1015 (Disulfide bond);KW-0274 (FAD);KW-0285 (Flavoprotein);KW-0325 (Glycoprotein);KW-0354 (Hemolysis);KW-1199 (Hemostasis impairing toxin);KW-0560 (Oxidoreductase);KW-0964 (Secreted);KW-0732 (Signal);KW-0800 (Toxin),Elapidae,Micrurus,,L-amino acid oxidase,OXLA_MICMP
A0S865,three-finger toxin family|IC,PF21947 (Toxin_cobra-type)|40.4,CL0117 (uPAR_Ly6_toxin),KW-0002 (3D-structure);KW-0008 (Acetylcholine receptor inhibiting toxin);KW-0903 (Direct protein sequencing);KW-1015 (Disulfide bond);KW-0872 (Ion channel impairing toxin);KW-0528 (Neurotoxin);KW-0629 (Postsynaptic neurotoxin);KW-0873 (Pyrrolidone carboxylic acid);KW-0964 (Secreted);KW-0732 (Signal);KW-0800 (Toxin),Colubridae,Boiga,,Irditoxin subunit B,3NBB_BOIIR
A2TK72,venom metalloproteinase (M12B) family|IC,PF01421 (Reprolysin)|189.0,CL0126 (Peptidase_MA),KW-0106 (Calcium);KW-1216 (Complement system impairing toxin);KW-1015 (Disulfide bond);KW-1206 (Fibrinogenolytic toxin);KW-1205 (Fibrinolytic toxin);KW-0325 (Glycoprotein);KW-1199 (Hemostasis impairing toxin);KW-0378 (Hydrolase);KW-0479 (Metal-binding);KW-0482 (Metalloprotease);KW-0645 (Protease);KW-0964 (Secreted);KW-0800 (Toxin);KW-0862 (Zinc),Viperidae,Deinagkistrodon,,Zinc metalloproteinase recombinant fibrinogenase II,VM3A2_DEIAC
A4PBQ9,venom metalloproteinase (M12B) family|IC,PF00200 (Disintegrin)|71.6;PF01421 (Reprolysin)|194.5;PF01562 (Pep_M12B_propep)|61.7;PF08516 (ADAM_CR)|56.1,CL0126 (Peptidase_MA);CL0750 (ADAM_CR_sf),KW-0106 (Calcium);KW-0903 (Direct protein sequencing);KW-1015 (Disulfide bond);KW-0325 (Glycoprotein);KW-1200 (Hemorrhagic toxin);KW-1199 (Hemostasis impairing toxin);KW-0378 (Hydrolase);KW-0479 (Metal-binding);KW-0482 (Metalloprotease);KW-1201 (Platelet aggregation inhibiting toxin);KW-0645 (Protease);KW-0873 (Pyrrolidone carboxylic acid);KW-0964 (Secreted);KW-0732 (Signal);KW-0800 (Toxin);KW-0862 (Zinc),Viperidae,Crotalus,,Zinc metalloproteinase-disintegrin-like VAP2A,VM3VA_CROAT
A7GBG3,peptidase M27 family|IC,PF01742 (Peptidase_M27)|369.1;PF07951 (Toxin_R_bind_C)|119.3;PF07952 (Toxin_trans)|312.7;PF07953 (Toxin_R_bind_N)|204.1,CL0004 (Concanavalin);CL0066 (Trefoil);CL0126 (Peptidase_MA),KW-0002 (3D-structure);KW-0175 (Coiled coil);KW-1015 (Disulfide bond);KW-1032 (Host cell membrane);KW-1035 (Host cytoplasm);KW-1036 (Host cytoplasmic vesicle);KW-1043 (Host membrane);KW-1051 (Host synapse);KW-0378 (Hydrolase);KW-0446 (Lipid-binding);KW-0472 (Membrane);KW-0479 (Metal-binding);KW-0482 (Metalloprotease);KW-0528 (Neurotoxin);KW-0645 (Protease);KW-0964 (Secreted);KW-0800 (Toxin);KW-0843 (Virulence);KW-0862 (Zinc),Clostridiaceae,Clostridium,F,Botulinum neurotoxin type F,BXF_CLOBL
A8E2V8,phospholipase A2 family|IC,PF00068 (Phospholip_A2_1)|105.7,CL0629 (PLA2),KW-0106 (Calcium);KW-0903 (Direct protein sequencing);KW-1015 (Disulfide bond);KW-1199 (Hemostasis impairing toxin);KW-0378 (Hydrolase);KW-0479 (Metal-binding);KW-1201 (Platelet aggregation inhibiting toxin);KW-0964 (Secreted);KW-0732 (Signal);KW-0800 (Toxin),Viperidae,Trimeresurus,,Acidic phospholipase A2 Tgc-E6,PA2A_TRIGS
A8QL52,flavin monoamine oxidase family|IC,PF01593 (Amino_oxidase)|264.9,CL0063 (NADP_Rossmann),KW-0044 (Antibiotic);KW-0929 (Antimicrobial);KW-0053 (Apoptosis);KW-0204 (Cytolysis);KW-0903 (Direct protein sequencing);KW-1015 (Disulfide bond);KW-0274 (FAD);KW-0285 (Flavoprotein);KW-0325 (Glycoprotein);KW-0354 (Hemolysis);KW-1199 (Hemostasis impairing toxin);KW-0560 (Oxidoreductase);KW-1202 (Platelet aggregation activating toxin);KW-0964 (Secreted);KW-0732 (Signal);KW-0800 (Toxin),Elapidae,Bungarus,,L-amino-acid oxidase,OXLA_BUNFA
A8YPR6,In the C-terminal section|IC,PF00212 (ANP)|50.0,,KW-0165 (Cleavage on pair of basic residues);KW-0903 (Direct protein sequencing);KW-1015 (Disulfide bond);KW-0382 (Hypotensive agent);KW-0481 (Metalloenzyme inhibitor);KW-0483 (Metalloprotease inhibitor);KW-0646 (Protease inhibitor);KW-0873 (Pyrrolidone carboxylic acid);KW-0677 (Repeat);KW-0964 (Secreted);KW-0732 (Signal);KW-0800 (Toxin);KW-0838 (Vasoactive);KW-0840 (Vasodilator),Viperidae,Echis,,Snake venom metalloprotease inhibitor 02D01,SVMI_ECHOC
B1INP5,peptidase M27 family|IC,,,KW-0002 (3D-structure);KW-0903 (Direct protein sequencing);KW-1015 (Disulfide bond);KW-1032 (Host cell membrane);KW-1035 (Host cytoplasm);KW-1036 (Host cytoplasmic vesicle);KW-1043 (Host membrane);KW-1051 (Host synapse);KW-0378 (Hydrolase);KW-0446 (Lipid-binding);KW-0472 (Membrane);KW-0479 (Metal-binding);KW-0482 (Metalloprotease);KW-0528 (Neurotoxin);KW-0614 (Plasmid);KW-0645 (Protease);KW-0964 (Secreted);KW-0800 (Toxin);KW-0812 (Transmembrane);KW-0843 (Virulence);KW-0862 (Zinc),Clostridiaceae,Clostridium,botB,Botulinum neurotoxin type B,BXB_CLOBK
B5AR80,flavin monoamine oxidase family|IC,PF01593 (Amino_oxidase)|279.8,CL0063 (NADP_Rossmann),KW-0044 (Antibiotic);KW-0929 (Antimicrobial);KW-0053 (Apoptosis);KW-0204 (Cytolysis);KW-0903 (Direct protein sequencing);KW-1015 (Disulfide bond);KW-0274 (FAD);KW-0285 (Flavoprotein);KW-0325 (Glycoprotein);KW-0354 (Hemolysis);KW-1199 (Hemostasis impairing toxin);KW-0560 (Oxidoreductase);KW-1202 (Platelet aggregation activating toxin);KW-0964 (Secreted);KW-0732 (Signal);KW-0800 (Toxin),Viperidae,Bothrops,,L-amino-acid oxidase,OXLA_BOTPA
B8K1W0,venom metalloproteinase (M12B) family|IC,PF00200 (Disintegrin)|69.0;PF01421 (Reprolysin)|203.1;PF01562 (Pep_M12B_propep)|66.9;PF08516 (ADAM_CR)|56.7,CL0126 (Peptidase_MA);CL0750 (ADAM_CR_sf),KW-0106 (Calcium);KW-0903 (Direct protein sequencing);KW-1015 (Disulfide bond);KW-1206 (Fibrinogenolytic toxin);KW-0325 (Glycoprotein);KW-1200 (Hemorrhagic toxin);KW-1199 (Hemostasis impairing toxin);KW-0378 (Hydrolase);KW-0479 (Metal-binding);KW-0482 (Metalloprotease);KW-0645 (Protease);KW-0964 (Secreted);KW-0732 (Signal);KW-0800 (Toxin);KW-0862 (Zinc);KW-0865 (Zymogen),Viperidae,Daboia,,Zinc metalloproteinase-disintegrin-like daborhagin-K,VM3DK_DABRR
B9W5G6,actinoporin family|IC,PF06369 (Anemone_cytotox)|334.0,CL0872 (PfC-like),KW-0002 (3D-structure);KW-0204 (Cytolysis);KW-0903 (Direct protein sequencing);KW-0406 (Ion transport);KW-0446 (Lipid-binding);KW-0472 (Membrane);KW-0166 (Nematocyst);KW-0964 (Secreted);KW-1052 (Target cell membrane);KW-1053 (Target membrane);KW-0800 (Toxin);KW-0812 (Transmembrane);KW-0813 (Transport),Actiniidae,Actinia,,DELTA-actitoxin-Afr1a,ACTPC_ACTFR
C0HJM9,long (4 C-C) scorpion toxin superfamily|IC,PF00537 (Toxin_3)|51.2,CL0054 (Knottin_1),KW-0027 (Amidation);KW-0903 (Direct protein sequencing);KW-1015 (Disulfide bond);KW-0872 (Ion channel impairing toxin);KW-0528 (Neurotoxin);KW-0964 (Secreted);KW-0732 (Signal);KW-0800 (Toxin);KW-0738 (Voltage-gated sodium channel impairing toxin),Buthidae,Tityus,,Toxin Tf2,SCX2_TITFA
C0HK69,long (4 C-C) scorpion toxin superfamily|IC,PF00537 (Toxin_3)|31.3,CL0054 (Knottin_1),KW-0002 (3D-structure);KW-0027 (Amidation);KW-0903 (Direct protein sequencing);KW-1015 (Disulfide bond);KW-0872 (Ion channel impairing toxin);KW-0528 (Neurotoxin);KW-0964 (Secreted);KW-0800 (Toxin);KW-0738 (Voltage-gated sodium channel impairing toxin),Buthidae,Centruroides,,Beta-toxin Cl13,SCXD_CENLI
C0HLF0,phospholipase A2 family|IC,PF00068 (Phospholip_A2_1)|115.7,CL0629 (PLA2),KW-1203 (Blood coagulation cascade inhibiting toxin);KW-0106 (Calcium);KW-0903 (Direct protein sequencing);KW-1015 (Disulfide bond);KW-1199 (Hemostasis impairing toxin);KW-0378 (Hydrolase);KW-0442 (Lipid degradation);KW-0443 (Lipid metabolism);KW-0479 (Metal-binding);KW-0959 (Myotoxin);KW-0597 (Phosphoprotein);KW-0964 (Secreted);KW-0800 (Toxin),Viperidae,Porthidium,,Basic phospholipase A2,PA2_POROP
C0HM68,sea anemone type 3 (BDS) potassium channel toxin family|IC,PF07936 (Defensin_4)|51.0,CL0075 (Defensin),KW-0008 (Acetylcholine receptor inhibiting toxin);KW-0108 (Calcium channel impairing toxin);KW-0165 (Cleavage on pair of basic residues);KW-0903 (Direct protein sequencing);KW-1015 (Disulfide bond);KW-0872 (Ion channel impairing toxin);KW-0166 (Nematocyst);KW-0528 (Neurotoxin);KW-0558 (Oxidation);KW-0629 (Postsynaptic neurotoxin);KW-0632 (Potassium channel impairing toxin);KW-1275 (Proton-gated sodium channel impairing toxin);KW-0964 (Secreted);KW-0732 (Signal);KW-0800 (Toxin);KW-1218 (Voltage-gated calcium channel impairing toxin);KW-1220 (Voltage-gated potassium channel impairing toxin);KW-0738 (Voltage-gated sodium channel impairing toxin),Stichodactylidae,Heteractis,,Pi/alpha-stichotoxin-Hmg5b,BDSB2_HETMG
D2X8K2,phospholipase A2 family|IC,PF00068 (Phospholip_A2_1)|106.0,CL0629 (PLA2),KW-1203 (Blood coagulation cascade inhibiting toxin);KW-0903 (Direct protein sequencing);KW-1015 (Disulfide bond);KW-1199 (Hemostasis impairing toxin);KW-0378 (Hydrolase);KW-0395 (Inflammatory response);KW-0479 (Metal-binding);KW-0959 (Myotoxin);KW-0166 (Nematocyst);KW-0964 (Secreted);KW-0800 (Toxin),Actiniidae,Condylactis,,Phospholipase A2 A2-actitoxin-Cgg2a,PA2_CONGI
D2Y1X8,neurotoxin 10 (Hwtx-1) family|IC,,,KW-0027 (Amidation);KW-0903 (Direct protein sequencing);KW-1015 (Disulfide bond);KW-0872 (Ion channel impairing toxin);KW-0960 (Knottin);KW-0528 (Neurotoxin);KW-0964 (Secreted);KW-0732 (Signal);KW-0800 (Toxin);KW-0738 (Voltage-gated sodium channel impairing toxin),Theraphosidae,Cyriopagopus,,Mu-theraphotoxin-Hhn2b 3,H1A03_CYRHA
D2Y1X9,neurotoxin 10 (Hwtx-1) family|IC,,,KW-0002 (3D-structure);KW-0027 (Amidation);KW-0903 (Direct protein sequencing);KW-1015 (Disulfide bond);KW-0872 (Ion channel impairing toxin);KW-0960 (Knottin);KW-0528 (Neurotoxin);KW-0638 (Presynaptic neurotoxin);KW-0964 (Secreted);KW-0732 (Signal);KW-0800 (Toxin);KW-0738 (Voltage-gated sodium channel impairing toxin),Theraphosidae,Cyriopagopus,,Hainantoxin-III 1,H3A01_CYRHA
D2Y2D2,neurotoxin 10 (Hwtx-1) family|IC,,,KW-0027 (Amidation);KW-0903 (Direct protein sequencing);KW-1015 (Disulfide bond);KW-0872 (Ion channel impairing toxin);KW-0960 (Knottin);KW-0528 (Neurotoxin);KW-0638 (Presynaptic neurotoxin);KW-0964 (Secreted);KW-0732 (Signal);KW-0800 (Toxin);KW-0738 (Voltage-gated sodium channel impairing toxin),Theraphosidae,Cyriopagopus,,Hainantoxin-III 10,H3A10_CYRHA
D3TTC2,venom metalloproteinase (M12B) family|IC,PF00200 (Disintegrin)|70.1;PF01421 (Reprolysin)|211.8;PF01562 (Pep_M12B_propep)|64.6;PF08516 (ADAM_CR)|55.7,CL0126 (Peptidase_MA);CL0750 (ADAM_CR_sf),KW-0002 (3D-structure);KW-0106 (Calcium);KW-0903 (Direct protein sequencing);KW-1015 (Disulfide bond);KW-0325 (Glycoprotein);KW-0378 (Hydrolase);KW-0479 (Metal-binding);KW-0482 (Metalloprotease);KW-0645 (Protease);KW-0964 (Secreted);KW-0732 (Signal);KW-0800 (Toxin);KW-0862 (Zinc);KW-0865 (Zymogen),Elapidae,Naja,,Zinc metalloproteinase-disintegrin-like atragin,VM3H_NAJAT
E5D3Z8,arthropod phospholipase D family|IC,,,KW-0204 (Cytolysis);KW-1061 (Dermonecrotic toxin);KW-1015 (Disulfide bond);KW-0354 (Hemolysis);KW-0442 (Lipid degradation);KW-0443 (Lipid metabolism);KW-0456 (Lyase);KW-0460 (Magnesium);KW-0479 (Metal-binding);KW-0964 (Secreted);KW-0732 (Signal);KW-0800 (Toxin);KW-0865 (Zymogen),Sicariidae,Loxosceles,,Dermonecrotic toxin,A31_LOXLA
F8QN53,phospholipase A2 family|IC,PF00068 (Phospholip_A2_1)|120.3,CL0629 (PLA2),KW-1203 (Blood coagulation cascade inhibiting toxin);KW-0903 (Direct protein sequencing);KW-1015 (Disulfide bond);KW-1200 (Hemorrhagic toxin);KW-1199 (Hemostasis impairing toxin);KW-0378 (Hydrolase);KW-0442 (Lipid degradation);KW-0443 (Lipid metabolism);KW-0479 (Metal-binding);KW-1201 (Platelet aggregation inhibiting toxin);KW-0964 (Secreted);KW-0732 (Signal);KW-0800 (Toxin),Viperidae,Vipera,,Acidic phospholipase A2 Vur-PL2B,PA2A2_VIPRE
G3CJR9,CRISP family|IC,PF00188 (CAP)|79.0,CL0659 (CAP),KW-0049 (Antioxidant);KW-0325 (Glycoprotein);KW-1199 (Hemostasis impairing toxin);KW-0358 (Heparin-binding);KW-0479 (Metal-binding);KW-1201 (Platelet aggregation inhibiting toxin);KW-0964 (Secreted);KW-0732 (Signal);KW-0800 (Toxin),Reduviidae,Dipetalogaster,,Salivary antigen-5,VA5_DIPMA
J7QLC0,In the N-terminal section|IC,,,KW-0002 (3D-structure);KW-0067 (ATP-binding);KW-0106 (Calcium);KW-0112 (Calmodulin-binding);KW-0115 (cAMP biosynthesis);KW-0204 (Cytolysis);KW-0354 (Hemolysis);KW-1032 (Host cell membrane);KW-1043 (Host membrane);KW-0449 (Lipoprotein);KW-0456 (Lyase);KW-0472 (Membrane);KW-0519 (Myristate);KW-0547 (Nucleotide-binding);KW-0564 (Palmitate);KW-1185 (Reference proteome);KW-0677 (Repeat);KW-0964 (Secreted);KW-0800 (Toxin);KW-0812 (Transmembrane);KW-0843 (Virulence);KW-0855 (Whooping cough),Alcaligenaceae,Bordetella,cya,Bifunctional hemolysin/adenylate cyclase,CYAA_BORP1
N0A5N4,peptidase S1 family|IC,PF00089 (Trypsin)|203.3,CL0124 (Peptidase_PA),KW-0903 (Direct protein sequencing);KW-1015 (Disulfide bond);KW-1206 (Fibrinogenolytic toxin);KW-1205 (Fibrinolytic toxin);KW-0325 (Glycoprotein);KW-1199 (Hemostasis impairing toxin);KW-0378 (Hydrolase);KW-1202 (Platelet aggregation activating toxin);KW-0645 (Protease);KW-0964 (Secreted);KW-0720 (Serine protease);KW-0800 (Toxin),Viperidae,Gloydius,,Thrombin-like enzyme agkihpin-2,VAE2_GLOHA
O05442,,PF14021 (TNT)|54.4;PF25547 (WXG100_2)|30.1,CL0084 (ADP-ribosyl);CL0352 (EsxAB),KW-0002 (3D-structure);KW-0998 (Cell outer membrane);KW-1035 (Host cytoplasm);KW-0378 (Hydrolase);KW-0406 (Ion transport);KW-0472 (Membrane);KW-0520 (NAD);KW-0626 (Porin);KW-1185 (Reference proteome);KW-0964 (Secreted);KW-0800 (Toxin);KW-0812 (Transmembrane);KW-1134 (Transmembrane beta strand);KW-0813 (Transport);KW-0843 (Virulence),Mycobacteriaceae,Mycobacterium,cpnT,Outer membrane channel protein CpnT,CPNT_MYCTU
O16846,sea anemone type 1 potassium channel toxin family|IC,,,KW-0165 (Cleavage on pair of basic residues);KW-0903 (Direct protein sequencing);KW-1015 (Disulfide bond);KW-0872 (Ion channel impairing toxin);KW-0166 (Nematocyst);KW-0528 (Neurotoxin);KW-0632 (Potassium channel impairing toxin);KW-0964 (Secreted);KW-0732 (Signal);KW-0800 (Toxin);KW-1220 (Voltage-gated potassium channel impairing toxin),Stichodactylidae,Heteractis,,Kappa-stichotoxin-Hmg1a,1AK_HETMG
O18423,lysenin family|IC,,,KW-0002 (3D-structure);KW-0044 (Antibiotic);KW-0929 (Antimicrobial);KW-0204 (Cytolysis);KW-0903 (Direct protein sequencing);KW-1015 (Disulfide bond);KW-0354 (Hemolysis);KW-0406 (Ion transport);KW-0472 (Membrane);KW-0964 (Secreted);KW-1052 (Target cell membrane);KW-1053 (Target membrane);KW-0800 (Toxin);KW-0812 (Transmembrane);KW-0813 (Transport),Lumbricidae,Eisenia,,Lysenin,TXL_EISFE
O57385,phospholipase A2 family|IC,PF00068 (Phospholip_A2_1)|109.5,CL0629 (PLA2),KW-0002 (3D-structure);KW-0903 (Direct protein sequencing);KW-1015 (Disulfide bond);KW-0959 (Myotoxin);KW-0964 (Secreted);KW-0732 (Signal);KW-0800 (Toxin),Viperidae,Deinagkistrodon,,Basic phospholipase A2 homolog acutohaemolysin,PA2H_DEIAC
P00588,,PF01324 (Diphtheria_R)|276.7;PF02763 (Diphtheria_C)|437.0;PF02764 (Diphtheria_T)|278.2,CL0084 (ADP-ribosyl),KW-0002 (3D-structure);KW-0165 (Cleavage on pair of basic residues);KW-0903 (Direct protein sequencing);KW-1015 (Disulfide bond);KW-0328 (Glycosyltransferase);KW-0520 (NAD);KW-0548 (Nucleotidyltransferase);KW-0732 (Signal);KW-0800 (Toxin);KW-0808 (Transferase),,Lambdavirus,,Diphtheria toxin,DTX_CORBE
P00598,phospholipase A2 family|IC,PF00068 (Phospholip_A2_1)|121.3,CL0629 (PLA2),KW-0002 (3D-structure);KW-1203 (Blood coagulation cascade inhibiting toxin);KW-0106 (Calcium);KW-0903 (Direct protein sequencing);KW-1015 (Disulfide bond);KW-1214 (G-protein coupled acetylcholine receptor impairing toxin);KW-1213 (G-protein coupled receptor impairing toxin);KW-1199 (Hemostasis impairing toxin);KW-0378 (Hydrolase);KW-0442 (Lipid degradation);KW-0443 (Lipid metabolism);KW-0479 (Metal-binding);KW-0528 (Neurotoxin);KW-0964 (Secreted);KW-0732 (Signal);KW-0800 (Toxin),Elapidae,Naja,,Acidic phospholipase A2 1,PA2A1_NAJAT
P00608,phospholipase A2 family|IC,PF00068 (Phospholip_A2_1)|109.4,CL0629 (PLA2),KW-0002 (3D-structure);KW-0106 (Calcium);KW-0903 (Direct protein sequencing);KW-1015 (Disulfide bond);KW-0378 (Hydrolase);KW-0442 (Lipid degradation);KW-0443 (Lipid metabolism);KW-0479 (Metal-binding);KW-0959 (Myotoxin);KW-0528 (Neurotoxin);KW-0638 (Presynaptic neurotoxin);KW-0964 (Secreted);KW-0800 (Toxin),Elapidae,Notechis,,Basic phospholipase A2 notexin,PA2B_NOTSC
P00629,phospholipase A2 family|IC,PF00068 (Phospholip_A2_1)|116.2,CL0629 (PLA2),KW-0106 (Calcium);KW-0903 (Direct protein sequencing);KW-1015 (Disulfide bond);KW-0378 (Hydrolase);KW-0442 (Lipid degradation);KW-0443 (Lipid metabolism);KW-0479 (Metal-binding);KW-0528 (Neurotoxin);KW-0638 (Presynaptic neurotoxin);KW-0964 (Secreted);KW-0732 (Signal);KW-0800 (Toxin),Elapidae,Bungarus,,Basic phospholipase A2 Vb-2,PA2B3_BUNFA
P00981,venom Kunitz-type family|IC,PF00014 (Kunitz_BPTI)|69.4,CL0894 (BPTI),KW-0002 (3D-structure);KW-0903 (Direct protein sequencing);KW-1015 (Disulfide bond);KW-0872 (Ion channel impairing toxin);KW-0528 (Neurotoxin);KW-0632 (Potassium channel impairing toxin);KW-0964 (Secreted);KW-0732 (Signal);KW-0800 (Toxin);KW-1220 (Voltage-gated potassium channel impairing toxin),Elapidae,Dendroaspis,,Kunitz-type serine protease inhibitor homolog dendrotoxin K,VKTHK_DENPO
P01501,melittin family|IC,PF01372 (Melittin)|66.7,,KW-0002 (3D-structure);KW-0020 (Allergen);KW-0027 (Amidation);KW-0929 (Antimicrobial);KW-0204 (Cytolysis);KW-0903 (Direct protein sequencing);KW-0291 (Formylation);KW-0354 (Hemolysis);KW-0406 (Ion transport);KW-0472 (Membrane);KW-0582 (Pharmaceutical);KW-0626 (Porin);KW-1185 (Reference proteome);KW-0964 (Secreted);KW-0732 (Signal);KW-1052 (Target cell membrane);KW-1053 (Target membrane);KW-0800 (Toxin);KW-0812 (Transmembrane);KW-0813 (Transport),Apidae,Apis,MELT,Melittin,MEL_APIME
P01522,conotoxin O1 superfamily|IC,PF02950 (Conotoxin)|52.9,CL0083 (Omega_toxin),KW-0002 (3D-structure);KW-0027 (Amidation);KW-0108 (Calcium channel impairing toxin);KW-0903 (Direct protein sequencing);KW-1015 (Disulfide bond);KW-0379 (Hydroxylation);KW-0872 (Ion channel impairing toxin);KW-0960 (Knottin);KW-0528 (Neurotoxin);KW-0638 (Presynaptic neurotoxin);KW-0964 (Secreted);KW-0732 (Signal);KW-0800 (Toxin);KW-1218 (Voltage-gated calcium channel impairing toxin),Conidae,Conus,,Omega-conotoxin GVIA,O16A_CONGE
P01525,worm B-toxin family|IC,PF07822 (Toxin_13)|129.4,,KW-0002 (3D-structure);KW-0903 (Direct protein sequencing);KW-1015 (Disulfide bond);KW-0379 (Hydroxylation);KW-0872 (Ion channel impairing toxin);KW-0528 (Neurotoxin);KW-0964 (Secreted);KW-0800 (Toxin);KW-0738 (Voltage-gated sodium channel impairing toxin),Lineidae,Cerebratulus,,Neurotoxin B-IV,NXB4_CERLA
P01535,sea anemone short toxin (type III) family|IC,PF08098 (ATX_III)|49.5,,KW-0002 (3D-structure);KW-0903 (Direct protein sequencing);KW-1015 (Disulfide bond);KW-0872 (Ion channel impairing toxin);KW-0166 (Nematocyst);KW-0528 (Neurotoxin);KW-0964 (Secreted);KW-0800 (Toxin);KW-0738 (Voltage-gated sodium channel impairing toxin),Actiniidae,Anemonia,,Delta-actitoxin-Avd2a,STX3_ANESU
P04361,phospholipase A2 family|IC,,,KW-0002 (3D-structure);KW-0903 (Direct protein sequencing);KW-1015 (Disulfide bond);KW-0959 (Myotoxin);KW-0964 (Secreted);KW-0800 (Toxin),Viperidae,Agkistrodon,,Basic phospholipase A2 homolog AppP2,PA2HB_AGKPI
P05519,delta endotoxin family|IC,PF00555 (Endotoxin_M)|134.1;PF03944 (Endotoxin_C)|124.9;PF03945 (Endotoxin_N)|83.7;PF17997 (Cry1Ac_D5)|245.3;PF21463 (Cry1Ac_dom-VII)|122.9,CL0202 (GBD);CL0568 (Man_lectin),KW-0002 (3D-structure);KW-0903 (Direct protein sequencing);KW-0460 (Magnesium);KW-0614 (Plasmid);KW-0732 (Signal);KW-0749 (Sporulation);KW-0800 (Toxin);KW-0843 (Virulence),Bacillaceae,Bacillus,cry4Ba,Pesticidal crystal protein Cry4B protoxin,CR4BA_BACTI
P06750,In the N-terminal section|IC,PF00161 (RIP)|195.5;PF00652 (Ricin_B_lectin)|167.1,CL0066 (Trefoil),KW-0002 (3D-structure);KW-0903 (Direct protein sequencing);KW-1015 (Disulfide bond);KW-0325 (Glycoprotein);KW-0378 (Hydrolase);KW-0430 (Lectin);KW-0547 (Nucleotide-binding);KW-0611 (Plant defense);KW-0652 (Protein synthesis inhibitor);KW-0677 (Repeat);KW-0732 (Signal);KW-0800 (Toxin),Euphorbiaceae,Ricinus,,Agglutinin,AGGL_RICCO
P07231,conotoxin B superfamily|IC,,,KW-0002 (3D-structure);KW-0027 (Amidation);KW-0106 (Calcium);KW-0165 (Cleavage on pair of basic residues);KW-0903 (Direct protein sequencing);KW-0301 (Gamma-carboxyglutamic acid);KW-0872 (Ion channel impairing toxin);KW-1028 (Ionotropic glutamate receptor inhibitor);KW-0460 (Magnesium);KW-0479 (Metal-binding);KW-0528 (Neurotoxin);KW-0582 (Pharmaceutical);KW-0629 (Postsynaptic neurotoxin);KW-0964 (Secreted);KW-0732 (Signal);KW-0800 (Toxin),Conidae,Conus,,Conantokin-G,CKG_CONGE
P08434,rotavirus NSP4 family|SAM,PF01452 (Rota_NSP4)|341.5,,KW-0002 (3D-structure);KW-1072 (Activation of host autophagy by virus);KW-0106 (Calcium);KW-0260 (Enterotoxin);KW-0325 (Glycoprotein);KW-1038 (Host endoplasmic reticulum);KW-1043 (Host membrane);KW-0945 (Host-virus interaction);KW-0407 (Ion channel);KW-0406 (Ion transport);KW-0472 (Membrane);KW-0479 (Metal-binding);KW-0964 (Secreted);KW-0735 (Signal-anchor);KW-0800 (Toxin);KW-0812 (Transmembrane);KW-1133 (Transmembrane helix);KW-0813 (Transport);KW-1182 (Viral ion channel);KW-0843 (Virulence),Sedoreoviridae,Rotavirus,,Non-structural glycoprotein 4,NSP4_ROTBN
P09872,peptidase S1 family|SAM,PF00089 (Trypsin)|209.1,CL0124 (Peptidase_PA),KW-0002 (3D-structure);KW-1203 (Blood coagulation cascade inhibiting toxin);KW-0903 (Direct protein sequencing);KW-1015 (Disulfide bond);KW-0325 (Glycoprotein);KW-1199 (Hemostasis impairing toxin);KW-0378 (Hydrolase);KW-0645 (Protease);KW-0964 (Secreted);KW-0720 (Serine protease);KW-0800 (Toxin),Viperidae,Agkistrodon,,Protein C activator,VSPCA_AGKCO
P0A0L2,staphylococcal/streptococcal toxin family|IC,PF01123 (Stap_Strp_toxin)|109.0;PF02876 (Stap_Strp_tox_C)|91.4,CL0072 (Ubiquitin);CL0658 (OB_enterotoxin),KW-0002 (3D-structure);KW-0903 (Direct protein sequencing);KW-1015 (Disulfide bond);KW-0260 (Enterotoxin);KW-0479 (Metal-binding);KW-0964 (Secreted);KW-0732 (Signal);KW-0766 (Superantigen);KW-0800 (Toxin);KW-0862 (Zinc),Staphylococcaceae,Staphylococcus,entA,Enterotoxin type A,ETXA_STAAU
P0C023,formicidae venom precursor-01 superfamily|IC,,,KW-0020 (Allergen);KW-0027 (Amidation);KW-0044 (Antibiotic);KW-0929 (Antimicrobial);KW-0204 (Cytolysis);KW-0903 (Direct protein sequencing);KW-1015 (Disulfide bond);KW-0354 (Hemolysis);KW-0964 (Secreted);KW-0800 (Toxin),Formicidae,Myrmecia,,M-myrmeciitoxin-Mp2b,TX2B_MYRPI
P0C349,conotoxin M superfamily|IC,,,KW-0027 (Amidation);KW-0903 (Direct protein sequencing);KW-1015 (Disulfide bond);KW-0379 (Hydroxylation);KW-0872 (Ion channel impairing toxin);KW-0528 (Neurotoxin);KW-0964 (Secreted);KW-0800 (Toxin);KW-0738 (Voltage-gated sodium channel impairing toxin),Conidae,Conus,,Mu-conotoxin SIIIC,CM3C_CONST
P0C350,conotoxin M superfamily|IC,PF05374 (Mu-conotoxin)|20.5,CL0083 (Omega_toxin),KW-0027 (Amidation);KW-1015 (Disulfide bond);KW-0379 (Hydroxylation);KW-0872 (Ion channel impairing toxin);KW-0528 (Neurotoxin);KW-0964 (Secreted);KW-0800 (Toxin);KW-0738 (Voltage-gated sodium channel impairing toxin),Conidae,Conus,,Mu-conotoxin TIIIA,CM3A_CONTU
P0C5B4,peptidase S1 family|SAM,PF00089 (Trypsin)|209.6,CL0124 (Peptidase_PA),KW-1204 (Blood coagulation cascade activating toxin);KW-1015 (Disulfide bond);KW-0325 (Glycoprotein);KW-1199 (Hemostasis impairing toxin);KW-0378 (Hydrolase);KW-0645 (Protease);KW-0964 (Secreted);KW-0720 (Serine protease);KW-0732 (Signal);KW-0800 (Toxin);KW-0865 (Zymogen),Viperidae,Gloydius,,Thrombin-like enzyme gloshedobin,VSPGL_GLOSH
P0C6E4,venom metalloproteinase (M12B) family|IC,PF00200 (Disintegrin)|43.6;PF01421 (Reprolysin)|204.7;PF01562 (Pep_M12B_propep)|64.9,CL0126 (Peptidase_MA),KW-1217 (Cell adhesion impairing toxin);KW-0903 (Direct protein sequencing);KW-1015 (Disulfide bond);KW-1199 (Hemostasis impairing toxin);KW-0378 (Hydrolase);KW-0479 (Metal-binding);KW-0482 (Metalloprotease);KW-1201 (Platelet aggregation inhibiting toxin);KW-0645 (Protease);KW-0964 (Secreted);KW-0732 (Signal);KW-0800 (Toxin);KW-0862 (Zinc);KW-0865 (Zymogen),Viperidae,Protobothrops,,Zinc metalloproteinase/disintegrin,VM2JN_PROJR
P0C829,conotoxin A superfamily|IC,PF07365 (Toxin_8)|62.8,,KW-0027 (Amidation);KW-0903 (Direct protein sequencing);KW-1015 (Disulfide bond);KW-0325 (Glycoprotein);KW-0379 (Hydroxylation);KW-0872 (Ion channel impairing toxin);KW-0528 (Neurotoxin);KW-0873 (Pyrrolidone carboxylic acid);KW-0964 (Secreted);KW-0732 (Signal);KW-0800 (Toxin);KW-0738 (Voltage-gated sodium channel impairing toxin),Conidae,Conus,,Conotoxin SIVB,CA4B_CONST
P0C8G6,,PF01823 (MACPF)|78.1,CL0293 (CDC),KW-0903 (Direct protein sequencing);KW-1015 (Disulfide bond);KW-0260 (Enterotoxin);KW-0325 (Glycoprotein);KW-0348 (Hemagglutinin);KW-0449 (Lipoprotein);KW-0472 (Membrane);KW-0528 (Neurotoxin);KW-0964 (Secreted);KW-0732 (Signal);KW-0758 (Storage protein);KW-1052 (Target cell membrane);KW-1053 (Target membrane);KW-0800 (Toxin),Ampullariidae,Pomacea,,Perivitellin-2 67 kDa subunit,PV21_POMCA
P0CAS5,phospholipase A2 family|IC,PF00068 (Phospholip_A2_1)|115.5,CL0629 (PLA2),KW-0044 (Antibiotic);KW-0929 (Antimicrobial);KW-0106 (Calcium);KW-0903 (Direct protein sequencing);KW-1015 (Disulfide bond);KW-0378 (Hydrolase);KW-0442 (Lipid degradation);KW-0443 (Lipid metabolism);KW-0479 (Metal-binding);KW-0528 (Neurotoxin);KW-0964 (Secreted);KW-0800 (Toxin),Viperidae,Crotalus,,Basic phospholipase A2 F15,PA2BE_CRODU
P0CE80,arthropod phospholipase D family|IC,PF13653 (GDPD_2)|41.1,CL0036 (TIM_barrel),KW-0002 (3D-structure);KW-0204 (Cytolysis);KW-1061 (Dermonecrotic toxin);KW-0903 (Direct protein sequencing);KW-1015 (Disulfide bond);KW-0354 (Hemolysis);KW-0442 (Lipid degradation);KW-0443 (Lipid metabolism);KW-0456 (Lyase);KW-0460 (Magnesium);KW-0479 (Metal-binding);KW-0964 (Secreted);KW-0732 (Signal);KW-0800 (Toxin);KW-0865 (Zymogen),Sicariidae,Loxosceles,,Dermonecrotic toxin LiSicTox-alphaIA1a,A1HA_LOXIN
P0CE84,arthropod phospholipase D family|IC,PF13653 (GDPD_2)|44.9,CL0036 (TIM_barrel),KW-0204 (Cytolysis);KW-1061 (Dermonecrotic toxin);KW-0903 (Direct protein sequencing);KW-1015 (Disulfide bond);KW-0325 (Glycoprotein);KW-0354 (Hemolysis);KW-0442 (Lipid degradation);KW-0443 (Lipid metabolism);KW-0456 (Lyase);KW-0460 (Magnesium);KW-0479 (Metal-binding);KW-0964 (Secreted);KW-0800 (Toxin);KW-0865 (Zymogen),Sicariidae,Loxosceles,,Dermonecrotic toxin LiSicTox-alphaIA2aii,A1IA2_LOXIN
P0CG03,peptidase S1 family|SAM,PF00089 (Trypsin)|195.1,CL0124 (Peptidase_PA),KW-1204 (Blood coagulation cascade activating toxin);KW-0204 (Cytolysis);KW-0903 (Direct protein sequencing);KW-1015 (Disulfide bond);KW-0325 (Glycoprotein);KW-0354 (Hemolysis);KW-1199 (Hemostasis impairing toxin);KW-0378 (Hydrolase);KW-0959 (Myotoxin);KW-0645 (Protease);KW-0964 (Secreted);KW-0720 (Serine protease);KW-0732 (Signal);KW-0800 (Toxin);KW-0865 (Zymogen),Viperidae,Bothrops,,Thrombin-like enzyme bhalternin,VSPBH_BOTAL
P0DI90,flavin monoamine oxidase family|IC,,,KW-0044 (Antibiotic);KW-0929 (Antimicrobial);KW-0053 (Apoptosis);KW-0204 (Cytolysis);KW-0903 (Direct protein sequencing);KW-1015 (Disulfide bond);KW-0274 (FAD);KW-0285 (Flavoprotein);KW-0325 (Glycoprotein);KW-0354 (Hemolysis);KW-1199 (Hemostasis impairing toxin);KW-0560 (Oxidoreductase);KW-0964 (Secreted);KW-0800 (Toxin),Viperidae,Daboia,,L-amino-acid oxidase L2,OXLA2_DABRR
P0DJ41,short scorpion toxin superfamily|IC,,,KW-0002 (3D-structure);KW-0008 (Acetylcholine receptor inhibiting toxin);KW-0027 (Amidation);KW-0165 (Cleavage on pair of basic residues);KW-0903 (Direct protein sequencing);KW-1015 (Disulfide bond);KW-0872 (Ion channel impairing toxin);KW-0528 (Neurotoxin);KW-0629 (Postsynaptic neurotoxin);KW-0632 (Potassium channel impairing toxin);KW-0964 (Secreted);KW-0732 (Signal);KW-0800 (Toxin);KW-1220 (Voltage-gated potassium channel impairing toxin),Scorpionidae,Heterometrus,,Potassium channel toxin kappa-KTx 5.1,KKX51_HETLA
P0DJ43,venom metalloproteinase (M12B) family|IC,,,KW-1204 (Blood coagulation cascade activating toxin);KW-0903 (Direct protein sequencing);KW-1015 (Disulfide bond);KW-1199 (Hemostasis impairing toxin);KW-0378 (Hydrolase);KW-0479 (Metal-binding);KW-0482 (Metalloprotease);KW-0645 (Protease);KW-0655 (Prothrombin activator);KW-0964 (Secreted);KW-0800 (Toxin);KW-0862 (Zinc),Elapidae,Micropechis,,Zinc metalloproteinase-disintegrin-like mikarin,VM3_MICIK
P0DJE2,venom metalloproteinase (M12B) family|IC,PF01421 (Reprolysin)|57.3,CL0126 (Peptidase_MA),KW-0106 (Calcium);KW-0903 (Direct protein sequencing);KW-1015 (Disulfide bond);KW-1206 (Fibrinogenolytic toxin);KW-0325 (Glycoprotein);KW-1200 (Hemorrhagic toxin);KW-1199 (Hemostasis impairing toxin);KW-0378 (Hydrolase);KW-0479 (Metal-binding);KW-0482 (Metalloprotease);KW-0645 (Protease);KW-0964 (Secreted);KW-0800 (Toxin);KW-0862 (Zinc),Viperidae,Vipera,,Zinc metalloproteinase-disintegrin-like ammodytagin,VM3A_VIPAA
P0DJH5,venom metalloproteinase (M12B) family|IC,,,KW-0106 (Calcium);KW-0903 (Direct protein sequencing);KW-1015 (Disulfide bond);KW-1206 (Fibrinogenolytic toxin);KW-0325 (Glycoprotein);KW-1200 (Hemorrhagic toxin);KW-1199 (Hemostasis impairing toxin);KW-0378 (Hydrolase);KW-0479 (Metal-binding);KW-0482 (Metalloprotease);KW-0645 (Protease);KW-0964 (Secreted);KW-0800 (Toxin);KW-0862 (Zinc);KW-0865 (Zymogen),Viperidae,Daboia,,Zinc metalloproteinase-disintegrin-like daborhagin-M,VM3DM_DABSI
P0DJJ6,venom metalloproteinase (M12B) family|IC,,,KW-0903 (Direct protein sequencing);KW-1015 (Disulfide bond);KW-1206 (Fibrinogenolytic toxin);KW-1205 (Fibrinolytic toxin);KW-1199 (Hemostasis impairing toxin);KW-0378 (Hydrolase);KW-0479 (Metal-binding);KW-0482 (Metalloprotease);KW-0645 (Protease);KW-0964 (Secreted);KW-0800 (Toxin);KW-0862 (Zinc),Viperidae,Bothrops,,Snake venom metalloproteinase BleucMP,VM1B_BOTLC
P0DJJ9,phospholipase A2 family|IC,PF00068 (Phospholip_A2_1)|109.8,CL0629 (PLA2),KW-0002 (3D-structure);KW-1203 (Blood coagulation cascade inhibiting toxin);KW-0903 (Direct protein sequencing);KW-1015 (Disulfide bond);KW-1199 (Hemostasis impairing toxin);KW-0378 (Hydrolase);KW-0479 (Metal-binding);KW-0959 (Myotoxin);KW-0964 (Secreted);KW-0732 (Signal);KW-0800 (Toxin),Viperidae,Protobothrops,,Basic phospholipase A2 BP-II,PA2B2_PROFL
P0DJN7,phospholipase A2 family|IC,PF00068 (Phospholip_A2_1)|120.5,CL0629 (PLA2),KW-0106 (Calcium);KW-0903 (Direct protein sequencing);KW-1015 (Disulfide bond);KW-0378 (Hydrolase);KW-0442 (Lipid degradation);KW-0443 (Lipid metabolism);KW-0479 (Metal-binding);KW-0959 (Myotoxin);KW-0964 (Secreted);KW-0732 (Signal);KW-0800 (Toxin),Viperidae,Crotalus,,Basic phospholipase A2 Cll-N6,PA2B3_CROLL
P0DM51,phospholipase A2 family|IC,PF00068 (Phospholip_A2_1)|68.9,CL0629 (PLA2),KW-0044 (Antibiotic);KW-0929 (Antimicrobial);KW-1203 (Blood coagulation cascade inhibiting toxin);KW-0106 (Calcium);KW-0903 (Direct protein sequencing);KW-1015 (Disulfide bond);KW-1199 (Hemostasis impairing toxin);KW-0378 (Hydrolase);KW-0442 (Lipid degradation);KW-0443 (Lipid metabolism);KW-0479 (Metal-binding);KW-0959 (Myotoxin);KW-0528 (Neurotoxin);KW-0964 (Secreted);KW-0800 (Toxin),Viperidae,Bothrops,,Basic phospholipase A2 BnpTX-1,PA2B1_BOTPA
P0DPK1,peptidase M27 family|IC,PF01742 (Peptidase_M27)|222.1;PF07951 (Toxin_R_bind_C)|51.5;PF07952 (Toxin_trans)|237.9;PF07953 (Toxin_R_bind_N)|116.6,CL0004 (Concanavalin);CL0066 (Trefoil);CL0126 (Peptidase_MA),KW-0002 (3D-structure);KW-1015 (Disulfide bond);KW-1032 (Host cell membrane);KW-1035 (Host cytoplasm);KW-1036 (Host cytoplasmic vesicle);KW-1043 (Host membrane);KW-1051 (Host synapse);KW-0378 (Hydrolase);KW-0472 (Membrane);KW-0479 (Metal-binding);KW-0482 (Metalloprotease);KW-0528 (Neurotoxin);KW-0645 (Protease);KW-0964 (Secreted);KW-0800 (Toxin);KW-0843 (Virulence);KW-0862 (Zinc),Clostridiaceae,Clostridium,,Botulinum neurotoxin type X,BXX_CLOBO
P0DQM9,,,,KW-0002 (3D-structure);KW-0008 (Acetylcholine receptor inhibiting toxin);KW-0027 (Amidation);KW-0903 (Direct protein sequencing);KW-1015 (Disulfide bond);KW-0528 (Neurotoxin);KW-0629 (Postsynaptic neurotoxin);KW-0964 (Secreted);KW-0800 (Toxin),Conidae,Conus,,Conotoxin Czon1107,CX07_CONZO
P0DV18,ponericin-G family|IC,PF07442 (Ponericin)|29.7,,KW-0044 (Antibiotic);KW-0929 (Antimicrobial);KW-0903 (Direct protein sequencing);KW-0472 (Membrane);KW-0964 (Secreted);KW-1052 (Target cell membrane);KW-1053 (Target membrane);KW-0800 (Toxin),Formicidae,Pachycondyla,,M-poneritoxin-Nc3b,GTX3B_NEOCU
P0DW98,PDGF/VEGF growth factor family|IC,PF00341 (PDGF)|83.5,CL0079 (Cystine-knot),KW-0903 (Direct protein sequencing);KW-1015 (Disulfide bond);KW-0339 (Growth factor);KW-0873 (Pyrrolidone carboxylic acid);KW-0964 (Secreted);KW-0732 (Signal);KW-0800 (Toxin),Viperidae,Protobothrops,,Snake venom vascular endothelial growth factor toxin,TXVE_PROJR
P13128,cholesterol-dependent cytolysin family|IC,PF01289 (Thiol_cytolysin)|542.2;PF17440 (Thiol_cytolys_C)|175.0,CL0293 (CDC),KW-0002 (3D-structure);KW-0204 (Cytolysis);KW-0354 (Hemolysis);KW-1032 (Host cell membrane);KW-1043 (Host membrane);KW-0446 (Lipid-binding);KW-0472 (Membrane);KW-0597 (Phosphoprotein);KW-1185 (Reference proteome);KW-0964 (Secreted);KW-0732 (Signal);KW-0800 (Toxin);KW-0812 (Transmembrane);KW-1134 (Transmembrane beta strand);KW-0832 (Ubl conjugation);KW-0843 (Virulence),Listeriaceae,Listeria,hly,Listeriolysin O,TACY_LISMO
P13423,bacterial binary toxin family|IC,PF03495 (Binary_toxB)|135.0;PF07691 (PA14)|116.9;PF17475 (Binary_toxB_2)|507.9;PF17476 (Binary_toxB_3)|158.1;PF20835 (PA_Ig-like)|243.9,CL0301 (PA14);CL0689 (TSP3),KW-0002 (3D-structure);KW-0106 (Calcium);KW-0165 (Cleavage on pair of basic residues);KW-1032 (Host cell membrane);KW-1039 (Host endosome);KW-1043 (Host membrane);KW-0472 (Membrane);KW-0479 (Metal-binding);KW-0614 (Plasmid);KW-1185 (Reference proteome);KW-0964 (Secreted);KW-0732 (Signal);KW-0800 (Toxin);KW-0812 (Transmembrane);KW-1134 (Transmembrane beta strand);KW-0843 (Virulence),Bacillaceae,Bacillus,pagA,Protective antigen,PAG_BACAN
P13487,short scorpion toxin superfamily|IC,PF00451 (Toxin_2)|52.6,CL0054 (Knottin_1),KW-0002 (3D-structure);KW-0044 (Antibiotic);KW-0929 (Antimicrobial);KW-1221 (Calcium-activated potassium channel impairing toxin);KW-0903 (Direct protein sequencing);KW-1015 (Disulfide bond);KW-0295 (Fungicide);KW-0872 (Ion channel impairing toxin);KW-0528 (Neurotoxin);KW-0632 (Potassium channel impairing toxin);KW-0873 (Pyrrolidone carboxylic acid);KW-0964 (Secreted);KW-0732 (Signal);KW-0800 (Toxin);KW-1220 (Voltage-gated potassium channel impairing toxin),Buthidae,Leiurus,,Potassium channel toxin alpha-KTx 1.1,KAX11_LEIHE
P14421,phospholipase A2 family|IC,PF00068 (Phospholip_A2_1)|115.1,CL0629 (PLA2),KW-0002 (3D-structure);KW-0106 (Calcium);KW-0903 (Direct protein sequencing);KW-1015 (Disulfide bond);KW-0378 (Hydrolase);KW-0442 (Lipid degradation);KW-0443 (Lipid metabolism);KW-0479 (Metal-binding);KW-0528 (Neurotoxin);KW-0638 (Presynaptic neurotoxin);KW-0964 (Secreted);KW-0800 (Toxin),Viperidae,Gloydius,,Neutral phospholipase A2 agkistrodotoxin,PA2N_GLOHA
P14530,venom metalloproteinase (M12B) family|IC,PF00200 (Disintegrin)|53.7;PF01421 (Reprolysin)|211.2;PF01562 (Pep_M12B_propep)|60.7,CL0126 (Peptidase_MA),KW-0106 (Calcium);KW-1217 (Cell adhesion impairing toxin);KW-0903 (Direct protein sequencing);KW-1015 (Disulfide bond);KW-0325 (Glycoprotein);KW-1200 (Hemorrhagic toxin);KW-1199 (Hemostasis impairing toxin);KW-0378 (Hydrolase);KW-0479 (Metal-binding);KW-0482 (Metalloprotease);KW-1201 (Platelet aggregation inhibiting toxin);KW-0645 (Protease);KW-0873 (Pyrrolidone carboxylic acid);KW-0964 (Secreted);KW-0732 (Signal);KW-0800 (Toxin);KW-0862 (Zinc);KW-0865 (Zymogen),Viperidae,Protobothrops,,Zinc metalloproteinase/disintegrin,VM2HA_PROFL
P16154,clostridial glucosylating toxin (LCGT) family|IC,PF01473 (Choline_bind_1)|174.0;PF11713 (Peptidase_C80)|149.9;PF12918 (TcdB_N)|48.5;PF12919 (TcdA_TcdB)|523.3;PF12920 (TcdA_TcdB_pore)|784.0;PF19127 (Choline_bind_3)|363.1,CL0093 (Peptidase_CD);CL0110 (GT-A);CL0694 (Choline_binding),KW-0002 (3D-structure);KW-0068 (Autocatalytic cleavage);KW-0260 (Enterotoxin);KW-0328 (Glycosyltransferase);KW-1032 (Host cell membrane);KW-1035 (Host cytoplasm);KW-1039 (Host endosome);KW-1043 (Host membrane);KW-0378 (Hydrolase);KW-0446 (Lipid-binding);KW-0460 (Magnesium);KW-0464 (Manganese);KW-0472 (Membrane);KW-0479 (Metal-binding);KW-0645 (Protease);KW-0677 (Repeat);KW-0964 (Secreted);KW-0788 (Thiol protease);KW-0800 (Toxin);KW-0808 (Transferase);KW-0843 (Virulence);KW-0862 (Zinc),Peptostreptococcaceae,Clostridioides,tcdA,Toxin A,TCDA_CLODI
P17728,long (4 C-C) scorpion toxin superfamily|IC,PF00537 (Toxin_3)|89.8,CL0054 (Knottin_1),KW-0002 (3D-structure);KW-0903 (Direct protein sequencing);KW-1015 (Disulfide bond);KW-0872 (Ion channel impairing toxin);KW-0528 (Neurotoxin);KW-0964 (Secreted);KW-0732 (Signal);KW-0800 (Toxin);KW-0738 (Voltage-gated sodium channel impairing toxin),Buthidae,Leiurus,,Alpha-insect toxin LqhaIT,SCXA_LEIHE
P20474,phospholipase A2 family|IC,PF00068 (Phospholip_A2_1)|115.4,CL0629 (PLA2),KW-0002 (3D-structure);KW-0044 (Antibiotic);KW-0929 (Antimicrobial);KW-0106 (Calcium);KW-0903 (Direct protein sequencing);KW-1015 (Disulfide bond);KW-0378 (Hydrolase);KW-0442 (Lipid degradation);KW-0443 (Lipid metabolism);KW-0479 (Metal-binding);KW-0959 (Myotoxin);KW-0964 (Secreted);KW-0732 (Signal);KW-0800 (Toxin),Viperidae,Bothrops,,Basic phospholipase A2 myotoxin I,PA2B3_BOTAS
P20897,venom metalloproteinase (M12B) family|IC,PF01421 (Reprolysin)|206.5,CL0126 (Peptidase_MA),KW-0106 (Calcium);KW-0903 (Direct protein sequencing);KW-1015 (Disulfide bond);KW-1200 (Hemorrhagic toxin);KW-1199 (Hemostasis impairing toxin);KW-0378 (Hydrolase);KW-0479 (Metal-binding);KW-0482 (Metalloprotease);KW-0645 (Protease);KW-0873 (Pyrrolidone carboxylic acid);KW-0964 (Secreted);KW-0800 (Toxin);KW-0862 (Zinc),Viperidae,Crotalus,,Snake venom metalloproteinase HT-2,VM1H2_CRORU
P30431,venom metalloproteinase (M12B) family|IC,PF00200 (Disintegrin)|71.7;PF01421 (Reprolysin)|198.1;PF01562 (Pep_M12B_propep)|55.6;PF08516 (ADAM_CR)|63.8,CL0126 (Peptidase_MA);CL0750 (ADAM_CR_sf),KW-0053 (Apoptosis);KW-0106 (Calcium);KW-1217 (Cell adhesion impairing toxin);KW-0903 (Direct protein sequencing);KW-1015 (Disulfide bond);KW-1206 (Fibrinogenolytic toxin);KW-0325 (Glycoprotein);KW-1200 (Hemorrhagic toxin);KW-1199 (Hemostasis impairing toxin);KW-0378 (Hydrolase);KW-0479 (Metal-binding);KW-0482 (Metalloprotease);KW-1202 (Platelet aggregation activating toxin);KW-1201 (Platelet aggregation inhibiting toxin);KW-0645 (Protease);KW-0873 (Pyrrolidone carboxylic acid);KW-0964 (Secreted);KW-0800 (Toxin);KW-0862 (Zinc);KW-0865 (Zymogen),Viperidae,Bothrops,,Zinc metalloproteinase-disintegrin-like jararhagin,VM3JA_BOTJA
P30832,sea anemone sodium channel inhibitory toxin family|IC,PF00706 (Toxin_4)|86.1,CL0075 (Defensin),KW-0027 (Amidation);KW-0903 (Direct protein sequencing);KW-1015 (Disulfide bond);KW-0872 (Ion channel impairing toxin);KW-0166 (Nematocyst);KW-0528 (Neurotoxin);KW-0964 (Secreted);KW-0800 (Toxin);KW-0738 (Voltage-gated sodium channel impairing toxin),Stichodactylidae,Radianthus,,Delta-stichotoxin-Hcr1a,NA23_RADCR
P30995,peptidase M27 family|IC,PF01742 (Peptidase_M27)|329.5;PF07951 (Toxin_R_bind_C)|96.7;PF07952 (Toxin_trans)|316.8;PF07953 (Toxin_R_bind_N)|206.6,CL0004 (Concanavalin);CL0066 (Trefoil);CL0126 (Peptidase_MA),KW-0903 (Direct protein sequencing);KW-1015 (Disulfide bond);KW-1032 (Host cell membrane);KW-1035 (Host cytoplasm);KW-1036 (Host cytoplasmic vesicle);KW-1043 (Host membrane);KW-1051 (Host synapse);KW-0378 (Hydrolase);KW-0446 (Lipid-binding);KW-0472 (Membrane);KW-0479 (Metal-binding);KW-0482 (Metalloprotease);KW-0528 (Neurotoxin);KW-0645 (Protease);KW-0964 (Secreted);KW-0800 (Toxin);KW-0812 (Transmembrane);KW-0843 (Virulence);KW-0862 (Zinc),Clostridiaceae,Clostridium,,Botulinum neurotoxin type E,BXE_CLOBU
P33589,peptidase S1 family|SAM,PF00089 (Trypsin)|178.3,CL0124 (Peptidase_PA),KW-1204 (Blood coagulation cascade activating toxin);KW-0903 (Direct protein sequencing);KW-1015 (Disulfide bond);KW-0325 (Glycoprotein);KW-1199 (Hemostasis impairing toxin);KW-0378 (Hydrolase);KW-0645 (Protease);KW-0964 (Secreted);KW-0720 (Serine protease);KW-0800 (Toxin),Viperidae,Lachesis,,Thrombin-like enzyme gyroxin analog,VSPF_LACMU
P34071,staphylococcal/streptococcal toxin family|IC,PF01123 (Stap_Strp_toxin)|83.2;PF02876 (Stap_Strp_tox_C)|78.7,CL0072 (Ubiquitin);CL0658 (OB_enterotoxin),KW-0002 (3D-structure);KW-0903 (Direct protein sequencing);KW-1015 (Disulfide bond);KW-0260 (Enterotoxin);KW-0479 (Metal-binding);KW-0964 (Secreted);KW-0732 (Signal);KW-0766 (Superantigen);KW-0800 (Toxin);KW-0843 (Virulence);KW-0862 (Zinc),Staphylococcaceae,Staphylococcus,entC2,Enterotoxin type C-2,ENTC2_STAAU
P45628,short scorpion toxin superfamily|IC,PF00451 (Toxin_2)|50.0,CL0054 (Knottin_1),KW-0002 (3D-structure);KW-1221 (Calcium-activated potassium channel impairing toxin);KW-0903 (Direct protein sequencing);KW-1015 (Disulfide bond);KW-0872 (Ion channel impairing toxin);KW-0528 (Neurotoxin);KW-0632 (Potassium channel impairing toxin);KW-0873 (Pyrrolidone carboxylic acid);KW-0964 (Secreted);KW-0732 (Signal);KW-0800 (Toxin),Buthidae,Leiurus,,Potassium channel toxin alpha-KTx 1.2,KAX12_LEIHE
P45697,long (4 C-C) scorpion toxin superfamily|IC,PF00537 (Toxin_3)|88.3,CL0054 (Knottin_1),KW-0002 (3D-structure);KW-0123 (Cardiotoxin);KW-0903 (Direct protein sequencing);KW-1015 (Disulfide bond);KW-0872 (Ion channel impairing toxin);KW-0528 (Neurotoxin);KW-0964 (Secreted);KW-0732 (Signal);KW-0800 (Toxin);KW-0738 (Voltage-gated sodium channel impairing toxin),Buthidae,Olivierus,,Alpha-like toxin BmK M1,SCM1_OLIMR
P50635,5'-nucleotidase family|IC,PF00149 (Metallophos)|59.8;PF02872 (5_nucleotid_C)|119.0,CL0163 (Calcineurin);CL0781 (NadN_C),KW-0020 (Allergen);KW-0067 (ATP-binding);KW-0903 (Direct protein sequencing);KW-0325 (Glycoprotein);KW-1199 (Hemostasis impairing toxin);KW-0378 (Hydrolase);KW-0479 (Metal-binding);KW-0547 (Nucleotide-binding);KW-1201 (Platelet aggregation inhibiting toxin);KW-1185 (Reference proteome);KW-0964 (Secreted);KW-0732 (Signal);KW-0800 (Toxin),Culicidae,Aedes,APY,Apyrase,APY_AEDAE
P50982,conotoxin A superfamily|IC,PF07365 (Toxin_8)|81.8,,KW-0002 (3D-structure);KW-0008 (Acetylcholine receptor inhibiting toxin);KW-0027 (Amidation);KW-0903 (Direct protein sequencing);KW-1015 (Disulfide bond);KW-0379 (Hydroxylation);KW-0872 (Ion channel impairing toxin);KW-0528 (Neurotoxin);KW-0629 (Postsynaptic neurotoxin);KW-0964 (Secreted);KW-0732 (Signal);KW-0800 (Toxin),Conidae,Conus,,Alpha-conotoxin EI,CA1A_CONER
P56636,conotoxin A superfamily|IC,PF07365 (Toxin_8)|91.8,,KW-0002 (3D-structure);KW-0008 (Acetylcholine receptor inhibiting toxin);KW-0027 (Amidation);KW-0903 (Direct protein sequencing);KW-1015 (Disulfide bond);KW-0872 (Ion channel impairing toxin);KW-0528 (Neurotoxin);KW-0629 (Postsynaptic neurotoxin);KW-0964 (Secreted);KW-0732 (Signal);KW-0800 (Toxin),Conidae,Conus,,Alpha-conotoxin MII,CA12_CONMA
P56855,neurotoxin 10 (Hwtx-1) family|IC,PF07740 (Toxin_12)|32.8,CL0083 (Omega_toxin),KW-0002 (3D-structure);KW-0903 (Direct protein sequencing);KW-1015 (Disulfide bond);KW-0872 (Ion channel impairing toxin);KW-0960 (Knottin);KW-0528 (Neurotoxin);KW-0632 (Potassium channel impairing toxin);KW-0964 (Secreted);KW-0800 (Toxin);KW-1220 (Voltage-gated potassium channel impairing toxin),Theraphosidae,Stromatopelma,,Kappa-theraphotoxin-Scg1a,TX1_STRGF
P59071,phospholipase A2 family|IC,PF00068 (Phospholip_A2_1)|119.6,CL0629 (PLA2),KW-0002 (3D-structure);KW-1203 (Blood coagulation cascade inhibiting toxin);KW-0106 (Calcium);KW-0903 (Direct protein sequencing);KW-1015 (Disulfide bond);KW-1199 (Hemostasis impairing toxin);KW-0378 (Hydrolase);KW-0442 (Lipid degradation);KW-0443 (Lipid metabolism);KW-0479 (Metal-binding);KW-0959 (Myotoxin);KW-0528 (Neurotoxin);KW-0638 (Presynaptic neurotoxin);KW-0964 (Secreted);KW-0800 (Toxin),Viperidae,Daboia,,Basic phospholipase A2 VRV-PL-VIIIa,PA2B8_DABRR
P59868,scorpion calcin family|IC,PF08099 (Toxin_27)|81.3,CL0083 (Omega_toxin),KW-0002 (3D-structure);KW-0108 (Calcium channel impairing toxin);KW-0903 (Direct protein sequencing);KW-1015 (Disulfide bond);KW-0872 (Ion channel impairing toxin);KW-0960 (Knottin);KW-0528 (Neurotoxin);KW-1219 (Ryanodine-sensitive calcium-release channel impairing toxin);KW-0964 (Secreted);KW-0800 (Toxin),Scorpionidae,Pandinus,,Imperacalcin,CAIMP_PANIM
P60212,long (4 C-C) scorpion toxin superfamily|IC,PF00537 (Toxin_3)|49.8,CL0054 (Knottin_1),KW-0027 (Amidation);KW-0903 (Direct protein sequencing);KW-1015 (Disulfide bond);KW-0872 (Ion channel impairing toxin);KW-0528 (Neurotoxin);KW-0964 (Secreted);KW-0732 (Signal);KW-0800 (Toxin);KW-0738 (Voltage-gated sodium channel impairing toxin),Buthidae,Tityus,,Alpha-toxin To2,SCX2_TITOB
P60513,conotoxin O1 superfamily|IC,,,KW-0002 (3D-structure);KW-0027 (Amidation);KW-0903 (Direct protein sequencing);KW-1015 (Disulfide bond);KW-0379 (Hydroxylation);KW-0872 (Ion channel impairing toxin);KW-0960 (Knottin);KW-0528 (Neurotoxin);KW-0964 (Secreted);KW-0800 (Toxin);KW-0738 (Voltage-gated sodium channel impairing toxin),Conidae,Conus,,Delta-conotoxin EVIA,U6A_CONER
P60514,psalmotoxin-1 family|IC,,,KW-0002 (3D-structure);KW-0903 (Direct protein sequencing);KW-1015 (Disulfide bond);KW-0872 (Ion channel impairing toxin);KW-0960 (Knottin);KW-0582 (Pharmaceutical);KW-1275 (Proton-gated sodium channel impairing toxin);KW-0964 (Secreted);KW-0800 (Toxin),Theraphosidae,Psalmopoeus,,Psalmotoxin-1,TXP1_PSACA
P61095,neurotoxin 16 (SFI) family|IC,PF08115 (Toxin_28)|77.3,CL0083 (Omega_toxin),KW-0002 (3D-structure);KW-0903 (Direct protein sequencing);KW-1015 (Disulfide bond);KW-0872 (Ion channel impairing toxin);KW-0960 (Knottin);KW-0528 (Neurotoxin);KW-0964 (Secreted);KW-0800 (Toxin);KW-0738 (Voltage-gated sodium channel impairing toxin),Segestriidae,Segestria,,Mu-segestritoxin-Sf1a,SFI1_SEGFL
P61230,neurotoxin 30 (phrixotoxin) family|IC,,,KW-0002 (3D-structure);KW-0027 (Amidation);KW-0903 (Direct protein sequencing);KW-1015 (Disulfide bond);KW-0872 (Ion channel impairing toxin);KW-0960 (Knottin);KW-0528 (Neurotoxin);KW-0632 (Potassium channel impairing toxin);KW-0964 (Secreted);KW-0800 (Toxin);KW-1220 (Voltage-gated potassium channel impairing toxin),Theraphosidae,Paraphysa,,Kappa-theraphotoxin-Ps1a,TXP1_PARSR
P61542,sea anemone type 3 (BDS) potassium channel toxin family|IC,PF07936 (Defensin_4)|63.6,CL0075 (Defensin),KW-0002 (3D-structure);KW-0903 (Direct protein sequencing);KW-1015 (Disulfide bond);KW-0872 (Ion channel impairing toxin);KW-0166 (Nematocyst);KW-0528 (Neurotoxin);KW-0582 (Pharmaceutical);KW-0632 (Potassium channel impairing toxin);KW-1275 (Proton-gated sodium channel impairing toxin);KW-0964 (Secreted);KW-0800 (Toxin);KW-1220 (Voltage-gated potassium channel impairing toxin);KW-0738 (Voltage-gated sodium channel impairing toxin),Actiniidae,Anthopleura,,Pi-actitoxin-Ael2b,BDS2_ANTEL
P68410,long (4 C-C) scorpion toxin superfamily|IC,PF00537 (Toxin_3)|53.7,CL0054 (Knottin_1),KW-0027 (Amidation);KW-0903 (Direct protein sequencing);KW-1015 (Disulfide bond);KW-0872 (Ion channel impairing toxin);KW-0528 (Neurotoxin);KW-0964 (Secreted);KW-0732 (Signal);KW-0800 (Toxin);KW-0738 (Voltage-gated sodium channel impairing toxin),Buthidae,Tityus,,Alpha-mammal toxin Ts2,SCX2_TITSE
P68885,peptidase C10 family|IC,,,KW-0068 (Autocatalytic cleavage);KW-1035 (Host cytoplasm);KW-0378 (Hydrolase);KW-0488 (Methylation);KW-0645 (Protease);KW-0964 (Secreted);KW-0732 (Signal);KW-0788 (Thiol protease);KW-0800 (Toxin);KW-0843 (Virulence);KW-0865 (Zymogen),Streptococcaceae,Streptococcus,speB,Streptopain,SPEB_STRP8
P69179,stxB family|IC,,,KW-0002 (3D-structure);KW-1015 (Disulfide bond);KW-1254 (Modulation of host virulence by virus);KW-0964 (Secreted);KW-0732 (Signal);KW-0800 (Toxin);KW-1255 (Viral exotoxin);KW-0843 (Virulence),,Lambdavirus,stxB,Shiga-like toxin 1 subunit B,STXB_BPH19
P69502,arthropod phospholipase D family|IC,,,KW-0204 (Cytolysis);KW-1061 (Dermonecrotic toxin);KW-0903 (Direct protein sequencing);KW-1015 (Disulfide bond);KW-0354 (Hemolysis);KW-0442 (Lipid degradation);KW-0443 (Lipid metabolism);KW-0456 (Lyase);KW-0460 (Magnesium);KW-0479 (Metal-binding);KW-0964 (Secreted);KW-0800 (Toxin),Sicariidae,Loxosceles,,Dermonecrotic toxin LgSicTox-alphaI-Loxn-A,A1XA_LOXGA
P69747,conotoxin A superfamily|IC,PF07365 (Toxin_8)|63.8,,KW-0002 (3D-structure);KW-0008 (Acetylcholine receptor inhibiting toxin);KW-0027 (Amidation);KW-0165 (Cleavage on pair of basic residues);KW-1015 (Disulfide bond);KW-1213 (G-protein coupled receptor impairing toxin);KW-0301 (Gamma-carboxyglutamic acid);KW-0379 (Hydroxylation);KW-0872 (Ion channel impairing toxin);KW-0528 (Neurotoxin);KW-0582 (Pharmaceutical);KW-0629 (Postsynaptic neurotoxin);KW-0964 (Secreted);KW-0732 (Signal);KW-0800 (Toxin),Conidae,Conus,,Alpha-conotoxin Vc1a,CA1A_CONVC
P82935,three-finger toxin family|IC,PF21947 (Toxin_cobra-type)|64.6,CL0117 (uPAR_Ly6_toxin),KW-0002 (3D-structure);KW-0123 (Cardiotoxin);KW-0903 (Direct protein sequencing);KW-1015 (Disulfide bond);KW-1214 (G-protein coupled acetylcholine receptor impairing toxin);KW-1213 (G-protein coupled receptor impairing toxin);KW-0528 (Neurotoxin);KW-0629 (Postsynaptic neurotoxin);KW-0964 (Secreted);KW-0732 (Signal);KW-0800 (Toxin),Elapidae,Naja,,Tryptophan-containing weak neurotoxin,3NO2_NAJKA
P82981,peptidase S1 family|SAM,PF00089 (Trypsin)|189.5,CL0124 (Peptidase_PA),KW-1204 (Blood coagulation cascade activating toxin);KW-0903 (Direct protein sequencing);KW-1015 (Disulfide bond);KW-1199 (Hemostasis impairing toxin);KW-0378 (Hydrolase);KW-0645 (Protease);KW-0964 (Secreted);KW-0720 (Serine protease);KW-0800 (Toxin),Viperidae,Agkistrodon,,Thrombin-like enzyme contortrixobin,VSP2_AGKCO
P83080,bombinin family|SAM,PF05298 (Bombinin)|287.9,,KW-0002 (3D-structure);KW-0027 (Amidation);KW-0878 (Amphibian defense peptide);KW-0044 (Antibiotic);KW-0929 (Antimicrobial);KW-0165 (Cleavage on pair of basic residues);KW-0204 (Cytolysis);KW-0903 (Direct protein sequencing);KW-0295 (Fungicide);KW-0964 (Secreted);KW-0732 (Signal);KW-0800 (Toxin),Bombinatoridae,Bombina,,Maximins 1/H1,M1H1_BOMMX
P83082,bombinin family|IC,PF05298 (Bombinin)|285.8,,KW-0027 (Amidation);KW-0878 (Amphibian defense peptide);KW-0044 (Antibiotic);KW-0929 (Antimicrobial);KW-0165 (Cleavage on pair of basic residues);KW-0204 (Cytolysis);KW-0903 (Direct protein sequencing);KW-0295 (Fungicide);KW-0354 (Hemolysis);KW-0964 (Secreted);KW-0732 (Signal);KW-0800 (Toxin),Bombinatoridae,Bombina,,Maximins 3/H2,M3H2_BOMMX
P83303,neurotoxin 10 (Hwtx-1) family|IC,,,KW-0002 (3D-structure);KW-0027 (Amidation);KW-0903 (Direct protein sequencing);KW-1015 (Disulfide bond);KW-0872 (Ion channel impairing toxin);KW-0960 (Knottin);KW-0528 (Neurotoxin);KW-0638 (Presynaptic neurotoxin);KW-0873 (Pyrrolidone carboxylic acid);KW-0964 (Secreted);KW-0732 (Signal);KW-0800 (Toxin);KW-0738 (Voltage-gated sodium channel impairing toxin),Theraphosidae,Cyriopagopus,,Huwentoxin-IV,TXH4_CYRSC
P83370,peptidase S1 family|SAM,PF00008 (EGF)|32.4;PF00089 (Trypsin)|200.3;PF00594 (Gla)|72.7,CL0001 (EGF);CL0124 (Peptidase_PA),KW-1204 (Blood coagulation cascade activating toxin);KW-0106 (Calcium);KW-0903 (Direct protein sequencing);KW-1015 (Disulfide bond);KW-0245 (EGF-like domain);KW-0301 (Gamma-carboxyglutamic acid);KW-0325 (Glycoprotein);KW-1199 (Hemostasis impairing toxin);KW-0378 (Hydrolase);KW-0645 (Protease);KW-0655 (Prothrombin activator);KW-0677 (Repeat);KW-0964 (Secreted);KW-0720 (Serine protease);KW-0732 (Signal);KW-0800 (Toxin),Elapidae,Hoplocephalus,,Venom prothrombin activator hopsarin-D,FAXD_HOPST
P83512,venom metalloproteinase (M12B) family|IC,PF01421 (Reprolysin)|215.3;PF01562 (Pep_M12B_propep)|57.9,CL0126 (Peptidase_MA),KW-0002 (3D-structure);KW-0145 (Chemotaxis);KW-1216 (Complement system impairing toxin);KW-0903 (Direct protein sequencing);KW-1015 (Disulfide bond);KW-1206 (Fibrinogenolytic toxin);KW-1200 (Hemorrhagic toxin);KW-1199 (Hemostasis impairing toxin);KW-0378 (Hydrolase);KW-0479 (Metal-binding);KW-0482 (Metalloprotease);KW-0959 (Myotoxin);KW-0645 (Protease);KW-0873 (Pyrrolidone carboxylic acid);KW-0964 (Secreted);KW-0732 (Signal);KW-0800 (Toxin);KW-0862 (Zinc),Viperidae,Bothrops,,Snake venom metalloproteinase BaP1,VM1B1_BOTAS
P84715,In the C-terminal section|IC,PF00212 (ANP)|55.2,,KW-0208 (D-amino acid);KW-0903 (Direct protein sequencing);KW-0382 (Hypotensive agent);KW-0407 (Ion channel);KW-0406 (Ion transport);KW-0528 (Neurotoxin);KW-0630 (Potassium);KW-0631 (Potassium channel);KW-0633 (Potassium transport);KW-1185 (Reference proteome);KW-0964 (Secreted);KW-0732 (Signal);KW-0915 (Sodium);KW-0894 (Sodium channel);KW-0739 (Sodium transport);KW-0800 (Toxin);KW-0813 (Transport);KW-0838 (Vasoactive);KW-0840 (Vasodilator),Ornithorhynchidae,Ornithorhynchus,,C-type natriuretic peptide,ANF39_ORNAN
P84845,conotoxin T superfamily|EXP,PF16981 (Chi-conotoxin)|108.3,CL0083 (Omega_toxin),KW-0025 (Alternative splicing);KW-0165 (Cleavage on pair of basic residues);KW-0903 (Direct protein sequencing);KW-1015 (Disulfide bond);KW-0872 (Ion channel impairing toxin);KW-0528 (Neurotoxin);KW-0964 (Secreted);KW-0732 (Signal);KW-0800 (Toxin);KW-0738 (Voltage-gated sodium channel impairing toxin),Conidae,Conus,,Mu-conotoxin SrVA,CT5A_CONSP
P84853,ribosome-inactivating protein family|SAM,PF00161 (RIP)|122.0,,KW-0002 (3D-structure);KW-0903 (Direct protein sequencing);KW-1015 (Disulfide bond);KW-0325 (Glycoprotein);KW-0378 (Hydrolase);KW-0611 (Plant defense);KW-0652 (Protein synthesis inhibitor);KW-0800 (Toxin),Phytolaccaceae,Phytolacca,,Ribosome-inactivating protein PD-L1/PD-L2,RIPL1_PHYDI
P84907,venom metalloproteinase (M12B) family|IC,PF01421 (Reprolysin)|218.9,CL0126 (Peptidase_MA),KW-0002 (3D-structure);KW-0903 (Direct protein sequencing);KW-1015 (Disulfide bond);KW-1199 (Hemostasis impairing toxin);KW-0378 (Hydrolase);KW-0479 (Metal-binding);KW-0482 (Metalloprotease);KW-1201 (Platelet aggregation inhibiting toxin);KW-0645 (Protease);KW-0873 (Pyrrolidone carboxylic acid);KW-0964 (Secreted);KW-0800 (Toxin);KW-0862 (Zinc),Viperidae,Bothrops,,Snake venom metalloproteinase leucurolysin-A,VM1LA_BOTLC
P85975,venom metalloproteinase (M12B) family|IC,,,KW-0903 (Direct protein sequencing);KW-1206 (Fibrinogenolytic toxin);KW-1205 (Fibrinolytic toxin);KW-1199 (Hemostasis impairing toxin);KW-0378 (Hydrolase);KW-0479 (Metal-binding);KW-0482 (Metalloprotease);KW-1201 (Platelet aggregation inhibiting toxin);KW-0645 (Protease);KW-0964 (Secreted);KW-0800 (Toxin);KW-0862 (Zinc),Lycosidae,Hippasa,,Zinc metalloproteinase partitagin,VMPAR_HIPPR
P86408,long (4 C-C) scorpion toxin superfamily|IC,PF00537 (Toxin_3)|88.8,CL0054 (Knottin_1),KW-0002 (3D-structure);KW-0027 (Amidation);KW-0903 (Direct protein sequencing);KW-1015 (Disulfide bond);KW-0872 (Ion channel impairing toxin);KW-0528 (Neurotoxin);KW-0964 (Secreted);KW-0732 (Signal);KW-0800 (Toxin);KW-0738 (Voltage-gated sodium channel impairing toxin),Buthidae,Mesobuthus,,Sodium channel neurotoxin MeuNaTxalpha-1,SCXN1_MESEU
P86780,phospholipase A2 family|SAM,PF05826 (Phospholip_A2_2)|46.6,CL0629 (PLA2),KW-0106 (Calcium);KW-0903 (Direct protein sequencing);KW-1015 (Disulfide bond);KW-0378 (Hydrolase);KW-0442 (Lipid degradation);KW-0443 (Lipid metabolism);KW-0479 (Metal-binding);KW-0166 (Nematocyst);KW-0964 (Secreted);KW-0800 (Toxin),Actiniidae,Bunodosoma,,Phospholipase A2,PA2_BUNCI
P86804,phospholipase A2 family|IC,PF00068 (Phospholip_A2_1)|96.5,CL0629 (PLA2),KW-0106 (Calcium);KW-0204 (Cytolysis);KW-0903 (Direct protein sequencing);KW-1015 (Disulfide bond);KW-0378 (Hydrolase);KW-0442 (Lipid degradation);KW-0443 (Lipid metabolism);KW-0479 (Metal-binding);KW-0959 (Myotoxin);KW-0528 (Neurotoxin);KW-0638 (Presynaptic neurotoxin);KW-0964 (Secreted);KW-0800 (Toxin),Viperidae,Bothrops,,Basic phospholipase A2 BmjeTX-II,PA2B2_BOTMA
P86805,phospholipase A2 family|IC,PF00068 (Phospholip_A2_1)|106.7,CL0629 (PLA2),KW-1203 (Blood coagulation cascade inhibiting toxin);KW-0106 (Calcium);KW-0903 (Direct protein sequencing);KW-1015 (Disulfide bond);KW-1199 (Hemostasis impairing toxin);KW-0378 (Hydrolase);KW-0442 (Lipid degradation);KW-0443 (Lipid metabolism);KW-0479 (Metal-binding);KW-0959 (Myotoxin);KW-0964 (Secreted);KW-0800 (Toxin),Viperidae,Crotalus,,Basic phospholipase A2 9,PA2B9_CRODM
P9WJ63,TlyA family|IC,,,KW-0002 (3D-structure);KW-0134 (Cell wall);KW-0204 (Cytolysis);KW-0963 (Cytoplasm);KW-0354 (Hemolysis);KW-1032 (Host cell membrane);KW-1043 (Host membrane);KW-0472 (Membrane);KW-0489 (Methyltransferase);KW-1185 (Reference proteome);KW-0690 (Ribosome biogenesis);KW-0694 (RNA-binding);KW-0698 (rRNA processing);KW-0949 (S-adenosyl-L-methionine);KW-0964 (Secreted);KW-0800 (Toxin);KW-0808 (Transferase);KW-0843 (Virulence),Mycobacteriaceae,Mycobacterium,tlyA,16S/23S rRNA (cytidine-2'-O)-methyltransferase TlyA,TLYA_MYCTU
Q0GY40,long chain scorpion toxin family|IC,PF14866 (Scorpion_toxin_alpha-beta)|61.9,CL0054 (Knottin_1),KW-0002 (3D-structure);KW-0044 (Antibiotic);KW-0929 (Antimicrobial);KW-0204 (Cytolysis);KW-0903 (Direct protein sequencing);KW-1015 (Disulfide bond);KW-0295 (Fungicide);KW-0872 (Ion channel impairing toxin);KW-0632 (Potassium channel impairing toxin);KW-0964 (Secreted);KW-0732 (Signal);KW-0800 (Toxin);KW-1220 (Voltage-gated potassium channel impairing toxin),Caraboctonidae,Hadrurus,,Hge-scorpine,KBX3_HOFGE
Q177W0,,PF00050 (Kazal_1)|42.6,CL0005 (Kazal),KW-0002 (3D-structure);KW-0930 (Antiviral protein);KW-1203 (Blood coagulation cascade inhibiting toxin);KW-1015 (Disulfide bond);KW-0325 (Glycoprotein);KW-1199 (Hemostasis impairing toxin);KW-0646 (Protease inhibitor);KW-1185 (Reference proteome);KW-0964 (Secreted);KW-0722 (Serine protease inhibitor);KW-0732 (Signal);KW-0800 (Toxin),Culicidae,Aedes,,Kazal-type trypsin inhibitor,AATI_AEDAE
Q1ELU3,cationic peptide 03 (latarcin) family|IC,PF10279 (Latarcin)|79.7,,KW-0027 (Amidation);KW-0044 (Antibiotic);KW-0929 (Antimicrobial);KW-0903 (Direct protein sequencing);KW-0295 (Fungicide);KW-0472 (Membrane);KW-0964 (Secreted);KW-0732 (Signal);KW-1052 (Target cell membrane);KW-1053 (Target membrane);KW-0800 (Toxin),Zodariidae,Lachesana,,M-zodatoxin-Lt3a,LAT3A_LACTA
Q1PHZ4,venom metalloproteinase (M12B) family|IC,PF00200 (Disintegrin)|53.1;PF01421 (Reprolysin)|225.8;PF01562 (Pep_M12B_propep)|48.7;PF08516 (ADAM_CR)|65.1,CL0126 (Peptidase_MA);CL0750 (ADAM_CR_sf),KW-0044 (Antibiotic);KW-0929 (Antimicrobial);KW-0106 (Calcium);KW-1217 (Cell adhesion impairing toxin);KW-0903 (Direct protein sequencing);KW-1015 (Disulfide bond);KW-1206 (Fibrinogenolytic toxin);KW-0325 (Glycoprotein);KW-1200 (Hemorrhagic toxin);KW-1199 (Hemostasis impairing toxin);KW-0378 (Hydrolase);KW-0479 (Metal-binding);KW-0482 (Metalloprotease);KW-1201 (Platelet aggregation inhibiting toxin);KW-0645 (Protease);KW-0964 (Secreted);KW-0800 (Toxin);KW-0862 (Zinc);KW-0865 (Zymogen),Viperidae,Bothrops,,Zinc metalloproteinase-disintegrin-like BjussuMP-1,VM3B1_BOTJR
Q26241,calycin superfamily|IC,PF02087 (Nitrophorin)|266.0,CL0116 (Calycin),KW-0002 (3D-structure);KW-1203 (Blood coagulation cascade inhibiting toxin);KW-0903 (Direct protein sequencing);KW-1015 (Disulfide bond);KW-0349 (Heme);KW-1199 (Hemostasis impairing toxin);KW-0408 (Iron);KW-0479 (Metal-binding);KW-1201 (Platelet aggregation inhibiting toxin);KW-1185 (Reference proteome);KW-0964 (Secreted);KW-0732 (Signal);KW-0800 (Toxin);KW-0838 (Vasoactive);KW-0840 (Vasodilator),Reduviidae,Rhodnius,,Nitrophorin-2,NP2_RHOPR
Q26292,long (4 C-C) scorpion toxin superfamily|IC,PF00537 (Toxin_3)|64.6,CL0054 (Knottin_1),KW-0002 (3D-structure);KW-0027 (Amidation);KW-0903 (Direct protein sequencing);KW-1015 (Disulfide bond);KW-0872 (Ion channel impairing toxin);KW-0528 (Neurotoxin);KW-0964 (Secreted);KW-0732 (Signal);KW-0800 (Toxin);KW-0738 (Voltage-gated sodium channel impairing toxin),Buthidae,Leiurus,,Beta-insect depressant toxin LqhIT2,SIX2_LEIHE
Q2YHJ3,phospholipase A2 family|IC,PF00068 (Phospholip_A2_1)|111.6,CL0629 (PLA2),KW-1203 (Blood coagulation cascade inhibiting toxin);KW-0903 (Direct protein sequencing);KW-1015 (Disulfide bond);KW-1199 (Hemostasis impairing toxin);KW-0378 (Hydrolase);KW-0442 (Lipid degradation);KW-0443 (Lipid metabolism);KW-0479 (Metal-binding);KW-1201 (Platelet aggregation inhibiting toxin);KW-0964 (Secreted);KW-0732 (Signal);KW-0800 (Toxin),Viperidae,Craspedocephalus,,Acidic phospholipase A2 Tbo-E6,PA2A_CRABR
Q2YHJ7,phospholipase A2 family|IC,PF00068 (Phospholip_A2_1)|116.4,CL0629 (PLA2),KW-1203 (Blood coagulation cascade inhibiting toxin);KW-0903 (Direct protein sequencing);KW-1015 (Disulfide bond);KW-1199 (Hemostasis impairing toxin);KW-0378 (Hydrolase);KW-0442 (Lipid degradation);KW-0443 (Lipid metabolism);KW-0479 (Metal-binding);KW-1201 (Platelet aggregation inhibiting toxin);KW-0964 (Secreted);KW-0732 (Signal);KW-0800 (Toxin),Viperidae,Craspedocephalus,,Basic phospholipase A2 Tpu-G6D49,PA2B_CRAPU
Q3C2C2,phospholipase A2 family|IC,PF00068 (Phospholip_A2_1)|93.9,CL0629 (PLA2),KW-0106 (Calcium);KW-0204 (Cytolysis);KW-0903 (Direct protein sequencing);KW-1015 (Disulfide bond);KW-0354 (Hemolysis);KW-1200 (Hemorrhagic toxin);KW-1199 (Hemostasis impairing toxin);KW-0378 (Hydrolase);KW-0442 (Lipid degradation);KW-0443 (Lipid metabolism);KW-0479 (Metal-binding);KW-1185 (Reference proteome);KW-0964 (Secreted);KW-0732 (Signal);KW-0800 (Toxin),Acanthasteridae,Acanthaster,,Phospholipase A2 AP-PLA2-I,PA21_ACAPL
Q45Z47,phospholipase A2 family|IC,PF00068 (Phospholip_A2_1)|117.2,CL0629 (PLA2),KW-0106 (Calcium);KW-0903 (Direct protein sequencing);KW-1015 (Disulfide bond);KW-0378 (Hydrolase);KW-0442 (Lipid degradation);KW-0443 (Lipid metabolism);KW-0479 (Metal-binding);KW-0959 (Myotoxin);KW-0528 (Neurotoxin);KW-0638 (Presynaptic neurotoxin);KW-0964 (Secreted);KW-0732 (Signal);KW-0800 (Toxin),Elapidae,Oxyuranus,,Phospholipase A2 OS2,PA22_OXYSC
Q46342,clostridial glucosylating toxin (LCGT) family|IC,PF01473 (Choline_bind_1)|81.5;PF11713 (Peptidase_C80)|138.7;PF12918 (TcdB_N)|53.9;PF12919 (TcdA_TcdB)|453.5;PF12920 (TcdA_TcdB_pore)|703.1;PF19127 (Choline_bind_3)|141.3,CL0093 (Peptidase_CD);CL0110 (GT-A);CL0694 (Choline_binding),KW-0002 (3D-structure);KW-0068 (Autocatalytic cleavage);KW-0328 (Glycosyltransferase);KW-1032 (Host cell membrane);KW-1035 (Host cytoplasm);KW-1039 (Host endosome);KW-1043 (Host membrane);KW-0378 (Hydrolase);KW-0446 (Lipid-binding);KW-0460 (Magnesium);KW-0464 (Manganese);KW-0472 (Membrane);KW-0479 (Metal-binding);KW-0645 (Protease);KW-0677 (Repeat);KW-0964 (Secreted);KW-0788 (Thiol protease);KW-0800 (Toxin);KW-0808 (Transferase);KW-0843 (Virulence);KW-0862 (Zinc),Peptostreptococcaceae,Paraclostridium,tcsL,Cytotoxin-L,TCSL1_PARSO
Q4VM07,venom metalloproteinase (M12B) family|IC,PF00200 (Disintegrin)|75.7;PF01421 (Reprolysin)|207.0;PF01562 (Pep_M12B_propep)|61.9;PF08516 (ADAM_CR)|72.1,CL0126 (Peptidase_MA);CL0750 (ADAM_CR_sf),KW-0053 (Apoptosis);KW-0106 (Calcium);KW-1217 (Cell adhesion impairing toxin);KW-0903 (Direct protein sequencing);KW-1015 (Disulfide bond);KW-1206 (Fibrinogenolytic toxin);KW-0325 (Glycoprotein);KW-1199 (Hemostasis impairing toxin);KW-0378 (Hydrolase);KW-0479 (Metal-binding);KW-0482 (Metalloprotease);KW-0645 (Protease);KW-0873 (Pyrrolidone carboxylic acid);KW-0964 (Secreted);KW-0732 (Signal);KW-0800 (Toxin);KW-0862 (Zinc);KW-0865 (Zymogen),Viperidae,Macrovipera,,Zinc metalloproteinase-disintegrin-like VLAIP-B,VM3VB_MACLB
Q4VM08,venom metalloproteinase (M12B) family|IC,PF00200 (Disintegrin)|76.4;PF01421 (Reprolysin)|211.6;PF01562 (Pep_M12B_propep)|60.1;PF08516 (ADAM_CR)|68.9,CL0126 (Peptidase_MA);CL0750 (ADAM_CR_sf),KW-0053 (Apoptosis);KW-0106 (Calcium);KW-1217 (Cell adhesion impairing toxin);KW-0903 (Direct protein sequencing);KW-1015 (Disulfide bond);KW-1206 (Fibrinogenolytic toxin);KW-0325 (Glycoprotein);KW-1199 (Hemostasis impairing toxin);KW-0378 (Hydrolase);KW-0479 (Metal-binding);KW-0482 (Metalloprotease);KW-0645 (Protease);KW-0873 (Pyrrolidone carboxylic acid);KW-0964 (Secreted);KW-0732 (Signal);KW-0800 (Toxin);KW-0862 (Zinc);KW-0865 (Zymogen),Viperidae,Macrovipera,,Zinc metalloproteinase-disintegrin-like VLAIP-A,VM3VA_MACLB
Q5MCS0,peptidase S1 family|SAM,PF00089 (Trypsin)|198.1,CL0124 (Peptidase_PA),KW-1015 (Disulfide bond);KW-1206 (Fibrinogenolytic toxin);KW-1205 (Fibrinolytic toxin);KW-0325 (Glycoprotein);KW-1199 (Hemostasis impairing toxin);KW-0378 (Hydrolase);KW-0382 (Hypotensive agent);KW-0645 (Protease);KW-0964 (Secreted);KW-0720 (Serine protease);KW-0732 (Signal);KW-0800 (Toxin);KW-0838 (Vasoactive);KW-0840 (Vasodilator);KW-0865 (Zymogen),Elapidae,Hydrophis,,Serine protease harobin,VSPHA_HYDHA
Q5YD75,arthropod phospholipase D family|IC,PF13653 (GDPD_2)|47.4,CL0036 (TIM_barrel),KW-0204 (Cytolysis);KW-1061 (Dermonecrotic toxin);KW-1015 (Disulfide bond);KW-0354 (Hemolysis);KW-0442 (Lipid degradation);KW-0443 (Lipid metabolism);KW-0456 (Lyase);KW-0460 (Magnesium);KW-0479 (Metal-binding);KW-0964 (Secreted);KW-0800 (Toxin),Sicariidae,Loxosceles,,Dermonecrotic toxin LrSicTox-alphaIB1,A1K_LOXRE
Q5YD77,arthropod phospholipase D family|IC,PF13653 (GDPD_2)|45.1,CL0036 (TIM_barrel),KW-0204 (Cytolysis);KW-1061 (Dermonecrotic toxin);KW-0903 (Direct protein sequencing);KW-1015 (Disulfide bond);KW-0354 (Hemolysis);KW-0442 (Lipid degradation);KW-0443 (Lipid metabolism);KW-0456 (Lyase);KW-0460 (Magnesium);KW-0479 (Metal-binding);KW-0964 (Secreted);KW-0800 (Toxin),Sicariidae,Loxosceles,,Dermonecrotic toxin LbSicTox-alphaIB1a,A1KA_LOXBO
Q60393,peptidase M27 family|IC,PF01742 (Peptidase_M27)|445.0;PF07951 (Toxin_R_bind_C)|98.0;PF07952 (Toxin_trans)|362.1;PF07953 (Toxin_R_bind_N)|205.1,CL0004 (Concanavalin);CL0066 (Trefoil);CL0126 (Peptidase_MA),KW-0002 (3D-structure);KW-1015 (Disulfide bond);KW-1032 (Host cell membrane);KW-1035 (Host cytoplasm);KW-1036 (Host cytoplasmic vesicle);KW-1043 (Host membrane);KW-1051 (Host synapse);KW-0378 (Hydrolase);KW-0446 (Lipid-binding);KW-0472 (Membrane);KW-0479 (Metal-binding);KW-0482 (Metalloprotease);KW-0528 (Neurotoxin);KW-0645 (Protease);KW-0964 (Secreted);KW-0800 (Toxin);KW-0843 (Virulence);KW-0862 (Zinc),Clostridiaceae,Clostridium,botG,Botulinum neurotoxin type G,BXG_CLOBO
Q6LEM5,In the N-terminal section|IC,PF00212 (ANP)|49.5,,KW-0165 (Cleavage on pair of basic residues);KW-0963 (Cytoplasm);KW-0903 (Direct protein sequencing);KW-1015 (Disulfide bond);KW-1213 (G-protein coupled receptor impairing toxin);KW-0382 (Hypotensive agent);KW-0481 (Metalloenzyme inhibitor);KW-0483 (Metalloprotease inhibitor);KW-0646 (Protease inhibitor);KW-0873 (Pyrrolidone carboxylic acid);KW-0964 (Secreted);KW-0732 (Signal);KW-0800 (Toxin);KW-0838 (Vasoactive);KW-0840 (Vasodilator),Viperidae,Bothrops,,Bradykinin-potentiating and C-type natriuretic peptides,BNP1_BOTJA
Q6T179,phospholipase A2 family|IC,PF00068 (Phospholip_A2_1)|120.9,CL0629 (PLA2),KW-0002 (3D-structure);KW-1203 (Blood coagulation cascade inhibiting toxin);KW-0106 (Calcium);KW-1015 (Disulfide bond);KW-1199 (Hemostasis impairing toxin);KW-0378 (Hydrolase);KW-0442 (Lipid degradation);KW-0443 (Lipid metabolism);KW-0479 (Metal-binding);KW-0964 (Secreted);KW-0732 (Signal);KW-0800 (Toxin),Elapidae,Naja,,Acidic phospholipase A2 4,PA2A4_NAJSG
Q6TGQ9,flavin monoamine oxidase family|IC,PF01593 (Amino_oxidase)|266.7,CL0063 (NADP_Rossmann),KW-0002 (3D-structure);KW-0044 (Antibiotic);KW-0929 (Antimicrobial);KW-0053 (Apoptosis);KW-0204 (Cytolysis);KW-1015 (Disulfide bond);KW-0274 (FAD);KW-0285 (Flavoprotein);KW-0325 (Glycoprotein);KW-0354 (Hemolysis);KW-1199 (Hemostasis impairing toxin);KW-0547 (Nucleotide-binding);KW-0560 (Oxidoreductase);KW-0964 (Secreted);KW-0732 (Signal);KW-0800 (Toxin),Viperidae,Bothrops,,L-amino-acid oxidase BjussuLAAO-I,OXLA1_BOTJR
Q70US9,In the N-terminal section|IC,PF00161 (RIP)|113.5;PF00652 (Ricin_B_lectin)|155.2,CL0066 (Trefoil),KW-0020 (Allergen);KW-0903 (Direct protein sequencing);KW-1015 (Disulfide bond);KW-0325 (Glycoprotein);KW-0326 (Glycosidase);KW-0378 (Hydrolase);KW-0430 (Lectin);KW-0611 (Plant defense);KW-0652 (Protein synthesis inhibitor);KW-0800 (Toxin),Passifloraceae,Adenia,volk38,Volkensin,VOLK_ADEVO
Q76B45,peptidase S1 family|SAM,PF00089 (Trypsin)|223.1,CL0124 (Peptidase_PA),KW-0903 (Direct protein sequencing);KW-1015 (Disulfide bond);KW-0325 (Glycoprotein);KW-0378 (Hydrolase);KW-0645 (Protease);KW-0964 (Secreted);KW-0720 (Serine protease);KW-0732 (Signal);KW-0800 (Toxin);KW-0865 (Zymogen),Soricidae,Blarina,BTX,Blarina toxin,BLTX_BLABR
Q7LZ61,venom metalloproteinase (M12B) family|IC,PF00200 (Disintegrin)|79.2;PF01421 (Reprolysin)|191.4;PF01562 (Pep_M12B_propep)|62.2;PF08516 (ADAM_CR)|62.0,CL0126 (Peptidase_MA);CL0750 (ADAM_CR_sf),KW-0002 (3D-structure);KW-1204 (Blood coagulation cascade activating toxin);KW-0106 (Calcium);KW-0903 (Direct protein sequencing);KW-1015 (Disulfide bond);KW-0325 (Glycoprotein);KW-1199 (Hemostasis impairing toxin);KW-0378 (Hydrolase);KW-0479 (Metal-binding);KW-0482 (Metalloprotease);KW-0645 (Protease);KW-0964 (Secreted);KW-0732 (Signal);KW-0800 (Toxin);KW-0862 (Zinc),Viperidae,Daboia,,Coagulation factor X-activating enzyme heavy chain,VM3CX_DABSI
Q7T3L1,bradykinin-related peptide family|IC,PF06753 (Bradykinin)|203.8,,KW-0027 (Amidation);KW-0878 (Amphibian defense peptide);KW-0165 (Cleavage on pair of basic residues);KW-0903 (Direct protein sequencing);KW-1015 (Disulfide bond);KW-1213 (G-protein coupled receptor impairing toxin);KW-0677 (Repeat);KW-0964 (Secreted);KW-0732 (Signal);KW-0800 (Toxin);KW-0838 (Vasoactive);KW-0840 (Vasodilator),Bombinatoridae,Bombina,,Kininogen-1a,BRK1A_BOMMX
Q7T3T5,phospholipase A2 family|IC,PF00068 (Phospholip_A2_1)|111.4,CL0629 (PLA2),KW-0002 (3D-structure);KW-0106 (Calcium);KW-1015 (Disulfide bond);KW-0378 (Hydrolase);KW-0395 (Inflammatory response);KW-0442 (Lipid degradation);KW-0443 (Lipid metabolism);KW-0479 (Metal-binding);KW-0959 (Myotoxin);KW-0528 (Neurotoxin);KW-0638 (Presynaptic neurotoxin);KW-0964 (Secreted);KW-0732 (Signal);KW-0800 (Toxin),Viperidae,Daboia,,Acidic phospholipase A2 daboiatoxin B chain,PA2AB_DABSI
Q7YT37,aegyptin family|IC,PF25001 (Aegyptin_C)|112.7,,KW-0002 (3D-structure);KW-0106 (Calcium);KW-1015 (Disulfide bond);KW-1199 (Hemostasis impairing toxin);KW-0389 (IgE-binding protein);KW-1201 (Platelet aggregation inhibiting toxin);KW-1185 (Reference proteome);KW-0964 (Secreted);KW-0732 (Signal);KW-0800 (Toxin),Culicidae,Anopheles,AAPP,Aegyptin-like protein,ALL3_ANOST
Q805F4,venom metalloproteinase (M12B) family|IC,PF00200 (Disintegrin)|52.6;PF01421 (Reprolysin)|214.2;PF01562 (Pep_M12B_propep)|63.2,CL0126 (Peptidase_MA),KW-0106 (Calcium);KW-1217 (Cell adhesion impairing toxin);KW-0903 (Direct protein sequencing);KW-1015 (Disulfide bond);KW-1199 (Hemostasis impairing toxin);KW-0378 (Hydrolase);KW-0479 (Metal-binding);KW-0482 (Metalloprotease);KW-1201 (Platelet aggregation inhibiting toxin);KW-0645 (Protease);KW-0964 (Secreted);KW-0732 (Signal);KW-0800 (Toxin);KW-0862 (Zinc);KW-0865 (Zymogen),Viperidae,Agkistrodon,,Zinc metalloproteinase/disintegrin,VM2PB_AGKPI
Q8AY79,peptidase S1 family|SAM,PF00089 (Trypsin)|188.6,CL0124 (Peptidase_PA),KW-1015 (Disulfide bond);KW-1206 (Fibrinogenolytic toxin);KW-0325 (Glycoprotein);KW-1199 (Hemostasis impairing toxin);KW-0378 (Hydrolase);KW-0645 (Protease);KW-0964 (Secreted);KW-0720 (Serine protease);KW-0732 (Signal);KW-0800 (Toxin);KW-0865 (Zymogen),Viperidae,Trimeresurus,,Beta-fibrinogenase stejnefibrase-2,VSPS2_TRIST
Q8MMJ7,non-disulfide-bridged peptide (NDBP) superfamily|IC,,,KW-0002 (3D-structure);KW-0027 (Amidation);KW-0044 (Antibiotic);KW-0929 (Antimicrobial);KW-0165 (Cleavage on pair of basic residues);KW-0204 (Cytolysis);KW-0903 (Direct protein sequencing);KW-0406 (Ion transport);KW-0472 (Membrane);KW-0964 (Secreted);KW-0732 (Signal);KW-1052 (Target cell membrane);KW-1053 (Target membrane);KW-0800 (Toxin);KW-0812 (Transmembrane);KW-0813 (Transport),Hemiscorpiidae,Opisthacanthus,,Cytotoxic linear peptide IsCT,NDB41_OPIMA
Q8MTX2,non-disulfide-bridged peptide (NDBP) superfamily|IC,,,KW-0027 (Amidation);KW-0044 (Antibiotic);KW-0929 (Antimicrobial);KW-0165 (Cleavage on pair of basic residues);KW-0204 (Cytolysis);KW-0903 (Direct protein sequencing);KW-0472 (Membrane);KW-0964 (Secreted);KW-0732 (Signal);KW-1052 (Target cell membrane);KW-1053 (Target membrane);KW-0800 (Toxin),Hemiscorpiidae,Opisthacanthus,,Cytotoxic linear peptide IsCT2,NDB42_OPIMA
Q8QG87,phospholipase A2 family|IC,PF00068 (Phospholip_A2_1)|110.0,CL0629 (PLA2),KW-0106 (Calcium);KW-0903 (Direct protein sequencing);KW-1015 (Disulfide bond);KW-0378 (Hydrolase);KW-0442 (Lipid degradation);KW-0443 (Lipid metabolism);KW-0479 (Metal-binding);KW-0959 (Myotoxin);KW-0964 (Secreted);KW-0732 (Signal);KW-0800 (Toxin),Viperidae,Bothrops,,Acidic phospholipase A2 BITP01A,PA2A_BOTIN
Q8UVG0,venom metalloproteinase (M12B) family|IC,PF00200 (Disintegrin)|76.9;PF01421 (Reprolysin)|204.4;PF01562 (Pep_M12B_propep)|56.5;PF08516 (ADAM_CR)|69.5,CL0126 (Peptidase_MA);CL0750 (ADAM_CR_sf),KW-1204 (Blood coagulation cascade activating toxin);KW-0106 (Calcium);KW-0903 (Direct protein sequencing);KW-1015 (Disulfide bond);KW-0325 (Glycoprotein);KW-1199 (Hemostasis impairing toxin);KW-0378 (Hydrolase);KW-0479 (Metal-binding);KW-0482 (Metalloprotease);KW-1201 (Platelet aggregation inhibiting toxin);KW-0645 (Protease);KW-0655 (Prothrombin activator);KW-0964 (Secreted);KW-0732 (Signal);KW-0800 (Toxin);KW-0862 (Zinc);KW-0865 (Zymogen),Viperidae,Bothrops,,Zinc metalloproteinase-disintegrin-like berythractivase,VM3BE_BOTER
Q8XBX8,glycosyltransferase NleB family|IC,PF24688 (SseK_NleB)|602.1,CL0110 (GT-A),KW-0325 (Glycoprotein);KW-0328 (Glycosyltransferase);KW-1035 (Host cytoplasm);KW-0464 (Manganese);KW-0479 (Metal-binding);KW-1185 (Reference proteome);KW-0964 (Secreted);KW-0800 (Toxin);KW-0808 (Transferase);KW-0843 (Virulence),Enterobacteriaceae,Escherichia,nleB1,Protein-arginine N-acetylglucosaminyltransferase NleB1,NLEB1_ECO57
Q90WC0,venom metalloproteinase (M12B) family|IC,PF00200 (Disintegrin)|60.7;PF01421 (Reprolysin)|208.1,CL0126 (Peptidase_MA),KW-0002 (3D-structure);KW-0106 (Calcium);KW-1217 (Cell adhesion impairing toxin);KW-0903 (Direct protein sequencing);KW-1015 (Disulfide bond);KW-1199 (Hemostasis impairing toxin);KW-0378 (Hydrolase);KW-0479 (Metal-binding);KW-0482 (Metalloprotease);KW-1201 (Platelet aggregation inhibiting toxin);KW-0645 (Protease);KW-0964 (Secreted);KW-0800 (Toxin);KW-0862 (Zinc);KW-0865 (Zymogen),Viperidae,Gloydius,,Zinc metalloproteinase/disintegrin,VM2HS_GLOBR
Q90ZI3,venom metalloproteinase (M12B) family|IC,PF00200 (Disintegrin)|71.2;PF01421 (Reprolysin)|208.4;PF01562 (Pep_M12B_propep)|62.4;PF08516 (ADAM_CR)|71.9,CL0126 (Peptidase_MA);CL0750 (ADAM_CR_sf),KW-0053 (Apoptosis);KW-1204 (Blood coagulation cascade activating toxin);KW-0106 (Calcium);KW-1217 (Cell adhesion impairing toxin);KW-0903 (Direct protein sequencing);KW-1015 (Disulfide bond);KW-1206 (Fibrinogenolytic toxin);KW-1205 (Fibrinolytic toxin);KW-0325 (Glycoprotein);KW-1199 (Hemostasis impairing toxin);KW-0378 (Hydrolase);KW-0479 (Metal-binding);KW-0482 (Metalloprotease);KW-0645 (Protease);KW-0655 (Prothrombin activator);KW-0964 (Secreted);KW-0732 (Signal);KW-0800 (Toxin);KW-0862 (Zinc);KW-0865 (Zymogen),Viperidae,Protobothrops,,Zinc metalloproteinase-disintegrin-like HV1,VM3H1_PROFL
Q91401,venom metalloproteinase (M12B) family|IC,PF01421 (Reprolysin)|186.8,CL0126 (Peptidase_MA),KW-0106 (Calcium);KW-0903 (Direct protein sequencing);KW-1015 (Disulfide bond);KW-1206 (Fibrinogenolytic toxin);KW-1205 (Fibrinolytic toxin);KW-0325 (Glycoprotein);KW-1199 (Hemostasis impairing toxin);KW-0378 (Hydrolase);KW-0479 (Metal-binding);KW-0482 (Metalloprotease);KW-0630 (Potassium);KW-0645 (Protease);KW-0873 (Pyrrolidone carboxylic acid);KW-0964 (Secreted);KW-0800 (Toxin);KW-0862 (Zinc),Viperidae,Crotalus,,Snake venom metalloproteinase atroxase,VM1AT_CROAT
Q91516,peptidase S1 family|SAM,PF00089 (Trypsin)|204.0,CL0124 (Peptidase_PA),KW-0002 (3D-structure);KW-0903 (Direct protein sequencing);KW-1015 (Disulfide bond);KW-1205 (Fibrinolytic toxin);KW-0325 (Glycoprotein);KW-1199 (Hemostasis impairing toxin);KW-0378 (Hydrolase);KW-0617 (Plasminogen activation);KW-0645 (Protease);KW-0964 (Secreted);KW-0720 (Serine protease);KW-0732 (Signal);KW-0800 (Toxin);KW-0865 (Zymogen),Viperidae,Trimeresurus,,Venom plasminogen activator TSV-PA,VSPPA_TRIST
Q95P65,5'-nucleotidase family|IC,PF00149 (Metallophos)|60.1;PF02872 (5_nucleotid_C)|126.8,CL0163 (Calcineurin);CL0781 (NadN_C),KW-0325 (Glycoprotein);KW-1199 (Hemostasis impairing toxin);KW-0378 (Hydrolase);KW-0479 (Metal-binding);KW-0547 (Nucleotide-binding);KW-1201 (Platelet aggregation inhibiting toxin);KW-1185 (Reference proteome);KW-0964 (Secreted);KW-0732 (Signal);KW-0800 (Toxin);KW-0862 (Zinc),Glossinidae,Glossina,,5'-nucleotidase-related protein,APY_GLOMM
Q9BPG6,conotoxin T superfamily|IC,PF16981 (Chi-conotoxin)|99.9,CL0083 (Omega_toxin),KW-0102 (Bromination);KW-0108 (Calcium channel impairing toxin);KW-0903 (Direct protein sequencing);KW-1015 (Disulfide bond);KW-0301 (Gamma-carboxyglutamic acid);KW-0325 (Glycoprotein);KW-0379 (Hydroxylation);KW-0872 (Ion channel impairing toxin);KW-0528 (Neurotoxin);KW-0638 (Presynaptic neurotoxin);KW-0964 (Secreted);KW-0732 (Signal);KW-0800 (Toxin),Conidae,Conus,,Epsilon-conotoxin TxVA,CT5AP_CONTE
Q9FBI2,ribosome-inactivating protein family|IC,PF00161 (RIP)|130.9,,KW-0002 (3D-structure);KW-1015 (Disulfide bond);KW-0378 (Hydrolase);KW-0652 (Protein synthesis inhibitor);KW-0732 (Signal);KW-0800 (Toxin);KW-0843 (Virulence),Enterobacteriaceae,Shigella,stxA,Shiga toxin subunit A,STXA_SHIDY
Q9IAB0,venom metalloproteinase (M12B) family|IC,PF00200 (Disintegrin)|54.0;PF01421 (Reprolysin)|214.4;PF01562 (Pep_M12B_propep)|63.2,CL0126 (Peptidase_MA),KW-0106 (Calcium);KW-1217 (Cell adhesion impairing toxin);KW-0903 (Direct protein sequencing);KW-1015 (Disulfide bond);KW-1199 (Hemostasis impairing toxin);KW-0378 (Hydrolase);KW-0479 (Metal-binding);KW-0482 (Metalloprotease);KW-1201 (Platelet aggregation inhibiting toxin);KW-0645 (Protease);KW-0964 (Secreted);KW-0732 (Signal);KW-0800 (Toxin);KW-0862 (Zinc);KW-0865 (Zymogen),Viperidae,Agkistrodon,,Zinc metalloproteinase/disintegrin,VM2CO_AGKCO
Q9KS12,,PF00561 (Abhydrolase_1)|44.4;PF07634 (RtxA)|284.9;PF11647 (MLD)|112.4;PF11713 (Peptidase_C80)|187.7;PF16671 (ACD)|796.0;PF21735 (RtxA_C)|50.8;PF27349 (IcsB_M)|298.6,CL0028 (AB_hydrolase);CL0093 (Peptidase_CD);CL0592 (beta_Roll),KW-0002 (3D-structure);KW-0012 (Acyltransferase);KW-0067 (ATP-binding);KW-0068 (Autocatalytic cleavage);KW-0903 (Direct protein sequencing);KW-1032 (Host cell membrane);KW-1035 (Host cytoplasm);KW-1043 (Host membrane);KW-0378 (Hydrolase);KW-0436 (Ligase);KW-0446 (Lipid-binding);KW-0460 (Magnesium);KW-0472 (Membrane);KW-0479 (Metal-binding);KW-0511 (Multifunctional enzyme);KW-0547 (Nucleotide-binding);KW-0645 (Protease);KW-1185 (Reference proteome);KW-0677 (Repeat);KW-0964 (Secreted);KW-0732 (Signal);KW-0788 (Thiol protease);KW-0800 (Toxin);KW-0808 (Transferase);KW-0843 (Virulence),Vibrionaceae,Vibrio,rtxA,Multifunctional-autoprocessing repeats-in-toxin,MARTX_VIBCH
Q9L9J3,glycosyltransferase NleB family|IC,,,KW-0325 (Glycoprotein);KW-0328 (Glycosyltransferase);KW-1035 (Host cytoplasm);KW-0464 (Manganese);KW-0479 (Metal-binding);KW-1185 (Reference proteome);KW-0964 (Secreted);KW-0800 (Toxin);KW-0808 (Transferase);KW-0843 (Virulence),Enterobacteriaceae,Salmonella,sseK1,Protein-arginine N-acetylglucosaminyltransferase SseK1,SSEK1_SALTY
Q9PW35,venom metalloproteinase (M12B) family|IC,PF01421 (Reprolysin)|192.0;PF01562 (Pep_M12B_propep)|60.5,CL0126 (Peptidase_MA),KW-0002 (3D-structure);KW-0106 (Calcium);KW-0903 (Direct protein sequencing);KW-1015 (Disulfide bond);KW-1200 (Hemorrhagic toxin);KW-1199 (Hemostasis impairing toxin);KW-0378 (Hydrolase);KW-0479 (Metal-binding);KW-0482 (Metalloprotease);KW-0645 (Protease);KW-0964 (Secreted);KW-0732 (Signal);KW-0800 (Toxin);KW-0862 (Zinc);KW-0865 (Zymogen),Viperidae,Deinagkistrodon,,Snake venom metalloproteinase acutolysin-A,VM1AA_DEIAC
Q9UAC8,long (4 C-C) scorpion toxin superfamily|IC,PF00537 (Toxin_3)|40.9,CL0054 (Knottin_1),KW-0903 (Direct protein sequencing);KW-1015 (Disulfide bond);KW-0872 (Ion channel impairing toxin);KW-0528 (Neurotoxin);KW-0632 (Potassium channel impairing toxin);KW-0964 (Secreted);KW-0732 (Signal);KW-0800 (Toxin);KW-0738 (Voltage-gated sodium channel impairing toxin),Buthidae,Olivierus,,Beta-toxin BmKAs1,SCAT_OLIMR
Q9Y0X6,,,,KW-0027 (Amidation);KW-0903 (Direct protein sequencing);KW-1213 (G-protein coupled receptor impairing toxin);KW-0964 (Secreted);KW-0732 (Signal);KW-0800 (Toxin),Buthidae,Olivierus,,BmK-YA precursor,YA_OLIMR
Q9YI19,venom metalloproteinase (M12B) family|IC,PF00200 (Disintegrin)|47.7;PF01421 (Reprolysin)|208.8;PF01562 (Pep_M12B_propep)|62.9,CL0126 (Peptidase_MA),KW-0903 (Direct protein sequencing);KW-1015 (Disulfide bond);KW-1206 (Fibrinogenolytic toxin);KW-1199 (Hemostasis impairing toxin);KW-0378 (Hydrolase);KW-0479 (Metal-binding);KW-0482 (Metalloprotease);KW-0645 (Protease);KW-0873 (Pyrrolidone carboxylic acid);KW-0964 (Secreted);KW-0732 (Signal);KW-0800 (Toxin),Viperidae,Gloydius,,Zinc metalloproteinase/disintegrin,VM2MC_GLOBR
W8EFS0,5'-nucleotidase family|IC,PF02872 (5_nucleotid_C)|147.0,CL0781 (NadN_C),KW-1015 (Disulfide bond);KW-0325 (Glycoprotein);KW-0336 (GPI-anchor);KW-1199 (Hemostasis impairing toxin);KW-0378 (Hydrolase);KW-0449 (Lipoprotein);KW-0472 (Membrane);KW-0479 (Metal-binding);KW-0547 (Nucleotide-binding);KW-1201 (Platelet aggregation inhibiting toxin);KW-0800 (Toxin);KW-0862 (Zinc),Viperidae,Macrovipera,,Snake venom 5'-nucleotidase,V5NTD_MACLB
A0A0K1YW63,secapin family|IC,PF17521 (Secapin)|27.8,,KW-0044 (Antibiotic);KW-0929 (Antimicrobial);KW-1015 (Disulfide bond);KW-0295 (Fungicide);KW-1199 (Hemostasis impairing toxin);KW-0391 (Immunity);KW-0399 (Innate immunity);KW-0646 (Protease inhibitor);KW-0964 (Secreted);KW-0722 (Serine protease inhibitor);KW-0732 (Signal);KW-0800 (Toxin),Apidae,Apis,,Secapin,SECP_APICE
A0A1S4NYE3,In the N-terminal section|IC,PF04829 (PT-VENN)|67.4;PF05860 (TPS)|170.9;PF13332 (Fil_haemagg_2)|195.0;PF21726 (DUF6862)|38.0,CL0268 (Pec_lyase-like),KW-0002 (3D-structure);KW-0255 (Endonuclease);KW-0378 (Hydrolase);KW-0540 (Nuclease);KW-0964 (Secreted);KW-0732 (Signal);KW-1266 (Target cell cytoplasm);KW-0800 (Toxin);KW-0843 (Virulence),Enterobacteriaceae,Escherichia,cdiA,tRNA nuclease CdiA,CDIA_ECOST
A0A5C2A2T2,phospholipase A2 family|IC,,,KW-0106 (Calcium);KW-0903 (Direct protein sequencing);KW-1015 (Disulfide bond);KW-0378 (Hydrolase);KW-0379 (Hydroxylation);KW-0873 (Pyrrolidone carboxylic acid);KW-0964 (Secreted);KW-0732 (Signal);KW-0800 (Toxin),Conidae,Conus,,Conodipine-P1,COP1_CONPU
A4VBF0,phospholipase A2 family|IC,PF00068 (Phospholip_A2_1)|108.6,CL0629 (PLA2),KW-1203 (Blood coagulation cascade inhibiting toxin);KW-0903 (Direct protein sequencing);KW-1015 (Disulfide bond);KW-1199 (Hemostasis impairing toxin);KW-0528 (Neurotoxin);KW-0593 (Phospholipase A2 inhibitor);KW-1201 (Platelet aggregation inhibiting toxin);KW-0638 (Presynaptic neurotoxin);KW-0964 (Secreted);KW-0732 (Signal);KW-0800 (Toxin),Viperidae,Vipera,,Acidic phospholipase A2 inhibitor chain HPD-1I,PA2H_VIPNI
A8YPR9,In the C-terminal section|IC,,,KW-0165 (Cleavage on pair of basic residues);KW-0903 (Direct protein sequencing);KW-1015 (Disulfide bond);KW-0382 (Hypotensive agent);KW-0481 (Metalloenzyme inhibitor);KW-0483 (Metalloprotease inhibitor);KW-0646 (Protease inhibitor);KW-0873 (Pyrrolidone carboxylic acid);KW-0677 (Repeat);KW-0964 (Secreted);KW-0732 (Signal);KW-0800 (Toxin);KW-0838 (Vasoactive);KW-0840 (Vasodilator),Viperidae,Cerastes,Svmpi-Cce12,Snake venom metalloprotease inhibitor 02A10,SVMI1_CERCE
B1P1E0,neurotoxin 10 (Hwtx-1) family|IC,PF07740 (Toxin_12)|29.2,CL0083 (Omega_toxin),KW-0027 (Amidation);KW-0903 (Direct protein sequencing);KW-1015 (Disulfide bond);KW-0872 (Ion channel impairing toxin);KW-0960 (Knottin);KW-0632 (Potassium channel impairing toxin);KW-0964 (Secreted);KW-0732 (Signal);KW-0800 (Toxin);KW-1220 (Voltage-gated potassium channel impairing toxin);KW-0738 (Voltage-gated sodium channel impairing toxin),Theraphosidae,Chilobrachys,,Kappa-theraphotoxin-Cg1a 3,JZ11C_CHIGU
B1P1E2,neurotoxin 10 (Hwtx-1) family|IC,PF07740 (Toxin_12)|29.2,CL0083 (Omega_toxin),KW-0027 (Amidation);KW-0903 (Direct protein sequencing);KW-1015 (Disulfide bond);KW-0872 (Ion channel impairing toxin);KW-0960 (Knottin);KW-0632 (Potassium channel impairing toxin);KW-0964 (Secreted);KW-0732 (Signal);KW-0800 (Toxin);KW-1220 (Voltage-gated potassium channel impairing toxin);KW-0738 (Voltage-gated sodium channel impairing toxin),Theraphosidae,Chilobrachys,,Kappa-theraphotoxin-Cg1a 4,JZ11D_CHIGU
B1P1F5,neurotoxin 10 (Hwtx-1) family|IC,,,KW-0027 (Amidation);KW-0903 (Direct protein sequencing);KW-1015 (Disulfide bond);KW-0872 (Ion channel impairing toxin);KW-0960 (Knottin);KW-0528 (Neurotoxin);KW-0632 (Potassium channel impairing toxin);KW-0964 (Secreted);KW-0732 (Signal);KW-0800 (Toxin);KW-1220 (Voltage-gated potassium channel impairing toxin);KW-0738 (Voltage-gated sodium channel impairing toxin),Theraphosidae,Chilobrachys,,U18-theraphotoxin-Cg1a,JZT32_CHIGU
B2G331,venom Kunitz-type family|IC,PF00014 (Kunitz_BPTI)|76.7,CL0894 (BPTI),KW-0903 (Direct protein sequencing);KW-1015 (Disulfide bond);KW-0872 (Ion channel impairing toxin);KW-0166 (Nematocyst);KW-0528 (Neurotoxin);KW-0646 (Protease inhibitor);KW-0964 (Secreted);KW-0722 (Serine protease inhibitor);KW-0732 (Signal);KW-0800 (Toxin),Stichodactylidae,Radianthus,,TauPI-stichotoxin-Hcr2b,VKT2B_RADCR
B3EWH0,neurotoxin 19 (CSTX) family|IC,PF10530 (Toxin_35)|41.0,CL0083 (Omega_toxin),KW-0002 (3D-structure);KW-0027 (Amidation);KW-0108 (Calcium channel impairing toxin);KW-0903 (Direct protein sequencing);KW-1015 (Disulfide bond);KW-0872 (Ion channel impairing toxin);KW-0960 (Knottin);KW-0528 (Neurotoxin);KW-0964 (Secreted);KW-0800 (Toxin),Lycosidae,Alopecosa,,Purotoxin-2,TXPR2_ALOMR
B7S4N9,venom Kunitz-type family|IC,PF00014 (Kunitz_BPTI)|76.3,CL0894 (BPTI),KW-1203 (Blood coagulation cascade inhibiting toxin);KW-0108 (Calcium channel impairing toxin);KW-1221 (Calcium-activated potassium channel impairing toxin);KW-0903 (Direct protein sequencing);KW-1015 (Disulfide bond);KW-1199 (Hemostasis impairing toxin);KW-0872 (Ion channel impairing toxin);KW-0528 (Neurotoxin);KW-0632 (Potassium channel impairing toxin);KW-0646 (Protease inhibitor);KW-0964 (Secreted);KW-0722 (Serine protease inhibitor);KW-0732 (Signal);KW-0800 (Toxin);KW-1218 (Voltage-gated calcium channel impairing toxin),Elapidae,Oxyuranus,,Kunitz-type serine protease inhibitor taicotoxin,VKT_OXYSC
C0HJY4,poneritoxin-Ae1 family|IC,,,KW-0002 (3D-structure);KW-0027 (Amidation);KW-0108 (Calcium channel impairing toxin);KW-0903 (Direct protein sequencing);KW-1015 (Disulfide bond);KW-0872 (Ion channel impairing toxin);KW-0528 (Neurotoxin);KW-0964 (Secreted);KW-0800 (Toxin);KW-1218 (Voltage-gated calcium channel impairing toxin),Formicidae,Anochetus,,U1-poneritoxin-Ae1a,PON1A_ANOEM
C0HK05,phospholipase A2 family|IC,PF00068 (Phospholip_A2_1)|63.2,CL0629 (PLA2),KW-0106 (Calcium);KW-0903 (Direct protein sequencing);KW-1015 (Disulfide bond);KW-0378 (Hydrolase);KW-0442 (Lipid degradation);KW-0443 (Lipid metabolism);KW-0479 (Metal-binding);KW-0959 (Myotoxin);KW-0964 (Secreted);KW-0800 (Toxin),Viperidae,Crotalus,,Basic phospholipase A2 ColTx-1,PA2BC_CROLT
C0HK27,leguminous lectin family|IC,PF00139 (Lectin_legB)|190.8,CL0004 (Concanavalin),KW-0002 (3D-structure);KW-0106 (Calcium);KW-0903 (Direct protein sequencing);KW-0348 (Hemagglutinin);KW-0430 (Lectin);KW-0464 (Manganese);KW-0465 (Mannose-binding);KW-0479 (Metal-binding);KW-0732 (Signal);KW-0800 (Toxin),Fabaceae,Dioclea,,Lectin,LECA_DIOLA
C3W4R6,phospholipase A2 family|IC,PF00068 (Phospholip_A2_1)|111.2,CL0629 (PLA2),KW-0106 (Calcium);KW-1015 (Disulfide bond);KW-1199 (Hemostasis impairing toxin);KW-0378 (Hydrolase);KW-0442 (Lipid degradation);KW-0443 (Lipid metabolism);KW-0479 (Metal-binding);KW-1201 (Platelet aggregation inhibiting toxin);KW-0964 (Secreted);KW-0732 (Signal);KW-0800 (Toxin),Viperidae,Macrovipera,,Acidic phospholipase A2 1,PA2A1_MACLB
D2Y1X6,neurotoxin 10 (Hwtx-1) family|IC,,,KW-0002 (3D-structure);KW-0027 (Amidation);KW-0903 (Direct protein sequencing);KW-1015 (Disulfide bond);KW-0872 (Ion channel impairing toxin);KW-0960 (Knottin);KW-0528 (Neurotoxin);KW-0964 (Secreted);KW-0732 (Signal);KW-0800 (Toxin);KW-0738 (Voltage-gated sodium channel impairing toxin),Theraphosidae,Cyriopagopus,,Mu-theraphotoxin-Hhn2b 1,H1A01_CYRHA
D2Y1Y1,neurotoxin 10 (Hwtx-1) family|IC,,,KW-0027 (Amidation);KW-0903 (Direct protein sequencing);KW-1015 (Disulfide bond);KW-0872 (Ion channel impairing toxin);KW-0960 (Knottin);KW-0528 (Neurotoxin);KW-0638 (Presynaptic neurotoxin);KW-0964 (Secreted);KW-0732 (Signal);KW-0800 (Toxin);KW-0738 (Voltage-gated sodium channel impairing toxin),Theraphosidae,Cyriopagopus,,Hainantoxin-III,H3A03_CYRHA
D2Y1Z4,neurotoxin 10 (Hwtx-1) family|IC,,,KW-0027 (Amidation);KW-0903 (Direct protein sequencing);KW-1015 (Disulfide bond);KW-0872 (Ion channel impairing toxin);KW-0960 (Knottin);KW-0528 (Neurotoxin);KW-0638 (Presynaptic neurotoxin);KW-0964 (Secreted);KW-0732 (Signal);KW-0800 (Toxin);KW-0738 (Voltage-gated sodium channel impairing toxin),Theraphosidae,Cyriopagopus,,Hainantoxin-III 6,H3A06_CYRHA
D2Y232,neurotoxin 10 (Hwtx-1) family|IC,,,KW-0002 (3D-structure);KW-0027 (Amidation);KW-0903 (Direct protein sequencing);KW-1015 (Disulfide bond);KW-0872 (Ion channel impairing toxin);KW-0960 (Knottin);KW-0528 (Neurotoxin);KW-0638 (Presynaptic neurotoxin);KW-0964 (Secreted);KW-0732 (Signal);KW-0800 (Toxin);KW-0738 (Voltage-gated sodium channel impairing toxin),Theraphosidae,Cyriopagopus,,Mu-theraphotoxin-Hhn1b 1,H4A01_CYRHA
D4QD81,,,,KW-1203 (Blood coagulation cascade inhibiting toxin);KW-0106 (Calcium);KW-0963 (Cytoplasm);KW-1199 (Hemostasis impairing toxin);KW-0378 (Hydrolase);KW-0479 (Metal-binding);KW-0645 (Protease);KW-0677 (Repeat);KW-0964 (Secreted);KW-0720 (Serine protease);KW-0732 (Signal);KW-0800 (Toxin),Ixodidae,Haemaphysalis,A01M12,Longistatin,LONG_HAELO
G9I930,phospholipase A2 family|IC,PF00068 (Phospholip_A2_1)|89.4,CL0629 (PLA2),KW-0002 (3D-structure);KW-0903 (Direct protein sequencing);KW-1015 (Disulfide bond);KW-0872 (Ion channel impairing toxin);KW-1275 (Proton-gated sodium channel impairing toxin);KW-0964 (Secreted);KW-0732 (Signal);KW-0800 (Toxin),Elapidae,Micrurus,,Basic phospholipase A2 homolog MitTx-beta,PA2HB_MICTN
I6L8L6,phospholipase A2 family|IC,PF00068 (Phospholip_A2_1)|106.8,CL0629 (PLA2),KW-0002 (3D-structure);KW-0044 (Antibiotic);KW-0929 (Antimicrobial);KW-0903 (Direct protein sequencing);KW-1015 (Disulfide bond);KW-0959 (Myotoxin);KW-0964 (Secreted);KW-0800 (Toxin),Viperidae,Bothrops,,Basic phospholipase A2 homolog 2,PA2H1_BOTBZ
K9IMD0,transferrin family|SAM,PF00405 (Transferrin)|853.4,CL0177 (PBP),KW-0044 (Antibiotic);KW-0929 (Antimicrobial);KW-1203 (Blood coagulation cascade inhibiting toxin);KW-0903 (Direct protein sequencing);KW-1015 (Disulfide bond);KW-0325 (Glycoprotein);KW-1199 (Hemostasis impairing toxin);KW-0378 (Hydrolase);KW-0391 (Immunity);KW-0406 (Ion transport);KW-0408 (Iron);KW-0410 (Iron transport);KW-0479 (Metal-binding);KW-0892 (Osteogenesis);KW-0645 (Protease);KW-0677 (Repeat);KW-0964 (Secreted);KW-0720 (Serine protease);KW-0732 (Signal);KW-0800 (Toxin);KW-0813 (Transport),Phyllostomidae,Desmodus,LTF,Lactotransferrin,TRLF_DESRO
K9USW8,arthropod phospholipase D family|IC,,,KW-0044 (Antibiotic);KW-0929 (Antimicrobial);KW-0204 (Cytolysis);KW-1061 (Dermonecrotic toxin);KW-0903 (Direct protein sequencing);KW-1015 (Disulfide bond);KW-0354 (Hemolysis);KW-0442 (Lipid degradation);KW-0443 (Lipid metabolism);KW-0456 (Lyase);KW-0460 (Magnesium);KW-0479 (Metal-binding);KW-0964 (Secreted);KW-0800 (Toxin),Sicariidae,Loxosceles,,Dermonecrotic toxin LgSicTox-alphaIC1,A1O_LOXGA
P00614,phospholipase A2 family|IC,PF00068 (Phospholip_A2_1)|116.7,CL0629 (PLA2),KW-0106 (Calcium);KW-0903 (Direct protein sequencing);KW-1015 (Disulfide bond);KW-0378 (Hydrolase);KW-0442 (Lipid degradation);KW-0443 (Lipid metabolism);KW-0479 (Metal-binding);KW-0528 (Neurotoxin);KW-0638 (Presynaptic neurotoxin);KW-0964 (Secreted);KW-0800 (Toxin),Elapidae,Oxyuranus,,Basic phospholipase A2 taipoxin alpha chain,PA2TA_OXYSC
P00624,phospholipase A2 family|IC,PF00068 (Phospholip_A2_1)|110.2,CL0629 (PLA2),KW-0002 (3D-structure);KW-0106 (Calcium);KW-0903 (Direct protein sequencing);KW-1015 (Disulfide bond);KW-0378 (Hydrolase);KW-0442 (Lipid degradation);KW-0443 (Lipid metabolism);KW-0479 (Metal-binding);KW-0964 (Secreted);KW-0732 (Signal);KW-0800 (Toxin),Viperidae,Crotalus,,Acidic phospholipase A2,PA2A_CROAT
P01050,protease inhibitor I14 (hirudin) family|IC,PF00713 (Hirudin)|139.3,CL0620 (Antihemostatic),KW-0002 (3D-structure);KW-1203 (Blood coagulation cascade inhibiting toxin);KW-0903 (Direct protein sequencing);KW-1015 (Disulfide bond);KW-0325 (Glycoprotein);KW-1199 (Hemostasis impairing toxin);KW-0582 (Pharmaceutical);KW-0646 (Protease inhibitor);KW-0964 (Secreted);KW-0722 (Serine protease inhibitor);KW-0765 (Sulfation);KW-0800 (Toxin),Hirudinidae,Hirudo,,Hirudin variant-1,HIRV1_HIRME
P01492,long (4 C-C) scorpion toxin superfamily|IC,PF00537 (Toxin_3)|47.3,CL0054 (Knottin_1),KW-0002 (3D-structure);KW-0027 (Amidation);KW-0903 (Direct protein sequencing);KW-1015 (Disulfide bond);KW-0872 (Ion channel impairing toxin);KW-0528 (Neurotoxin);KW-0964 (Secreted);KW-0732 (Signal);KW-0800 (Toxin);KW-0738 (Voltage-gated sodium channel impairing toxin),Buthidae,Centruroides,,Toxin CsEv1,SCX1_CENSC
P01521,conotoxin A superfamily|IC,,,KW-0008 (Acetylcholine receptor inhibiting toxin);KW-0027 (Amidation);KW-0903 (Direct protein sequencing);KW-1015 (Disulfide bond);KW-0872 (Ion channel impairing toxin);KW-0528 (Neurotoxin);KW-0629 (Postsynaptic neurotoxin);KW-0964 (Secreted);KW-0800 (Toxin),Conidae,Conus,,Alpha-conotoxin MI,CA1_CONMA
P01555,enterotoxin A family|IC,PF01375 (Enterotoxin_a)|431.7,CL0084 (ADP-ribosyl),KW-0002 (3D-structure);KW-0903 (Direct protein sequencing);KW-1015 (Disulfide bond);KW-0260 (Enterotoxin);KW-0328 (Glycosyltransferase);KW-0520 (NAD);KW-0548 (Nucleotidyltransferase);KW-1185 (Reference proteome);KW-0732 (Signal);KW-0800 (Toxin);KW-0808 (Transferase);KW-0843 (Virulence),Vibrionaceae,Vibrio,ctxA,Cholera enterotoxin subunit A,CHTA_VIBCH
P02879,In the N-terminal section|IC,PF00161 (RIP)|206.9;PF00652 (Ricin_B_lectin)|168.5,CL0066 (Trefoil),KW-0002 (3D-structure);KW-0903 (Direct protein sequencing);KW-1015 (Disulfide bond);KW-0325 (Glycoprotein);KW-0378 (Hydrolase);KW-0430 (Lectin);KW-0547 (Nucleotide-binding);KW-0611 (Plant defense);KW-0652 (Protein synthesis inhibitor);KW-0677 (Repeat);KW-0732 (Signal);KW-0800 (Toxin),Euphorbiaceae,Ricinus,,Ricin,RICI_RICCO
P04977,bacterial exotoxin subunit A family|IC,PF02917 (Pertussis_S1)|430.3,CL0084 (ADP-ribosyl),KW-0002 (3D-structure);KW-0903 (Direct protein sequencing);KW-1015 (Disulfide bond);KW-0328 (Glycosyltransferase);KW-0520 (NAD);KW-0548 (Nucleotidyltransferase);KW-0582 (Pharmaceutical);KW-1185 (Reference proteome);KW-0964 (Secreted);KW-0732 (Signal);KW-0800 (Toxin);KW-0808 (Transferase);KW-0843 (Virulence);KW-0855 (Whooping cough),Alcaligenaceae,Bordetella,ptxA,Pertussis toxin subunit 1,TOX1_BORPE
P08878,phospholipase A2 family|IC,PF00068 (Phospholip_A2_1)|103.5,CL0629 (PLA2),KW-0002 (3D-structure);KW-0903 (Direct protein sequencing);KW-1015 (Disulfide bond);KW-1213 (G-protein coupled receptor impairing toxin);KW-0528 (Neurotoxin);KW-0582 (Pharmaceutical);KW-0638 (Presynaptic neurotoxin);KW-0873 (Pyrrolidone carboxylic acid);KW-0964 (Secreted);KW-0732 (Signal);KW-0800 (Toxin),Viperidae,Crotalus,,Phospholipase A2 homolog crotoxin acid subunit CA,PA2H_CRODU
P08902,leguminous lectin family|IC,PF00139 (Lectin_legB)|177.1,CL0004 (Concanavalin),KW-0002 (3D-structure);KW-0106 (Calcium);KW-0903 (Direct protein sequencing);KW-0430 (Lectin);KW-0464 (Manganese);KW-0465 (Mannose-binding);KW-0479 (Metal-binding);KW-0800 (Toxin),Fabaceae,Macropsychanthus,,Lectin alpha chain,LECA_DIOGR
P09545,HlyA hemolysin family|IC,PF07968 (Leukocidin)|214.7;PF12563 (Hemolysin_N)|330.3;PF16458 (Beta-prism_lec)|234.1,CL0568 (Man_lectin);CL0636 (Leukocidin),KW-0002 (3D-structure);KW-0204 (Cytolysis);KW-0903 (Direct protein sequencing);KW-1015 (Disulfide bond);KW-0354 (Hemolysis);KW-1032 (Host cell membrane);KW-1043 (Host membrane);KW-0430 (Lectin);KW-0472 (Membrane);KW-1185 (Reference proteome);KW-0964 (Secreted);KW-0732 (Signal);KW-0800 (Toxin);KW-0812 (Transmembrane);KW-1134 (Transmembrane beta strand);KW-0843 (Virulence),Vibrionaceae,Vibrio,hlyA,Hemolysin,HLYA_VIBCH
P09981,long (4 C-C) scorpion toxin superfamily|IC,PF00537 (Toxin_3)|81.9,CL0054 (Knottin_1),KW-0002 (3D-structure);KW-0903 (Direct protein sequencing);KW-1015 (Disulfide bond);KW-0872 (Ion channel impairing toxin);KW-0528 (Neurotoxin);KW-0964 (Secreted);KW-0800 (Toxin);KW-0738 (Voltage-gated sodium channel impairing toxin),Buthidae,Mesobuthus,,Alpha-like toxin BeM9,SCX9_MESEU
P0C195,conotoxin M superfamily|IC,,,KW-0002 (3D-structure);KW-0027 (Amidation);KW-0165 (Cleavage on pair of basic residues);KW-1015 (Disulfide bond);KW-0872 (Ion channel impairing toxin);KW-0528 (Neurotoxin);KW-0964 (Secreted);KW-0800 (Toxin);KW-0738 (Voltage-gated sodium channel impairing toxin),Conidae,Conus,,Mu-conotoxin KIIIB,CM3A_CONKI
P0C1D0,conotoxin A superfamily|IC,,,KW-0002 (3D-structure);KW-0008 (Acetylcholine receptor inhibiting toxin);KW-1015 (Disulfide bond);KW-1213 (G-protein coupled receptor impairing toxin);KW-0872 (Ion channel impairing toxin);KW-0528 (Neurotoxin);KW-0629 (Postsynaptic neurotoxin);KW-0964 (Secreted);KW-0800 (Toxin),Conidae,Conus,,Alpha-conotoxin RgIA,CA1A_CONRE
P0C1W6,conotoxin D superfamily|IC,,,KW-0002 (3D-structure);KW-0008 (Acetylcholine receptor inhibiting toxin);KW-0027 (Amidation);KW-0903 (Direct protein sequencing);KW-1015 (Disulfide bond);KW-0301 (Gamma-carboxyglutamic acid);KW-0379 (Hydroxylation);KW-0872 (Ion channel impairing toxin);KW-0528 (Neurotoxin);KW-0629 (Postsynaptic neurotoxin);KW-0964 (Secreted);KW-0732 (Signal);KW-0800 (Toxin),Conidae,Conus,,Alpha-conotoxin VxXXB,CDKB_CONVX
P0C1Z0,three-finger toxin family|IC,PF21947 (Toxin_cobra-type)|30.4,CL0117 (uPAR_Ly6_toxin),KW-0002 (3D-structure);KW-0903 (Direct protein sequencing);KW-1015 (Disulfide bond);KW-0964 (Secreted);KW-0800 (Toxin),Elapidae,Dendroaspis,,Fasciculin-2,3SE2_DENAN
P0C2D1,flavin monoamine oxidase family|IC,,,KW-0044 (Antibiotic);KW-0929 (Antimicrobial);KW-0053 (Apoptosis);KW-0204 (Cytolysis);KW-0903 (Direct protein sequencing);KW-1015 (Disulfide bond);KW-0274 (FAD);KW-0285 (Flavoprotein);KW-0325 (Glycoprotein);KW-0354 (Hemolysis);KW-1200 (Hemorrhagic toxin);KW-1199 (Hemostasis impairing toxin);KW-0560 (Oxidoreductase);KW-1202 (Platelet aggregation activating toxin);KW-0964 (Secreted);KW-0800 (Toxin),Viperidae,Bothrops,,L-amino-acid oxidase,OXLA_BOTPI
P0C2E9,cholesterol-dependent cytolysin family|IC,PF01289 (Thiol_cytolysin)|567.4;PF17440 (Thiol_cytolys_C)|171.0,CL0293 (CDC),KW-0002 (3D-structure);KW-0204 (Cytolysis);KW-0903 (Direct protein sequencing);KW-0354 (Hemolysis);KW-1032 (Host cell membrane);KW-1043 (Host membrane);KW-0446 (Lipid-binding);KW-0472 (Membrane);KW-0964 (Secreted);KW-0732 (Signal);KW-0800 (Toxin);KW-0812 (Transmembrane);KW-1134 (Transmembrane beta strand);KW-0843 (Virulence),Clostridiaceae,Clostridium,pfo,Perfringolysin O,TACY_CLOPE
P0C828,conotoxin A superfamily|IC,PF07365 (Toxin_8)|63.8,,KW-0027 (Amidation);KW-0903 (Direct protein sequencing);KW-1015 (Disulfide bond);KW-0325 (Glycoprotein);KW-0379 (Hydroxylation);KW-0872 (Ion channel impairing toxin);KW-0528 (Neurotoxin);KW-0873 (Pyrrolidone carboxylic acid);KW-0964 (Secreted);KW-0732 (Signal);KW-0800 (Toxin);KW-0738 (Voltage-gated sodium channel impairing toxin),Conidae,Conus,,Conotoxin SIVA,CA4A_CONST
P0C942,phospholipase A2 family|IC,PF00068 (Phospholip_A2_1)|86.1,CL0629 (PLA2),KW-0106 (Calcium);KW-0903 (Direct protein sequencing);KW-1015 (Disulfide bond);KW-0378 (Hydrolase);KW-0442 (Lipid degradation);KW-0443 (Lipid metabolism);KW-0479 (Metal-binding);KW-0959 (Myotoxin);KW-0528 (Neurotoxin);KW-0964 (Secreted);KW-0800 (Toxin),Viperidae,Lachesis,,Basic phospholipase A2 LmTX-I,PA2B1_LACMU
P0CAS7,phospholipase A2 family|IC,PF00068 (Phospholip_A2_1)|109.3,CL0629 (PLA2),KW-0044 (Antibiotic);KW-0929 (Antimicrobial);KW-1203 (Blood coagulation cascade inhibiting toxin);KW-0106 (Calcium);KW-0903 (Direct protein sequencing);KW-1015 (Disulfide bond);KW-1199 (Hemostasis impairing toxin);KW-0378 (Hydrolase);KW-0442 (Lipid degradation);KW-0443 (Lipid metabolism);KW-0479 (Metal-binding);KW-0964 (Secreted);KW-0800 (Toxin),Viperidae,Crotalus,,Basic phospholipase A2 F17,PA2BG_CRODU
P0CB14,venom metalloproteinase (M12B) family|IC,PF01421 (Reprolysin)|188.6;PF01562 (Pep_M12B_propep)|63.5,CL0126 (Peptidase_MA),KW-0903 (Direct protein sequencing);KW-1015 (Disulfide bond);KW-1199 (Hemostasis impairing toxin);KW-0378 (Hydrolase);KW-0479 (Metal-binding);KW-0482 (Metalloprotease);KW-1201 (Platelet aggregation inhibiting toxin);KW-0645 (Protease);KW-0964 (Secreted);KW-0732 (Signal);KW-0800 (Toxin);KW-0862 (Zinc);KW-0865 (Zymogen),Viperidae,Calloselasma,,Snake venom metalloproteinase kistomin,VM1K_CALRH
P0CB20,,,,KW-0002 (3D-structure);KW-0903 (Direct protein sequencing);KW-1015 (Disulfide bond);KW-0872 (Ion channel impairing toxin);KW-1028 (Ionotropic glutamate receptor inhibitor);KW-0528 (Neurotoxin);KW-0629 (Postsynaptic neurotoxin);KW-0964 (Secreted);KW-0732 (Signal);KW-0800 (Toxin),Conidae,Conus,,Con-ikot-ikot,CONII_CONST
P0CE82,arthropod phospholipase D family|IC,PF13653 (GDPD_2)|41.2,CL0036 (TIM_barrel),KW-0002 (3D-structure);KW-0204 (Cytolysis);KW-1061 (Dermonecrotic toxin);KW-0903 (Direct protein sequencing);KW-1015 (Disulfide bond);KW-0354 (Hemolysis);KW-0442 (Lipid degradation);KW-0443 (Lipid metabolism);KW-0456 (Lyase);KW-0460 (Magnesium);KW-0479 (Metal-binding);KW-0964 (Secreted);KW-0732 (Signal);KW-0800 (Toxin);KW-0865 (Zymogen),Sicariidae,Loxosceles,,Dermonecrotic toxin LiSicTox-alphaIA1bii,A1HB2_LOXIN
P0DI84,flavin monoamine oxidase family|IC,PF01593 (Amino_oxidase)|280.9,CL0063 (NADP_Rossmann),KW-0002 (3D-structure);KW-0044 (Antibiotic);KW-0929 (Antimicrobial);KW-0053 (Apoptosis);KW-0204 (Cytolysis);KW-1015 (Disulfide bond);KW-0274 (FAD);KW-0285 (Flavoprotein);KW-0325 (Glycoprotein);KW-0354 (Hemolysis);KW-1199 (Hemostasis impairing toxin);KW-0479 (Metal-binding);KW-0560 (Oxidoreductase);KW-0964 (Secreted);KW-0800 (Toxin);KW-0862 (Zinc),Viperidae,Vipera,,L-amino-acid oxidase,OXLA_VIPAA
P0DJ42,venom metalloproteinase (M12B) family|IC,,,KW-0903 (Direct protein sequencing);KW-1015 (Disulfide bond);KW-1206 (Fibrinogenolytic toxin);KW-1200 (Hemorrhagic toxin);KW-1199 (Hemostasis impairing toxin);KW-0378 (Hydrolase);KW-0479 (Metal-binding);KW-0482 (Metalloprotease);KW-1201 (Platelet aggregation inhibiting toxin);KW-0645 (Protease);KW-0964 (Secreted);KW-0800 (Toxin);KW-0862 (Zinc),Viperidae,Crotalus,,Snake venom metalloproteinase crotalin,VM1CR_CROAT
P0DJ44,venom metalloproteinase (M12B) family|IC,,,KW-0903 (Direct protein sequencing);KW-1015 (Disulfide bond);KW-1206 (Fibrinogenolytic toxin);KW-0325 (Glycoprotein);KW-1200 (Hemorrhagic toxin);KW-1199 (Hemostasis impairing toxin);KW-0378 (Hydrolase);KW-0479 (Metal-binding);KW-0482 (Metalloprotease);KW-0645 (Protease);KW-0964 (Secreted);KW-0800 (Toxin);KW-0862 (Zinc),Viperidae,Vipera,,Zinc metalloproteinase-disintegrin-like VaH1,VM3_VIPAA
P0DKZ0,conotoxin B superfamily|IC,,,KW-0002 (3D-structure);KW-0027 (Amidation);KW-0106 (Calcium);KW-0301 (Gamma-carboxyglutamic acid);KW-0379 (Hydroxylation);KW-0872 (Ion channel impairing toxin);KW-1028 (Ionotropic glutamate receptor inhibitor);KW-0460 (Magnesium);KW-0479 (Metal-binding);KW-0528 (Neurotoxin);KW-0629 (Postsynaptic neurotoxin);KW-0964 (Secreted);KW-0732 (Signal);KW-0800 (Toxin),Conidae,Conus,,Conantokin Rl-B,CKR1B_CONRO
P0DL26,peptidase S1 family|SAM,PF00089 (Trypsin)|43.8,CL0124 (Peptidase_PA),KW-1204 (Blood coagulation cascade activating toxin);KW-1216 (Complement system impairing toxin);KW-0903 (Direct protein sequencing);KW-1015 (Disulfide bond);KW-1205 (Fibrinolytic toxin);KW-0325 (Glycoprotein);KW-1199 (Hemostasis impairing toxin);KW-0378 (Hydrolase);KW-1202 (Platelet aggregation activating toxin);KW-0645 (Protease);KW-0964 (Secreted);KW-0720 (Serine protease);KW-0800 (Toxin),Viperidae,Bothrops,,Thrombin-like enzyme BpirSP27,VSP27_BOTPI
P0DL49,sea anemone sodium channel inhibitory toxin family|IC,,,KW-0165 (Cleavage on pair of basic residues);KW-1015 (Disulfide bond);KW-0872 (Ion channel impairing toxin);KW-0166 (Nematocyst);KW-0528 (Neurotoxin);KW-0964 (Secreted);KW-0732 (Signal);KW-0800 (Toxin);KW-0738 (Voltage-gated sodium channel impairing toxin),Actiniidae,Anemonia,,Delta-actitoxin-Avd1c 1,NA12_ANEVI
P0DM15,,,,KW-0002 (3D-structure);KW-0903 (Direct protein sequencing);KW-1015 (Disulfide bond);KW-0872 (Ion channel impairing toxin);KW-0960 (Knottin);KW-0528 (Neurotoxin);KW-0964 (Secreted);KW-0800 (Toxin);KW-0738 (Voltage-gated sodium channel impairing toxin),Conidae,Conus,,MuO-conotoxin MfVIA,CO6A_CONMF
P0DMB4,AB hydrolase superfamily|IC,PF00151 (Lipase)|172.5,CL0028 (AB_hydrolase),KW-0020 (Allergen);KW-0204 (Cytolysis);KW-1015 (Disulfide bond);KW-0354 (Hemolysis);KW-0378 (Hydrolase);KW-0442 (Lipid degradation);KW-0443 (Lipid metabolism);KW-0528 (Neurotoxin);KW-0964 (Secreted);KW-0732 (Signal);KW-0800 (Toxin),Vespidae,Vespa,,Phospholipase A1 1,PA11_VESAF
P0DPI0,peptidase M27 family|IC,PF01742 (Peptidase_M27)|761.9;PF07951 (Toxin_R_bind_C)|359.4;PF07952 (Toxin_trans)|611.6;PF07953 (Toxin_R_bind_N)|214.8,CL0004 (Concanavalin);CL0066 (Trefoil);CL0126 (Peptidase_MA),KW-0002 (3D-structure);KW-0134 (Cell wall);KW-0903 (Direct protein sequencing);KW-1015 (Disulfide bond);KW-1032 (Host cell membrane);KW-1035 (Host cytoplasm);KW-1036 (Host cytoplasmic vesicle);KW-1043 (Host membrane);KW-1051 (Host synapse);KW-0378 (Hydrolase);KW-0446 (Lipid-binding);KW-0472 (Membrane);KW-0479 (Metal-binding);KW-0482 (Metalloprotease);KW-0528 (Neurotoxin);KW-0582 (Pharmaceutical);KW-0645 (Protease);KW-0964 (Secreted);KW-0800 (Toxin);KW-0812 (Transmembrane);KW-1133 (Transmembrane helix);KW-0832 (Ubl conjugation);KW-0843 (Virulence);KW-0862 (Zinc),Clostridiaceae,Clostridium,botA,Botulinum neurotoxin type A,BXA1_CLOBO
P0DPS3,peptidase S1 family|IC,PF00089 (Trypsin)|107.5,CL0124 (Peptidase_PA),KW-0903 (Direct protein sequencing);KW-1015 (Disulfide bond);KW-0325 (Glycoprotein);KW-1199 (Hemostasis impairing toxin);KW-0964 (Secreted);KW-0800 (Toxin),Viperidae,Vipera,,Snake venom serine protease VaSP1,VASP1_VIPAA
P0DRC8,venom metalloproteinase (M12B) family|IC,,,KW-0106 (Calcium);KW-0903 (Direct protein sequencing);KW-1015 (Disulfide bond);KW-0325 (Glycoprotein);KW-0378 (Hydrolase);KW-0460 (Magnesium);KW-0479 (Metal-binding);KW-0482 (Metalloprotease);KW-0959 (Myotoxin);KW-0645 (Protease);KW-0964 (Secreted);KW-0800 (Toxin);KW-0862 (Zinc),Viperidae,Macrovipera,,Snake venom metalloproteinase Mlp4.2,VM1_MACLN
P0DRJ2,neurotoxin 10 (Hwtx-1) family|IC,,,KW-0002 (3D-structure);KW-0027 (Amidation);KW-0903 (Direct protein sequencing);KW-1015 (Disulfide bond);KW-0872 (Ion channel impairing toxin);KW-0960 (Knottin);KW-0528 (Neurotoxin);KW-0964 (Secreted);KW-0800 (Toxin);KW-0738 (Voltage-gated sodium channel impairing toxin),Theraphosidae,Selenotypus,,Mu-theraphotoxin-Ssp1a,TX1A_SELSX
P0DRJ3,neurotoxin 30 (phrixotoxin) family|IC,,,KW-0002 (3D-structure);KW-0027 (Amidation);KW-0903 (Direct protein sequencing);KW-1015 (Disulfide bond);KW-0872 (Ion channel impairing toxin);KW-0964 (Secreted);KW-0800 (Toxin);KW-0738 (Voltage-gated sodium channel impairing toxin),Theraphosidae,Thrixopelma,,Mu-theraphotoxin-Tsp1a,TX1A_THRSX
P0DRM3,long chain scorpion toxin family|IC,PF14866 (Scorpion_toxin_alpha-beta)|38.9,CL0054 (Knottin_1),KW-0044 (Antibiotic);KW-0929 (Antimicrobial);KW-0903 (Direct protein sequencing);KW-1015 (Disulfide bond);KW-0872 (Ion channel impairing toxin);KW-0964 (Secreted);KW-0732 (Signal);KW-0800 (Toxin),Hemiscorpiidae,Liocheles,,Insecticidal scorpine-like peptide LaIT3,KBX33_LIOAU
P0DSI1,In the N-terminal section|IC,PF04829 (PT-VENN)|70.1;PF05860 (TPS)|167.6;PF13332 (Fil_haemagg_2)|197.4;PF21726 (DUF6862)|37.8,CL0268 (Pec_lyase-like),KW-0002 (3D-structure);KW-0255 (Endonuclease);KW-0378 (Hydrolase);KW-0540 (Nuclease);KW-0964 (Secreted);KW-0732 (Signal);KW-1266 (Target cell cytoplasm);KW-0800 (Toxin);KW-0843 (Virulence),Enterobacteriaceae,Escherichia,cdiA,tRNA nuclease CdiA,CDIA_ECONC
P0DUH5,RHS/WapA nuclease family|IC,PF03527 (RHS)|54.1;PF05488 (PAAR_motif)|55.2;PF05593 (RHS_repeat)|235.8;PF20148 (DUF6531)|72.3;PF25023 (TEN_YD-shell)|162.5;PF25799 (prePAAR_I)|89.5,CL0877 (RHS_sf),KW-0002 (3D-structure);KW-0378 (Hydrolase);KW-0472 (Membrane);KW-0479 (Metal-binding);KW-0677 (Repeat);KW-0800 (Toxin);KW-0812 (Transmembrane);KW-1133 (Transmembrane helix);KW-0862 (Zinc),Burkholderiaceae,Burkholderia,dddA,Double-stranded DNA deaminase toxin A,DDDA_BURC1
P0DUJ8,glycosyltransferase NleB family|IC,,,KW-0002 (3D-structure);KW-0328 (Glycosyltransferase);KW-1040 (Host Golgi apparatus);KW-0464 (Manganese);KW-0479 (Metal-binding);KW-1185 (Reference proteome);KW-0964 (Secreted);KW-0800 (Toxin);KW-0808 (Transferase);KW-0843 (Virulence),Enterobacteriaceae,Salmonella,sseK2,Protein-arginine N-acetylglucosaminyltransferase SseK2,SSEK2_SALTS
P0DUN4,phospholipase A2 family|IC,PF00068 (Phospholip_A2_1)|81.1,CL0629 (PLA2),KW-0106 (Calcium);KW-0903 (Direct protein sequencing);KW-1015 (Disulfide bond);KW-1199 (Hemostasis impairing toxin);KW-0378 (Hydrolase);KW-0442 (Lipid degradation);KW-0443 (Lipid metabolism);KW-0479 (Metal-binding);KW-1201 (Platelet aggregation inhibiting toxin);KW-0964 (Secreted);KW-0800 (Toxin),Viperidae,Bothrops,,Acidic phospholipase A2 braziliase-II,PA2A2_BOTBZ
P0DUN5,phospholipase A2 family|IC,PF00068 (Phospholip_A2_1)|46.6,CL0629 (PLA2),KW-0106 (Calcium);KW-0903 (Direct protein sequencing);KW-1015 (Disulfide bond);KW-0378 (Hydrolase);KW-0442 (Lipid degradation);KW-0443 (Lipid metabolism);KW-0479 (Metal-binding);KW-0959 (Myotoxin);KW-0528 (Neurotoxin);KW-0638 (Presynaptic neurotoxin);KW-0964 (Secreted);KW-0800 (Toxin),Viperidae,Bothrops,,Basic phospholipase A2 Bbil-TX,PA2_BOTBS
P0DUW5,Cif family|IC,PF16374 (CIF)|69.7,CL0125 (Peptidase_CA),KW-0002 (3D-structure);KW-1048 (Host nucleus);KW-0378 (Hydrolase);KW-0614 (Plasmid);KW-0964 (Secreted);KW-0800 (Toxin);KW-0843 (Virulence),Enterobacteriaceae,Escherichia,cif,Protein-glutamine deamidase Cif,CIF_ECOLX
P10297,ribosome-inactivating protein family|IC,PF00161 (RIP)|119.7,,KW-0002 (3D-structure);KW-0051 (Antiviral defense);KW-0903 (Direct protein sequencing);KW-1015 (Disulfide bond);KW-0378 (Hydrolase);KW-0611 (Plant defense);KW-0652 (Protein synthesis inhibitor);KW-0732 (Signal);KW-0800 (Toxin),Phytolaccaceae,Phytolacca,PAP1,Antiviral protein I,RIP1_PHYAM
P11407,phospholipase A2 family|IC,PF00068 (Phospholip_A2_1)|119.5,CL0629 (PLA2),KW-0002 (3D-structure);KW-1203 (Blood coagulation cascade inhibiting toxin);KW-0106 (Calcium);KW-0903 (Direct protein sequencing);KW-1015 (Disulfide bond);KW-1199 (Hemostasis impairing toxin);KW-1035 (Host cytoplasm);KW-0378 (Hydrolase);KW-0442 (Lipid degradation);KW-0443 (Lipid metabolism);KW-0479 (Metal-binding);KW-0528 (Neurotoxin);KW-0638 (Presynaptic neurotoxin);KW-0964 (Secreted);KW-0732 (Signal);KW-0800 (Toxin),Viperidae,Vipera,,Basic phospholipase A2 ammodytoxin C,PA2BC_VIPAA
P11439,,PF09009 (Exotox-A_cataly)|328.5;PF09101 (Exotox-A_bind)|454.0;PF09102 (Exotox-A_target)|238.0,CL0004 (Concanavalin);CL0084 (ADP-ribosyl),KW-0002 (3D-structure);KW-0903 (Direct protein sequencing);KW-1015 (Disulfide bond);KW-0328 (Glycosyltransferase);KW-0520 (NAD);KW-0548 (Nucleotidyltransferase);KW-1185 (Reference proteome);KW-0732 (Signal);KW-0800 (Toxin);KW-0808 (Transferase);KW-0843 (Virulence),Pseudomonadaceae,Pseudomonas,eta,Exotoxin A,TOXA_PSEAE
P15167,venom metalloproteinase (M12B) family|IC,PF01421 (Reprolysin)|203.5;PF01562 (Pep_M12B_propep)|63.9,CL0126 (Peptidase_MA),KW-0002 (3D-structure);KW-0106 (Calcium);KW-0177 (Collagen degradation);KW-0903 (Direct protein sequencing);KW-1015 (Disulfide bond);KW-1200 (Hemorrhagic toxin);KW-1199 (Hemostasis impairing toxin);KW-0378 (Hydrolase);KW-0479 (Metal-binding);KW-0482 (Metalloprotease);KW-0645 (Protease);KW-0873 (Pyrrolidone carboxylic acid);KW-0964 (Secreted);KW-0732 (Signal);KW-0800 (Toxin);KW-0862 (Zinc);KW-0865 (Zymogen),Viperidae,Crotalus,,Snake venom metalloproteinase atrolysin-D,VM1AD_CROAT
P15226,long (4 C-C) scorpion toxin superfamily|IC,PF00537 (Toxin_3)|52.0,CL0054 (Knottin_1),KW-0002 (3D-structure);KW-0027 (Amidation);KW-0929 (Antimicrobial);KW-0903 (Direct protein sequencing);KW-1015 (Disulfide bond);KW-0295 (Fungicide);KW-0872 (Ion channel impairing toxin);KW-0528 (Neurotoxin);KW-0964 (Secreted);KW-0732 (Signal);KW-0800 (Toxin);KW-0738 (Voltage-gated sodium channel impairing toxin),Buthidae,Tityus,,Beta-mammal/insect toxin Ts1,SCX1_TITSE
P17347,venom metalloproteinase (M12B) family|IC,PF00200 (Disintegrin)|40.2;PF01421 (Reprolysin)|99.7,CL0126 (Peptidase_MA),KW-0002 (3D-structure);KW-1217 (Cell adhesion impairing toxin);KW-0903 (Direct protein sequencing);KW-1015 (Disulfide bond);KW-1199 (Hemostasis impairing toxin);KW-0378 (Hydrolase);KW-0479 (Metal-binding);KW-0482 (Metalloprotease);KW-0582 (Pharmaceutical);KW-1201 (Platelet aggregation inhibiting toxin);KW-0645 (Protease);KW-0873 (Pyrrolidone carboxylic acid);KW-0964 (Secreted);KW-0800 (Toxin);KW-0862 (Zinc),Viperidae,Echis,,Disintegrin metalloproteinase/disintegrin echistatin,VM2EA_ECHCS
P17727,neurotoxin 04 (omega-agtx) family|IC,PF08396 (Toxin_34)|80.1,,KW-0027 (Amidation);KW-0903 (Direct protein sequencing);KW-1015 (Disulfide bond);KW-0872 (Ion channel impairing toxin);KW-0960 (Knottin);KW-0528 (Neurotoxin);KW-0964 (Secreted);KW-0732 (Signal);KW-0800 (Toxin);KW-0738 (Voltage-gated sodium channel impairing toxin),Ctenidae,Phoneutria,,Mu-ctenitoxin-Pn1a,TXL1_PHONI
P18640,peptidase M27 family|IC,PF01742 (Peptidase_M27)|297.2;PF07951 (Toxin_R_bind_C)|31.5;PF07952 (Toxin_trans)|322.7;PF07953 (Toxin_R_bind_N)|129.6,CL0004 (Concanavalin);CL0066 (Trefoil);CL0126 (Peptidase_MA),KW-0002 (3D-structure);KW-0903 (Direct protein sequencing);KW-1015 (Disulfide bond);KW-0378 (Hydrolase);KW-0446 (Lipid-binding);KW-0479 (Metal-binding);KW-0482 (Metalloprotease);KW-0528 (Neurotoxin);KW-0582 (Pharmaceutical);KW-0645 (Protease);KW-0964 (Secreted);KW-0800 (Toxin);KW-0843 (Virulence);KW-0862 (Zinc),,,,Botulinum neurotoxin type C,BXC_CBCP
P18964,peptidase S1 family|SAM,PF00089 (Trypsin)|194.5,CL0124 (Peptidase_PA),KW-1204 (Blood coagulation cascade activating toxin);KW-0903 (Direct protein sequencing);KW-1015 (Disulfide bond);KW-0325 (Glycoprotein);KW-1199 (Hemostasis impairing toxin);KW-0378 (Hydrolase);KW-0645 (Protease);KW-0964 (Secreted);KW-0720 (Serine protease);KW-0800 (Toxin),Viperidae,Daboia,,Factor V activator RVV-V alpha,VSPA_DABSI
P21454,SpvB family|IC,PF03496 (ADPrib_exo_Tox)|47.8;PF03534 (SpvB)|336.1,CL0084 (ADP-ribosyl),KW-0002 (3D-structure);KW-0903 (Direct protein sequencing);KW-0328 (Glycosyltransferase);KW-0520 (NAD);KW-0521 (NADP);KW-0547 (Nucleotide-binding);KW-0548 (Nucleotidyltransferase);KW-0614 (Plasmid);KW-0964 (Secreted);KW-0800 (Toxin);KW-0808 (Transferase);KW-0843 (Virulence),Enterobacteriaceae,Salmonella,spvB,Mono(ADP-ribosyl)transferase SpvB,SPVB_SALTM
P23026,phospholipase A2 family|IC,PF00068 (Phospholip_A2_1)|106.8,CL0629 (PLA2),KW-0106 (Calcium);KW-0903 (Direct protein sequencing);KW-1015 (Disulfide bond);KW-0378 (Hydrolase);KW-0442 (Lipid degradation);KW-0443 (Lipid metabolism);KW-0479 (Metal-binding);KW-0528 (Neurotoxin);KW-0638 (Presynaptic neurotoxin);KW-1185 (Reference proteome);KW-0964 (Secreted);KW-0732 (Signal);KW-0800 (Toxin),Elapidae,Pseudonaja,,Basic phospholipase A2 textilotoxin A chain,PA2BA_PSETE
P23028,phospholipase A2 family|IC,PF00068 (Phospholip_A2_1)|104.7,CL0629 (PLA2),KW-0903 (Direct protein sequencing);KW-1015 (Disulfide bond);KW-0325 (Glycoprotein);KW-0528 (Neurotoxin);KW-0638 (Presynaptic neurotoxin);KW-1185 (Reference proteome);KW-0964 (Secreted);KW-0732 (Signal);KW-0800 (Toxin),Elapidae,Pseudonaja,,Acidic phospholipase A2 homolog textilotoxin D chain,PA2HD_PSETE
P24335,waglerin family|IC,PF08121 (Toxin_33)|57.9,,KW-0008 (Acetylcholine receptor inhibiting toxin);KW-0903 (Direct protein sequencing);KW-1015 (Disulfide bond);KW-0872 (Ion channel impairing toxin);KW-0528 (Neurotoxin);KW-0629 (Postsynaptic neurotoxin);KW-0964 (Secreted);KW-0800 (Toxin),Viperidae,Tropidolaemus,,Waglerin-3,WAG13_TROWA
P24605,phospholipase A2 family|IC,PF00068 (Phospholip_A2_1)|111.3,CL0629 (PLA2),KW-0002 (3D-structure);KW-0044 (Antibiotic);KW-0929 (Antimicrobial);KW-1203 (Blood coagulation cascade inhibiting toxin);KW-0903 (Direct protein sequencing);KW-1015 (Disulfide bond);KW-1199 (Hemostasis impairing toxin);KW-0358 (Heparin-binding);KW-0449 (Lipoprotein);KW-0959 (Myotoxin);KW-0582 (Pharmaceutical);KW-0964 (Secreted);KW-0732 (Signal);KW-0800 (Toxin),Viperidae,Bothrops,,Basic phospholipase A2 homolog 2,PA2H2_BOTAS
P25428,NGF-beta family|IC,PF00243 (NGF)|165.5,CL0079 (Cystine-knot),KW-0165 (Cleavage on pair of basic residues);KW-1015 (Disulfide bond);KW-0325 (Glycoprotein);KW-0339 (Growth factor);KW-0446 (Lipid-binding);KW-0481 (Metalloenzyme inhibitor);KW-0483 (Metalloprotease inhibitor);KW-0646 (Protease inhibitor);KW-0964 (Secreted);KW-0732 (Signal);KW-0800 (Toxin),Viperidae,Macrovipera,,Venom nerve growth factor,NGFV_MACLB
P30996,peptidase M27 family|IC,PF01742 (Peptidase_M27)|363.0;PF07951 (Toxin_R_bind_C)|106.4;PF07952 (Toxin_trans)|302.2;PF07953 (Toxin_R_bind_N)|188.3,CL0004 (Concanavalin);CL0066 (Trefoil);CL0126 (Peptidase_MA),KW-0002 (3D-structure);KW-1015 (Disulfide bond);KW-1032 (Host cell membrane);KW-1035 (Host cytoplasm);KW-1036 (Host cytoplasmic vesicle);KW-1043 (Host membrane);KW-1051 (Host synapse);KW-0378 (Hydrolase);KW-0446 (Lipid-binding);KW-0472 (Membrane);KW-0479 (Metal-binding);KW-0482 (Metalloprotease);KW-0528 (Neurotoxin);KW-0645 (Protease);KW-0964 (Secreted);KW-0800 (Toxin);KW-0812 (Transmembrane);KW-0843 (Virulence);KW-0862 (Zinc),Clostridiaceae,Clostridium,botF,Botulinum neurotoxin type F,BXF_CLOBO
P31100,phospholipase A2 family|IC,PF00068 (Phospholip_A2_1)|111.6,CL0629 (PLA2),KW-0002 (3D-structure);KW-0106 (Calcium);KW-0903 (Direct protein sequencing);KW-1015 (Disulfide bond);KW-0378 (Hydrolase);KW-0442 (Lipid degradation);KW-0443 (Lipid metabolism);KW-0479 (Metal-binding);KW-0528 (Neurotoxin);KW-0593 (Phospholipase A2 inhibitor);KW-0638 (Presynaptic neurotoxin);KW-0964 (Secreted);KW-0732 (Signal);KW-0800 (Toxin),Viperidae,Daboia,,Acidic phospholipase A2 RV-7,PA2A7_DABSI
P34182,venom metalloproteinase (M12B) family|IC,PF00200 (Disintegrin)|49.8;PF01421 (Reprolysin)|199.3;PF01562 (Pep_M12B_propep)|63.7,CL0126 (Peptidase_MA),KW-1217 (Cell adhesion impairing toxin);KW-0177 (Collagen degradation);KW-0903 (Direct protein sequencing);KW-1015 (Disulfide bond);KW-1200 (Hemorrhagic toxin);KW-1199 (Hemostasis impairing toxin);KW-0378 (Hydrolase);KW-0479 (Metal-binding);KW-0482 (Metalloprotease);KW-1201 (Platelet aggregation inhibiting toxin);KW-0645 (Protease);KW-0964 (Secreted);KW-0732 (Signal);KW-0800 (Toxin);KW-0862 (Zinc);KW-0865 (Zymogen),Viperidae,Crotalus,,Zinc metalloproteinase/disintegrin,VM2AE_CROAT
P55896,short scorpion toxin superfamily|IC,PF00451 (Toxin_2)|52.0,CL0054 (Knottin_1),KW-0002 (3D-structure);KW-1221 (Calcium-activated potassium channel impairing toxin);KW-0903 (Direct protein sequencing);KW-1015 (Disulfide bond);KW-0872 (Ion channel impairing toxin);KW-0528 (Neurotoxin);KW-0632 (Potassium channel impairing toxin);KW-0964 (Secreted);KW-0800 (Toxin);KW-1220 (Voltage-gated potassium channel impairing toxin),Buthidae,Orthochirus,,Potassium channel toxin alpha-KTx 3.7,KAX37_ORTSC
P56633,conotoxin O1 superfamily|IC,PF02950 (Conotoxin)|45.8,CL0083 (Omega_toxin),KW-0002 (3D-structure);KW-0903 (Direct protein sequencing);KW-1015 (Disulfide bond);KW-0379 (Hydroxylation);KW-0872 (Ion channel impairing toxin);KW-0960 (Knottin);KW-0528 (Neurotoxin);KW-0582 (Pharmaceutical);KW-0632 (Potassium channel impairing toxin);KW-0964 (Secreted);KW-0732 (Signal);KW-0800 (Toxin);KW-1220 (Voltage-gated potassium channel impairing toxin),Conidae,Conus,,Kappa-conotoxin PVIIA,O17A_CONPU
P56637,long (4 C-C) scorpion toxin superfamily|IC,PF00537 (Toxin_3)|31.6,CL0054 (Knottin_1),KW-0002 (3D-structure);KW-0903 (Direct protein sequencing);KW-1015 (Disulfide bond);KW-0872 (Ion channel impairing toxin);KW-0528 (Neurotoxin);KW-0964 (Secreted);KW-0732 (Signal);KW-0800 (Toxin);KW-0738 (Voltage-gated sodium channel impairing toxin),Buthidae,Hottentotta,,Beta-insect excitatory toxin Bj-xtrIT,SIXE_HOTJU
P58399,phospholipase A2 family|IC,PF00068 (Phospholip_A2_1)|109.7,CL0629 (PLA2),KW-0002 (3D-structure);KW-0903 (Direct protein sequencing);KW-1015 (Disulfide bond);KW-0959 (Myotoxin);KW-0528 (Neurotoxin);KW-0964 (Secreted);KW-0800 (Toxin),Viperidae,Bothrops,,Basic phospholipase A2 homolog piratoxin-1,PA2H1_BOTPI
P58913,conotoxin O1 superfamily|IC,PF02950 (Conotoxin)|68.6,CL0083 (Omega_toxin),KW-0027 (Amidation);KW-0165 (Cleavage on pair of basic residues);KW-0903 (Direct protein sequencing);KW-1015 (Disulfide bond);KW-0379 (Hydroxylation);KW-0872 (Ion channel impairing toxin);KW-0960 (Knottin);KW-0528 (Neurotoxin);KW-0964 (Secreted);KW-0732 (Signal);KW-0800 (Toxin);KW-0738 (Voltage-gated sodium channel impairing toxin),Conidae,Conus,,Delta-conotoxin PVIA,O16A_CONPU
P58920,conotoxin O1 superfamily|IC,PF02950 (Conotoxin)|58.8,CL0083 (Omega_toxin),KW-0027 (Amidation);KW-0108 (Calcium channel impairing toxin);KW-0903 (Direct protein sequencing);KW-1015 (Disulfide bond);KW-0872 (Ion channel impairing toxin);KW-0960 (Knottin);KW-0528 (Neurotoxin);KW-0582 (Pharmaceutical);KW-0638 (Presynaptic neurotoxin);KW-0964 (Secreted);KW-0732 (Signal);KW-0800 (Toxin);KW-1218 (Voltage-gated calcium channel impairing toxin),Conidae,Conus,,Omega-conotoxin CVID,O16D_CONCT
P60214,long (4 C-C) scorpion toxin superfamily|IC,PF00537 (Toxin_3)|48.5,CL0054 (Knottin_1),KW-0027 (Amidation);KW-0903 (Direct protein sequencing);KW-1015 (Disulfide bond);KW-0872 (Ion channel impairing toxin);KW-0528 (Neurotoxin);KW-0964 (Secreted);KW-0732 (Signal);KW-0800 (Toxin);KW-0738 (Voltage-gated sodium channel impairing toxin),Buthidae,Tityus,,Beta-mammal/insect toxin To1,SCX1_TITOB
P61104,neurotoxin 10 (Hwtx-1) family|IC,PF07740 (Toxin_12)|34.1,CL0083 (Omega_toxin),KW-0108 (Calcium channel impairing toxin);KW-0903 (Direct protein sequencing);KW-1015 (Disulfide bond);KW-0872 (Ion channel impairing toxin);KW-0960 (Knottin);KW-0528 (Neurotoxin);KW-0964 (Secreted);KW-0732 (Signal);KW-0800 (Toxin);KW-1218 (Voltage-gated calcium channel impairing toxin),Theraphosidae,Cyriopagopus,,Omega-theraphotoxin-Hs2a,TXH5_CYRSC
P69391,,,,KW-0027 (Amidation);KW-0903 (Direct protein sequencing);KW-0872 (Ion channel impairing toxin);KW-0528 (Neurotoxin);KW-0638 (Presynaptic neurotoxin);KW-0964 (Secreted);KW-0732 (Signal);KW-0800 (Toxin);KW-0738 (Voltage-gated sodium channel impairing toxin),Pompilidae,Anoplius,,Alpha-pompilidotoxin,PMTXA_ANOSM
P69437,MCD family|IC,,,KW-0002 (3D-structure);KW-0027 (Amidation);KW-0044 (Antibiotic);KW-0929 (Antimicrobial);KW-0145 (Chemotaxis);KW-0903 (Direct protein sequencing);KW-0295 (Fungicide);KW-1213 (G-protein coupled receptor impairing toxin);KW-0391 (Immunity);KW-0399 (Innate immunity);KW-0467 (Mast cell degranulation);KW-0472 (Membrane);KW-0677 (Repeat);KW-0964 (Secreted);KW-1052 (Target cell membrane);KW-1053 (Target membrane);KW-0800 (Toxin),Vespidae,Agelaia,,Protonectin,PROTO_AGEPP
P81375,flavin monoamine oxidase family|IC,,,KW-0044 (Antibiotic);KW-0929 (Antimicrobial);KW-0053 (Apoptosis);KW-0204 (Cytolysis);KW-0903 (Direct protein sequencing);KW-1015 (Disulfide bond);KW-0274 (FAD);KW-0285 (Flavoprotein);KW-0325 (Glycoprotein);KW-0354 (Hemolysis);KW-1199 (Hemostasis impairing toxin);KW-0560 (Oxidoreductase);KW-1201 (Platelet aggregation inhibiting toxin);KW-0964 (Secreted);KW-0800 (Toxin),Viperidae,Macrovipera,,L-amino-acid oxidase,OXLA_MACLB
P81383,flavin monoamine oxidase family|IC,PF01593 (Amino_oxidase)|249.6,CL0063 (NADP_Rossmann),KW-0044 (Antibiotic);KW-0929 (Antimicrobial);KW-0053 (Apoptosis);KW-0204 (Cytolysis);KW-0903 (Direct protein sequencing);KW-1015 (Disulfide bond);KW-0274 (FAD);KW-0285 (Flavoprotein);KW-0325 (Glycoprotein);KW-0354 (Hemolysis);KW-1199 (Hemostasis impairing toxin);KW-0560 (Oxidoreductase);KW-1201 (Platelet aggregation inhibiting toxin);KW-0964 (Secreted);KW-0732 (Signal);KW-0800 (Toxin),Elapidae,Ophiophagus,,L-amino-acid oxidase,OXLA_OPHHA
P81446,ribosome-inactivating protein family|IC,PF00161 (RIP)|127.6;PF00652 (Ricin_B_lectin)|157.2,CL0066 (Trefoil),KW-0002 (3D-structure);KW-0903 (Direct protein sequencing);KW-1015 (Disulfide bond);KW-0325 (Glycoprotein);KW-0378 (Hydrolase);KW-0430 (Lectin);KW-0582 (Pharmaceutical);KW-0611 (Plant defense);KW-0652 (Protein synthesis inhibitor);KW-0677 (Repeat);KW-0732 (Signal);KW-0800 (Toxin),Viscaceae,Viscum,,Beta-galactoside-specific lectin 1,ML1_VISAL
P81661,peptidase S1 family|SAM,PF00089 (Trypsin)|202.2,CL0124 (Peptidase_PA),KW-1204 (Blood coagulation cascade activating toxin);KW-0903 (Direct protein sequencing);KW-1015 (Disulfide bond);KW-0325 (Glycoprotein);KW-1199 (Hemostasis impairing toxin);KW-0378 (Hydrolase);KW-1202 (Platelet aggregation activating toxin);KW-0645 (Protease);KW-0964 (Secreted);KW-0720 (Serine protease);KW-0800 (Toxin),Viperidae,Bothrops,,Thrombin-like enzyme bothrombin,VSPA_BOTJA
P82851,short scorpion toxin superfamily|IC,PF08095 (Toxin_25)|60.4,,KW-0002 (3D-structure);KW-0027 (Amidation);KW-0929 (Antimicrobial);KW-0903 (Direct protein sequencing);KW-1015 (Disulfide bond);KW-0295 (Fungicide);KW-0872 (Ion channel impairing toxin);KW-0528 (Neurotoxin);KW-0632 (Potassium channel impairing toxin);KW-0964 (Secreted);KW-0800 (Toxin);KW-1220 (Voltage-gated potassium channel impairing toxin),Scorpionidae,Chersonesometrus,,Potassium channel toxin kappa-KTx 1.2,KKX11_CHEFU
P83253,disintegrin family|IC,PF00200 (Disintegrin)|46.8,,KW-1217 (Cell adhesion impairing toxin);KW-0903 (Direct protein sequencing);KW-1015 (Disulfide bond);KW-1199 (Hemostasis impairing toxin);KW-1201 (Platelet aggregation inhibiting toxin);KW-0964 (Secreted);KW-0732 (Signal);KW-0800 (Toxin),Viperidae,Macrovipera,,Disintegrin lebein-1-alpha,DID1A_MACLB
P83302,three-finger toxin family|IC,PF21947 (Toxin_cobra-type)|43.2,CL0117 (uPAR_Ly6_toxin),KW-0008 (Acetylcholine receptor inhibiting toxin);KW-0903 (Direct protein sequencing);KW-1015 (Disulfide bond);KW-0872 (Ion channel impairing toxin);KW-0528 (Neurotoxin);KW-0629 (Postsynaptic neurotoxin);KW-0964 (Secreted);KW-0800 (Toxin),Elapidae,Ophiophagus,,Neurotoxin Oh9-1,3SX1_OPHHA
P84189,non-disulfide-bridged peptide (NDBP) superfamily|IC,,,KW-1222 (Bradykinin receptor impairing toxin);KW-0903 (Direct protein sequencing);KW-1213 (G-protein coupled receptor impairing toxin);KW-0382 (Hypotensive agent);KW-0597 (Phosphoprotein);KW-0964 (Secreted);KW-0732 (Signal);KW-0800 (Toxin),Buthidae,Tityus,,Hypotensin-1,NDBH1_TITSE
P84507,neurotoxin 10 (Hwtx-1) family|IC,,,KW-0002 (3D-structure);KW-0027 (Amidation);KW-0108 (Calcium channel impairing toxin);KW-0903 (Direct protein sequencing);KW-1015 (Disulfide bond);KW-0872 (Ion channel impairing toxin);KW-0960 (Knottin);KW-0528 (Neurotoxin);KW-0582 (Pharmaceutical);KW-0964 (Secreted);KW-0800 (Toxin);KW-1218 (Voltage-gated calcium channel impairing toxin);KW-0738 (Voltage-gated sodium channel impairing toxin),Theraphosidae,Ceratogyrus,,Beta-theraphotoxin-Cm1a,TX1_CERMR
P84674,phospholipase A2 family|IC,PF00068 (Phospholip_A2_1)|113.4,CL0629 (PLA2),KW-0106 (Calcium);KW-0903 (Direct protein sequencing);KW-1015 (Disulfide bond);KW-0378 (Hydrolase);KW-0442 (Lipid degradation);KW-0443 (Lipid metabolism);KW-0479 (Metal-binding);KW-0964 (Secreted);KW-0800 (Toxin),Viperidae,Daboia,,Basic phospholipase A2 VRV-PL-V,PA2B5_DABRR
P84787,peptidase S1 family|SAM,PF00089 (Trypsin)|207.1,CL0124 (Peptidase_PA),KW-1204 (Blood coagulation cascade activating toxin);KW-0903 (Direct protein sequencing);KW-1015 (Disulfide bond);KW-0325 (Glycoprotein);KW-1199 (Hemostasis impairing toxin);KW-0378 (Hydrolase);KW-0382 (Hypotensive agent);KW-0645 (Protease);KW-0964 (Secreted);KW-0720 (Serine protease);KW-0800 (Toxin),Viperidae,Protobothrops,,Thrombin-like enzyme elegaxobin-2,VSP2_PROEL
P85013,conotoxin A superfamily|IC,PF07365 (Toxin_8)|86.6,,KW-0008 (Acetylcholine receptor inhibiting toxin);KW-0027 (Amidation);KW-0165 (Cleavage on pair of basic residues);KW-0903 (Direct protein sequencing);KW-1015 (Disulfide bond);KW-0872 (Ion channel impairing toxin);KW-0528 (Neurotoxin);KW-0629 (Postsynaptic neurotoxin);KW-0964 (Secreted);KW-0732 (Signal);KW-0800 (Toxin),Conidae,Conus,,Alpha-conotoxin RegIIA,CA12A_CONRE
P85886,conotoxin A superfamily|IC,PF07365 (Toxin_8)|84.9,,KW-0008 (Acetylcholine receptor inhibiting toxin);KW-0027 (Amidation);KW-0903 (Direct protein sequencing);KW-1015 (Disulfide bond);KW-0301 (Gamma-carboxyglutamic acid);KW-0379 (Hydroxylation);KW-0872 (Ion channel impairing toxin);KW-0528 (Neurotoxin);KW-0629 (Postsynaptic neurotoxin);KW-0964 (Secreted);KW-0732 (Signal);KW-0800 (Toxin),Conidae,Conus,,Alpha-conotoxin SrIA/SrIB,CA1AB_CONSP
P86392,venom metalloproteinase (M12B) family|IC,PF13688 (Reprolysin_5)|47.6,CL0126 (Peptidase_MA),KW-0903 (Direct protein sequencing);KW-1015 (Disulfide bond);KW-0378 (Hydrolase);KW-0479 (Metal-binding);KW-0482 (Metalloprotease);KW-0528 (Neurotoxin);KW-0638 (Presynaptic neurotoxin);KW-0645 (Protease);KW-0964 (Secreted);KW-0732 (Signal);KW-0800 (Toxin);KW-0862 (Zinc),Buthidae,Tityus,,Venom metalloproteinase Antarease,VMPA1_TITSE
P86523,phospholipase A2 family|SAM,,,KW-0106 (Calcium);KW-0903 (Direct protein sequencing);KW-1015 (Disulfide bond);KW-0378 (Hydrolase);KW-0442 (Lipid degradation);KW-0443 (Lipid metabolism);KW-0479 (Metal-binding);KW-0528 (Neurotoxin);KW-0638 (Presynaptic neurotoxin);KW-0964 (Secreted);KW-0800 (Toxin),Elapidae,Acanthophis,,Phospholipase A2 P-elapitoxin-Aa1a alpha chain,PA2AA_ACAAN
P86802,venom metalloproteinase (M12B) family|IC,PF01421 (Reprolysin)|190.4,CL0126 (Peptidase_MA),KW-0106 (Calcium);KW-0903 (Direct protein sequencing);KW-1015 (Disulfide bond);KW-1206 (Fibrinogenolytic toxin);KW-1199 (Hemostasis impairing toxin);KW-0378 (Hydrolase);KW-0479 (Metal-binding);KW-0482 (Metalloprotease);KW-0645 (Protease);KW-0964 (Secreted);KW-0800 (Toxin);KW-0862 (Zinc),Viperidae,Bothrops,,Snake venom metalloproteinase HF-1,VM1H1_BOTMA
P86822,long chain scorpion toxin family|SAM,PF14866 (Scorpion_toxin_alpha-beta)|83.9,CL0054 (Knottin_1),KW-0204 (Cytolysis);KW-0903 (Direct protein sequencing);KW-1015 (Disulfide bond);KW-0872 (Ion channel impairing toxin);KW-0528 (Neurotoxin);KW-0632 (Potassium channel impairing toxin);KW-0964 (Secreted);KW-0732 (Signal);KW-0800 (Toxin);KW-1220 (Voltage-gated potassium channel impairing toxin),Buthidae,Tityus,,Tityustoxin-19,KBX2_TITSE
Q072L6,peptidase S1 family|SAM,PF00089 (Trypsin)|197.2,CL0124 (Peptidase_PA),KW-1204 (Blood coagulation cascade activating toxin);KW-0903 (Direct protein sequencing);KW-1015 (Disulfide bond);KW-0325 (Glycoprotein);KW-1199 (Hemostasis impairing toxin);KW-0378 (Hydrolase);KW-0645 (Protease);KW-0964 (Secreted);KW-0720 (Serine protease);KW-0730 (Sialic acid);KW-0732 (Signal);KW-0800 (Toxin);KW-0865 (Zymogen),Viperidae,Bothrops,,Thrombin-like enzyme asperase,VSPL_BOTAS
Q0EAE5,sea anemone type 1 potassium channel toxin family|IC,,,KW-0002 (3D-structure);KW-0165 (Cleavage on pair of basic residues);KW-0903 (Direct protein sequencing);KW-1015 (Disulfide bond);KW-0872 (Ion channel impairing toxin);KW-0166 (Nematocyst);KW-0528 (Neurotoxin);KW-0632 (Potassium channel impairing toxin);KW-0964 (Secreted);KW-0732 (Signal);KW-0800 (Toxin);KW-1220 (Voltage-gated potassium channel impairing toxin),Actiniidae,Anemonia,,Kappa-actitoxin-Aer3a,K1A_ANEER
Q0TV31,bacterial zinc-metallophospholipase C family|SAM,PF00882 (Zn_dep_PLPC)|77.1;PF01477 (PLAT)|71.5,CL0321 (PLAT);CL0368 (PhosC-NucP1),KW-0002 (3D-structure);KW-0106 (Calcium);KW-0204 (Cytolysis);KW-0903 (Direct protein sequencing);KW-0354 (Hemolysis);KW-0378 (Hydrolase);KW-0479 (Metal-binding);KW-1185 (Reference proteome);KW-0964 (Secreted);KW-0732 (Signal);KW-0800 (Toxin);KW-0843 (Virulence);KW-0862 (Zinc),Clostridiaceae,Clostridium,plc,Phospholipase C,PHLC_CLOP1
Q10726,short scorpion toxin superfamily|IC,PF00451 (Toxin_2)|43.4,CL0054 (Knottin_1),KW-0002 (3D-structure);KW-1221 (Calcium-activated potassium channel impairing toxin);KW-0903 (Direct protein sequencing);KW-1015 (Disulfide bond);KW-0872 (Ion channel impairing toxin);KW-0528 (Neurotoxin);KW-0632 (Potassium channel impairing toxin);KW-0964 (Secreted);KW-0800 (Toxin);KW-1220 (Voltage-gated potassium channel impairing toxin),Scorpionidae,Pandinus,,Potassium channel toxin alpha-KTx 6.1,KAX61_PANIM
Q10749,venom metalloproteinase (M12B) family|IC,PF00200 (Disintegrin)|74.0;PF01421 (Reprolysin)|214.1;PF01562 (Pep_M12B_propep)|64.7;PF08516 (ADAM_CR)|67.4,CL0126 (Peptidase_MA);CL0750 (ADAM_CR_sf),KW-0106 (Calcium);KW-1217 (Cell adhesion impairing toxin);KW-0903 (Direct protein sequencing);KW-1015 (Disulfide bond);KW-0325 (Glycoprotein);KW-1199 (Hemostasis impairing toxin);KW-0378 (Hydrolase);KW-0479 (Metal-binding);KW-0482 (Metalloprotease);KW-1201 (Platelet aggregation inhibiting toxin);KW-0645 (Protease);KW-0964 (Secreted);KW-0732 (Signal);KW-0800 (Toxin);KW-0862 (Zinc);KW-0865 (Zymogen),Elapidae,Naja,,Snake venom metalloproteinase-disintegrin-like mocarhagin,VM3M1_NAJMO
Q1ELU4,cationic peptide 03 (latarcin) family|IC,PF10279 (Latarcin)|104.1,,KW-0027 (Amidation);KW-0044 (Antibiotic);KW-0929 (Antimicrobial);KW-0903 (Direct protein sequencing);KW-0295 (Fungicide);KW-0677 (Repeat);KW-0964 (Secreted);KW-0732 (Signal);KW-0800 (Toxin),Zodariidae,Lachesana,,M-zodatoxin-Lt4b,LAT4B_LACTA
Q1ELU5,cationic peptide 03 (latarcin) family|IC,PF10279 (Latarcin)|128.1,,KW-0025 (Alternative splicing);KW-0027 (Amidation);KW-0044 (Antibiotic);KW-0929 (Antimicrobial);KW-0903 (Direct protein sequencing);KW-0295 (Fungicide);KW-0677 (Repeat);KW-0964 (Secreted);KW-0732 (Signal);KW-0800 (Toxin),Zodariidae,Lachesana,,M-zodatoxin-Lt4a,LAT4A_LACTA
Q1I8U1,,PF18063 (BB_PF)|66.8,CL0345 (Aerolisin_ETX),KW-0002 (3D-structure);KW-0204 (Cytolysis);KW-0903 (Direct protein sequencing);KW-0354 (Hemolysis);KW-1032 (Host cell membrane);KW-1043 (Host membrane);KW-0406 (Ion transport);KW-0472 (Membrane);KW-0626 (Porin);KW-0964 (Secreted);KW-0800 (Toxin);KW-0812 (Transmembrane);KW-1134 (Transmembrane beta strand);KW-0813 (Transport);KW-0843 (Virulence);KW-0865 (Zymogen),Pseudomonadaceae,Pseudomonas,mnl,Monalysin,MONAL_PSEE4
Q1ID47,peptidase M10B family|IC,PF00353 (HemolysinCabind)|38.8;PF08548 (Peptidase_M10_C)|282.6;PF13583 (Reprolysin_4)|23.8,CL0126 (Peptidase_MA);CL0592 (beta_Roll),KW-0106 (Calcium);KW-0378 (Hydrolase);KW-0479 (Metal-binding);KW-0482 (Metalloprotease);KW-0645 (Protease);KW-0677 (Repeat);KW-0964 (Secreted);KW-0800 (Toxin);KW-0843 (Virulence);KW-0862 (Zinc),Pseudomonadaceae,Pseudomonas,aprA,Metalloprotease AprA,APRA_PSEE4
Q1RP78,phospholipase A2 family|IC,PF00068 (Phospholip_A2_1)|115.6,CL0629 (PLA2),KW-1203 (Blood coagulation cascade inhibiting toxin);KW-0903 (Direct protein sequencing);KW-1015 (Disulfide bond);KW-1199 (Hemostasis impairing toxin);KW-0378 (Hydrolase);KW-0479 (Metal-binding);KW-0528 (Neurotoxin);KW-1201 (Platelet aggregation inhibiting toxin);KW-0638 (Presynaptic neurotoxin);KW-0964 (Secreted);KW-0732 (Signal);KW-0800 (Toxin),Viperidae,Vipera,,Basic phospholipase A2 chain HDP-2P,PA2B2_VIPNI
Q26464,formicidae venom precursor-01 superfamily|IC,PF17499 (Pilosulin)|149.7,,KW-0020 (Allergen);KW-0027 (Amidation);KW-0044 (Antibiotic);KW-0929 (Antimicrobial);KW-0204 (Cytolysis);KW-0903 (Direct protein sequencing);KW-1015 (Disulfide bond);KW-0354 (Hemolysis);KW-0964 (Secreted);KW-0732 (Signal);KW-0800 (Toxin),Formicidae,Myrmecia,,M-myrmeciitoxin-Mp2a,TX2A_MYRPI
Q27J47,peptidase S1 family|SAM,PF00089 (Trypsin)|201.2,CL0124 (Peptidase_PA),KW-0903 (Direct protein sequencing);KW-1015 (Disulfide bond);KW-1205 (Fibrinolytic toxin);KW-0325 (Glycoprotein);KW-1199 (Hemostasis impairing toxin);KW-0378 (Hydrolase);KW-0382 (Hypotensive agent);KW-0617 (Plasminogen activation);KW-0645 (Protease);KW-0964 (Secreted);KW-0720 (Serine protease);KW-0732 (Signal);KW-0800 (Toxin),Viperidae,Lachesis,,Venom plasminogen activator LV-PA,VSPPA_LACMU
Q2LD49,venom metalloproteinase (M12B) family|IC,PF00200 (Disintegrin)|69.2;PF01421 (Reprolysin)|197.5;PF01562 (Pep_M12B_propep)|66.7;PF08516 (ADAM_CR)|72.5,CL0126 (Peptidase_MA);CL0750 (ADAM_CR_sf),KW-0106 (Calcium);KW-1217 (Cell adhesion impairing toxin);KW-0903 (Direct protein sequencing);KW-1015 (Disulfide bond);KW-1206 (Fibrinogenolytic toxin);KW-0325 (Glycoprotein);KW-1199 (Hemostasis impairing toxin);KW-0378 (Hydrolase);KW-0479 (Metal-binding);KW-0482 (Metalloprotease);KW-0645 (Protease);KW-0873 (Pyrrolidone carboxylic acid);KW-0964 (Secreted);KW-0732 (Signal);KW-0800 (Toxin);KW-0862 (Zinc);KW-0865 (Zymogen),Viperidae,Trimeresurus,,Zinc metalloproteinase-disintegrin-like TSV-DM,VM3TM_TRIST
Q2PAY4,neurotoxin 30 (phrixotoxin) family|IC,,,KW-0002 (3D-structure);KW-0027 (Amidation);KW-0903 (Direct protein sequencing);KW-1015 (Disulfide bond);KW-0872 (Ion channel impairing toxin);KW-0960 (Knottin);KW-0528 (Neurotoxin);KW-0632 (Potassium channel impairing toxin);KW-0964 (Secreted);KW-0732 (Signal);KW-0800 (Toxin);KW-1220 (Voltage-gated potassium channel impairing toxin);KW-0738 (Voltage-gated sodium channel impairing toxin),Theraphosidae,Chilobrachys,,Beta/kappa-theraphotoxin-Cg2a,JZTX5_CHIGU
Q2PQJ3,peptidase S1 family|SAM,PF00089 (Trypsin)|201.3,CL0124 (Peptidase_PA),KW-0002 (3D-structure);KW-1204 (Blood coagulation cascade activating toxin);KW-0903 (Direct protein sequencing);KW-1015 (Disulfide bond);KW-1205 (Fibrinolytic toxin);KW-0325 (Glycoprotein);KW-1199 (Hemostasis impairing toxin);KW-0378 (Hydrolase);KW-0645 (Protease);KW-0964 (Secreted);KW-0720 (Serine protease);KW-0730 (Sialic acid);KW-0800 (Toxin),Viperidae,Bothrops,,Thrombin-like enzyme BjussuSP-1,VSP1_BOTJR
Q46149,clostridial glucosylating toxin (LCGT) family|IC,PF01473 (Choline_bind_1)|37.4;PF11713 (Peptidase_C80)|80.1;PF12918 (TcdB_N)|48.2;PF12919 (TcdA_TcdB)|218.1;PF12920 (TcdA_TcdB_pore)|253.8;PF19127 (Choline_bind_3)|127.2,CL0093 (Peptidase_CD);CL0110 (GT-A);CL0694 (Choline_binding),KW-0002 (3D-structure);KW-0068 (Autocatalytic cleavage);KW-0260 (Enterotoxin);KW-0328 (Glycosyltransferase);KW-1032 (Host cell membrane);KW-1035 (Host cytoplasm);KW-1039 (Host endosome);KW-1043 (Host membrane);KW-0378 (Hydrolase);KW-0446 (Lipid-binding);KW-0460 (Magnesium);KW-0464 (Manganese);KW-0472 (Membrane);KW-0479 (Metal-binding);KW-0645 (Protease);KW-0677 (Repeat);KW-0964 (Secreted);KW-0788 (Thiol protease);KW-0800 (Toxin);KW-0808 (Transferase);KW-0843 (Virulence),Clostridiaceae,Clostridium,tcdA,Toxin A,TCDA_CLONO
Q4ZFU2,arthropod phospholipase D family|IC,PF13653 (GDPD_2)|39.1,CL0036 (TIM_barrel),KW-0204 (Cytolysis);KW-1061 (Dermonecrotic toxin);KW-1015 (Disulfide bond);KW-0325 (Glycoprotein);KW-0354 (Hemolysis);KW-0442 (Lipid degradation);KW-0443 (Lipid metabolism);KW-0456 (Lyase);KW-0460 (Magnesium);KW-0479 (Metal-binding);KW-0964 (Secreted);KW-0732 (Signal);KW-0800 (Toxin);KW-0865 (Zymogen),Sicariidae,Loxosceles,,Dermonecrotic toxin LarSicTox-alphaIB2bi,A1LB1_LOXAR
Q53I06,invertebrate defensin family|SAM,PF01097 (Defensin_2)|30.4,CL0054 (Knottin_1),KW-0002 (3D-structure);KW-0044 (Antibiotic);KW-0929 (Antimicrobial);KW-0165 (Cleavage on pair of basic residues);KW-0211 (Defensin);KW-0903 (Direct protein sequencing);KW-1015 (Disulfide bond);KW-1032 (Host cell membrane);KW-1043 (Host membrane);KW-0872 (Ion channel impairing toxin);KW-0472 (Membrane);KW-0582 (Pharmaceutical);KW-0632 (Potassium channel impairing toxin);KW-0964 (Secreted);KW-0732 (Signal);KW-0800 (Toxin);KW-1220 (Voltage-gated potassium channel impairing toxin),Sarcosomataceae,Pseudoplectania,DEF,Fungal defensin plectasin,DEFPL_PSENR
Q58L94,peptidase S1 family|SAM,PF00008 (EGF)|29.7;PF00089 (Trypsin)|204.9;PF00594 (Gla)|72.7,CL0001 (EGF);CL0124 (Peptidase_PA),KW-1204 (Blood coagulation cascade activating toxin);KW-0106 (Calcium);KW-0165 (Cleavage on pair of basic residues);KW-0903 (Direct protein sequencing);KW-1015 (Disulfide bond);KW-0245 (EGF-like domain);KW-0301 (Gamma-carboxyglutamic acid);KW-0325 (Glycoprotein);KW-1199 (Hemostasis impairing toxin);KW-0378 (Hydrolase);KW-0645 (Protease);KW-0655 (Prothrombin activator);KW-0677 (Repeat);KW-0964 (Secreted);KW-0720 (Serine protease);KW-0732 (Signal);KW-0800 (Toxin),Elapidae,Notechis,,Venom prothrombin activator notecarin-D2,FAXD2_NOTSC
Q5ECE3,calycin superfamily|IC,PF00061 (Lipocalin)|67.6,CL0116 (Calycin),KW-1204 (Blood coagulation cascade activating toxin);KW-0903 (Direct protein sequencing);KW-1015 (Disulfide bond);KW-0325 (Glycoprotein);KW-1199 (Hemostasis impairing toxin);KW-0378 (Hydrolase);KW-0645 (Protease);KW-0655 (Prothrombin activator);KW-0964 (Secreted);KW-0720 (Serine protease);KW-0732 (Signal);KW-0800 (Toxin),Saturniidae,Lonomia,,Lopap,LOPAP_LONON
Q5EHP3,conotoxin M superfamily|IC,PF02950 (Conotoxin)|47.4,CL0083 (Omega_toxin),KW-0002 (3D-structure);KW-0027 (Amidation);KW-0903 (Direct protein sequencing);KW-1015 (Disulfide bond);KW-0528 (Neurotoxin);KW-0964 (Secreted);KW-0732 (Signal);KW-0800 (Toxin),Conidae,Conus,,Conotoxin mr3e,CM3E_CONMR
Q5Y4V3,neurotoxin 07 (Beta/delta-agtx) family|IC,PF05980 (Toxin_7)|63.7,CL0083 (Omega_toxin),KW-0027 (Amidation);KW-0903 (Direct protein sequencing);KW-1015 (Disulfide bond);KW-0872 (Ion channel impairing toxin);KW-0960 (Knottin);KW-0528 (Neurotoxin);KW-0964 (Secreted);KW-0732 (Signal);KW-0800 (Toxin);KW-0738 (Voltage-gated sodium channel impairing toxin),Agelenidae,Agelena,,U3-agatoxin-Ao1f,T4G1F_AGEOR
Q698K8,venom metalloproteinase (M12B) family|IC,PF00200 (Disintegrin)|59.5;PF01421 (Reprolysin)|208.1,CL0126 (Peptidase_MA),KW-0106 (Calcium);KW-1217 (Cell adhesion impairing toxin);KW-0903 (Direct protein sequencing);KW-1015 (Disulfide bond);KW-1199 (Hemostasis impairing toxin);KW-0378 (Hydrolase);KW-0479 (Metal-binding);KW-0482 (Metalloprotease);KW-1201 (Platelet aggregation inhibiting toxin);KW-0645 (Protease);KW-0964 (Secreted);KW-0800 (Toxin);KW-0862 (Zinc);KW-0865 (Zymogen),Viperidae,Gloydius,,Zinc metalloproteinase/disintegrin,VM2L4_GLOBR
Q6EZC2,peptidase S8 family|IC,PF00082 (Peptidase_S8)|98.1,,KW-0002 (3D-structure);KW-0903 (Direct protein sequencing);KW-1015 (Disulfide bond);KW-1035 (Host cytoplasm);KW-1038 (Host endoplasmic reticulum);KW-0378 (Hydrolase);KW-0614 (Plasmid);KW-0645 (Protease);KW-0964 (Secreted);KW-0720 (Serine protease);KW-0732 (Signal);KW-0800 (Toxin);KW-0843 (Virulence),Enterobacteriaceae,Escherichia,subA,Subtilase cytotoxin subunit A,SUBA_ECOLX
Q6H3C8,phospholipase A2 family|IC,PF00068 (Phospholip_A2_1)|109.5,CL0629 (PLA2),KW-0106 (Calcium);KW-0903 (Direct protein sequencing);KW-1015 (Disulfide bond);KW-1199 (Hemostasis impairing toxin);KW-0378 (Hydrolase);KW-0442 (Lipid degradation);KW-0443 (Lipid metabolism);KW-0479 (Metal-binding);KW-1201 (Platelet aggregation inhibiting toxin);KW-0964 (Secreted);KW-0732 (Signal);KW-0800 (Toxin),Viperidae,Trimeresurus,,Acidic phospholipase A2 Ts-A6,PA2AF_TRIST
Q6H3D0,phospholipase A2 family|IC,PF00068 (Phospholip_A2_1)|103.8,CL0629 (PLA2),KW-0106 (Calcium);KW-0903 (Direct protein sequencing);KW-1015 (Disulfide bond);KW-1199 (Hemostasis impairing toxin);KW-0378 (Hydrolase);KW-0442 (Lipid degradation);KW-0443 (Lipid metabolism);KW-0479 (Metal-binding);KW-1201 (Platelet aggregation inhibiting toxin);KW-0964 (Secreted);KW-0732 (Signal);KW-0800 (Toxin),Viperidae,Trimeresurus,,Acidic phospholipase A2 Ts-A1,PA2AA_TRIST
Q6PQK2,calycin superfamily|SAM,PF02087 (Nitrophorin)|256.4,CL0116 (Calycin),KW-0002 (3D-structure);KW-1015 (Disulfide bond);KW-0349 (Heme);KW-1199 (Hemostasis impairing toxin);KW-0408 (Iron);KW-0479 (Metal-binding);KW-0560 (Oxidoreductase);KW-1201 (Platelet aggregation inhibiting toxin);KW-1185 (Reference proteome);KW-0964 (Secreted);KW-0732 (Signal);KW-0800 (Toxin);KW-0838 (Vasoactive);KW-0840 (Vasodilator),Reduviidae,Rhodnius,,Nitrophorin-7,NP7_RHOPR
Q6RY98,endothelin/sarafotoxin family|IC,PF00322 (Endothelin)|251.2,,KW-0002 (3D-structure);KW-0123 (Cardiotoxin);KW-0903 (Direct protein sequencing);KW-1015 (Disulfide bond);KW-1213 (G-protein coupled receptor impairing toxin);KW-0677 (Repeat);KW-0964 (Secreted);KW-0800 (Toxin);KW-0838 (Vasoactive);KW-0839 (Vasoconstrictor),Lamprophiidae,Atractaspis,,Long-sarafotoxin,SRTXL_ATRMM
Q6SLM1,phospholipase A2 family|IC,PF00068 (Phospholip_A2_1)|119.2,CL0629 (PLA2),KW-0002 (3D-structure);KW-0106 (Calcium);KW-1015 (Disulfide bond);KW-0378 (Hydrolase);KW-0479 (Metal-binding);KW-0964 (Secreted);KW-0732 (Signal);KW-0800 (Toxin),Elapidae,Bungarus,,Basic phospholipase A2 2,PA2B5_BUNCE
Q6SLM2,phospholipase A2 family|IC,PF00068 (Phospholip_A2_1)|119.1,CL0629 (PLA2),KW-0002 (3D-structure);KW-1203 (Blood coagulation cascade inhibiting toxin);KW-0106 (Calcium);KW-1015 (Disulfide bond);KW-1199 (Hemostasis impairing toxin);KW-0378 (Hydrolase);KW-0442 (Lipid degradation);KW-0443 (Lipid metabolism);KW-0479 (Metal-binding);KW-0528 (Neurotoxin);KW-0638 (Presynaptic neurotoxin);KW-0964 (Secreted);KW-0732 (Signal);KW-0800 (Toxin),Elapidae,Bungarus,,Acidic phospholipase A2 1,PA2A1_BUNCE
Q6TGQ8,flavin monoamine oxidase family|IC,PF01593 (Amino_oxidase)|283.8,CL0063 (NADP_Rossmann),KW-0044 (Antibiotic);KW-0929 (Antimicrobial);KW-0053 (Apoptosis);KW-0204 (Cytolysis);KW-0903 (Direct protein sequencing);KW-1015 (Disulfide bond);KW-0274 (FAD);KW-0285 (Flavoprotein);KW-0325 (Glycoprotein);KW-0354 (Hemolysis);KW-1199 (Hemostasis impairing toxin);KW-0560 (Oxidoreductase);KW-1202 (Platelet aggregation activating toxin);KW-0964 (Secreted);KW-0732 (Signal);KW-0800 (Toxin),Viperidae,Bothrops,,L-amino-acid oxidase BmooLAAO-I,OXLA_BOTMO
Q7BQ98,StxB family|IC,PF02258 (SLT_beta)|161.6,CL0658 (OB_enterotoxin),KW-0002 (3D-structure);KW-0903 (Direct protein sequencing);KW-1015 (Disulfide bond);KW-0732 (Signal);KW-0800 (Toxin);KW-0843 (Virulence),Enterobacteriaceae,Shigella,stxB,Shiga toxin subunit B,STXB_SHIDY
Q7SZE1,peptidase S1 family|SAM,PF00089 (Trypsin)|192.0,CL0124 (Peptidase_PA),KW-0002 (3D-structure);KW-1204 (Blood coagulation cascade activating toxin);KW-1015 (Disulfide bond);KW-0325 (Glycoprotein);KW-1199 (Hemostasis impairing toxin);KW-0378 (Hydrolase);KW-0645 (Protease);KW-0964 (Secreted);KW-0720 (Serine protease);KW-0732 (Signal);KW-0800 (Toxin);KW-0865 (Zymogen),Viperidae,Gloydius,,Thrombin-like enzyme saxthrombin,VSPSX_GLOIT
Q7T1T4,venom metalloproteinase (M12B) family|IC,PF01421 (Reprolysin)|216.8;PF01562 (Pep_M12B_propep)|53.9,CL0126 (Peptidase_MA),KW-0106 (Calcium);KW-0903 (Direct protein sequencing);KW-1015 (Disulfide bond);KW-1199 (Hemostasis impairing toxin);KW-0378 (Hydrolase);KW-0479 (Metal-binding);KW-0482 (Metalloprotease);KW-1201 (Platelet aggregation inhibiting toxin);KW-0645 (Protease);KW-0964 (Secreted);KW-0800 (Toxin);KW-0862 (Zinc),Viperidae,Bothrops,,Snake venom metalloproteinase BjussuMP-2,VM1B2_BOTJR
Q7T3S7,phospholipase A2 family|IC,PF00068 (Phospholip_A2_1)|118.7,CL0629 (PLA2),KW-0002 (3D-structure);KW-0106 (Calcium);KW-0903 (Direct protein sequencing);KW-1015 (Disulfide bond);KW-1199 (Hemostasis impairing toxin);KW-0378 (Hydrolase);KW-0442 (Lipid degradation);KW-0443 (Lipid metabolism);KW-0479 (Metal-binding);KW-1201 (Platelet aggregation inhibiting toxin);KW-0964 (Secreted);KW-0732 (Signal);KW-0800 (Toxin),Viperidae,Echis,,Acidic phospholipase A2 EC-I,PA2A1_ECHCA
Q7ZTA6,phospholipase A2 family|IC,PF00068 (Phospholip_A2_1)|110.4,CL0629 (PLA2),KW-0106 (Calcium);KW-0903 (Direct protein sequencing);KW-1015 (Disulfide bond);KW-1199 (Hemostasis impairing toxin);KW-0378 (Hydrolase);KW-0442 (Lipid degradation);KW-0443 (Lipid metabolism);KW-0479 (Metal-binding);KW-1201 (Platelet aggregation inhibiting toxin);KW-0964 (Secreted);KW-0732 (Signal);KW-0800 (Toxin),Viperidae,Crotalus,,Acidic phospholipase A2 Cvv-E6b,PA2AB_CROVV
Q800C4,phospholipase A2 family|IC,PF00068 (Phospholip_A2_1)|110.6,CL0629 (PLA2),KW-0106 (Calcium);KW-0903 (Direct protein sequencing);KW-1015 (Disulfide bond);KW-1199 (Hemostasis impairing toxin);KW-0378 (Hydrolase);KW-0442 (Lipid degradation);KW-0443 (Lipid metabolism);KW-0479 (Metal-binding);KW-1201 (Platelet aggregation inhibiting toxin);KW-0964 (Secreted);KW-0732 (Signal);KW-0800 (Toxin),Viperidae,Crotalus,,Acidic phospholipase A2 Cvv-E6a,PA2AA_CROVV
Q86QT3,ergtoxin family|IC,PF08086 (Toxin_17)|94.0,CL0054 (Knottin_1),KW-0002 (3D-structure);KW-0903 (Direct protein sequencing);KW-1015 (Disulfide bond);KW-0872 (Ion channel impairing toxin);KW-0960 (Knottin);KW-0528 (Neurotoxin);KW-0632 (Potassium channel impairing toxin);KW-0964 (Secreted);KW-0732 (Signal);KW-0800 (Toxin);KW-1220 (Voltage-gated potassium channel impairing toxin),Buthidae,Centruroides,,Potassium channel toxin gamma-KTx 1.1,KGX11_CENNO
Q8AXY1,phospholipase A2 family|IC,PF00068 (Phospholip_A2_1)|112.5,CL0629 (PLA2),KW-0002 (3D-structure);KW-0044 (Antibiotic);KW-0929 (Antimicrobial);KW-1203 (Blood coagulation cascade inhibiting toxin);KW-0106 (Calcium);KW-0903 (Direct protein sequencing);KW-1015 (Disulfide bond);KW-1199 (Hemostasis impairing toxin);KW-0378 (Hydrolase);KW-0382 (Hypotensive agent);KW-0442 (Lipid degradation);KW-0443 (Lipid metabolism);KW-0479 (Metal-binding);KW-1201 (Platelet aggregation inhibiting toxin);KW-0964 (Secreted);KW-0732 (Signal);KW-0800 (Toxin),Viperidae,Bothrops,,Acidic phospholipase A2 BthA-1,PA2A_BOTJR
Q8I0L5,short scorpion toxin superfamily|IC,PF00451 (Toxin_2)|40.2,CL0054 (Knottin_1),KW-0903 (Direct protein sequencing);KW-1015 (Disulfide bond);KW-0872 (Ion channel impairing toxin);KW-0528 (Neurotoxin);KW-0632 (Potassium channel impairing toxin);KW-0873 (Pyrrolidone carboxylic acid);KW-0964 (Secreted);KW-0732 (Signal);KW-0800 (Toxin);KW-1220 (Voltage-gated potassium channel impairing toxin),Buthidae,Olivierus,,Potassium channel toxin alpha-KTx 15.2,KA152_OLIMR
Q90392,venom metalloproteinase (M12B) family|IC,PF01421 (Reprolysin)|203.0;PF01562 (Pep_M12B_propep)|63.9,CL0126 (Peptidase_MA),KW-0106 (Calcium);KW-0177 (Collagen degradation);KW-0903 (Direct protein sequencing);KW-1015 (Disulfide bond);KW-1200 (Hemorrhagic toxin);KW-1199 (Hemostasis impairing toxin);KW-0378 (Hydrolase);KW-0479 (Metal-binding);KW-0482 (Metalloprotease);KW-0645 (Protease);KW-0873 (Pyrrolidone carboxylic acid);KW-0964 (Secreted);KW-0732 (Signal);KW-0800 (Toxin);KW-0862 (Zinc);KW-0865 (Zymogen),Viperidae,Crotalus,,Snake venom metalloproteinase atrolysin-C,VM1AC_CROAT
Q90W39,phospholipase A2 family|IC,PF00068 (Phospholip_A2_1)|116.1,CL0629 (PLA2),KW-0106 (Calcium);KW-0903 (Direct protein sequencing);KW-1015 (Disulfide bond);KW-0378 (Hydrolase);KW-0442 (Lipid degradation);KW-0443 (Lipid metabolism);KW-0479 (Metal-binding);KW-0959 (Myotoxin);KW-0528 (Neurotoxin);KW-0638 (Presynaptic neurotoxin);KW-0964 (Secreted);KW-0732 (Signal);KW-0800 (Toxin),Viperidae,Protobothrops,,Basic phospholipase A2 trimucrotoxin,PA2BT_PROMU
Q90Y12,In the N-terminal section|IC,PF00212 (ANP)|48.6,,KW-0165 (Cleavage on pair of basic residues);KW-0903 (Direct protein sequencing);KW-1015 (Disulfide bond);KW-0382 (Hypotensive agent);KW-0481 (Metalloenzyme inhibitor);KW-0483 (Metalloprotease inhibitor);KW-0646 (Protease inhibitor);KW-0873 (Pyrrolidone carboxylic acid);KW-0964 (Secreted);KW-0732 (Signal);KW-0800 (Toxin);KW-0838 (Vasoactive);KW-0840 (Vasodilator),Viperidae,Crotalus,,Bradykinin potentiating and C-type natriuretic peptides,BNP_CRODU
Q92084,phospholipase A2 family|IC,PF00068 (Phospholip_A2_1)|119.1,CL0629 (PLA2),KW-0106 (Calcium);KW-0903 (Direct protein sequencing);KW-1015 (Disulfide bond);KW-1214 (G-protein coupled acetylcholine receptor impairing toxin);KW-1213 (G-protein coupled receptor impairing toxin);KW-0378 (Hydrolase);KW-0442 (Lipid degradation);KW-0443 (Lipid metabolism);KW-0479 (Metal-binding);KW-0964 (Secreted);KW-0732 (Signal);KW-0800 (Toxin),Elapidae,Naja,,Neutral phospholipase A2 muscarinic inhibitor,PA2NA_NAJSP
Q98995,venom metalloproteinase (M12B) family|IC,PF00200 (Disintegrin)|42.7;PF01421 (Reprolysin)|207.1;PF01562 (Pep_M12B_propep)|64.7,CL0126 (Peptidase_MA),KW-0106 (Calcium);KW-1217 (Cell adhesion impairing toxin);KW-0903 (Direct protein sequencing);KW-1015 (Disulfide bond);KW-1206 (Fibrinogenolytic toxin);KW-1205 (Fibrinolytic toxin);KW-1199 (Hemostasis impairing toxin);KW-0378 (Hydrolase);KW-0479 (Metal-binding);KW-0482 (Metalloprotease);KW-1201 (Platelet aggregation inhibiting toxin);KW-0645 (Protease);KW-0873 (Pyrrolidone carboxylic acid);KW-0964 (Secreted);KW-0732 (Signal);KW-0800 (Toxin);KW-0862 (Zinc);KW-0865 (Zymogen),Viperidae,Macrovipera,,Zinc metalloproteinase/disintegrin,VM2L2_MACLB
Q98SP2,venom metalloproteinase (M12B) family|IC,PF00200 (Disintegrin)|60.0;PF01421 (Reprolysin)|202.1;PF01562 (Pep_M12B_propep)|63.4,CL0126 (Peptidase_MA),KW-0106 (Calcium);KW-1217 (Cell adhesion impairing toxin);KW-0903 (Direct protein sequencing);KW-1015 (Disulfide bond);KW-1199 (Hemostasis impairing toxin);KW-0378 (Hydrolase);KW-0479 (Metal-binding);KW-0482 (Metalloprotease);KW-1201 (Platelet aggregation inhibiting toxin);KW-0645 (Protease);KW-0964 (Secreted);KW-0732 (Signal);KW-0800 (Toxin);KW-0862 (Zinc);KW-0865 (Zymogen),Viperidae,Bothrops,,Zinc metalloproteinase/disintegrin,VM2J2_BOTJA
Q9DF52,phospholipase A2 family|IC,PF00068 (Phospholip_A2_1)|120.7,CL0629 (PLA2),KW-0002 (3D-structure);KW-1203 (Blood coagulation cascade inhibiting toxin);KW-0106 (Calcium);KW-1015 (Disulfide bond);KW-1199 (Hemostasis impairing toxin);KW-0378 (Hydrolase);KW-0442 (Lipid degradation);KW-0443 (Lipid metabolism);KW-0479 (Metal-binding);KW-0528 (Neurotoxin);KW-0638 (Presynaptic neurotoxin);KW-0964 (Secreted);KW-0732 (Signal);KW-0800 (Toxin),Elapidae,Bungarus,,Basic phospholipase A2 KPA2,PA2B_BUNCE
Q9EXR0,clostridial glucosylating toxin (LCGT) family|IC,PF01473 (Choline_bind_1)|77.2;PF11713 (Peptidase_C80)|144.2;PF12918 (TcdB_N)|54.3;PF12919 (TcdA_TcdB)|460.8;PF12920 (TcdA_TcdB_pore)|751.1;PF19127 (Choline_bind_3)|133.9,CL0093 (Peptidase_CD);CL0110 (GT-A);CL0694 (Choline_binding),KW-0002 (3D-structure);KW-0068 (Autocatalytic cleavage);KW-0903 (Direct protein sequencing);KW-0260 (Enterotoxin);KW-0328 (Glycosyltransferase);KW-1032 (Host cell membrane);KW-1035 (Host cytoplasm);KW-1039 (Host endosome);KW-1043 (Host membrane);KW-0378 (Hydrolase);KW-0446 (Lipid-binding);KW-0460 (Magnesium);KW-0464 (Manganese);KW-0472 (Membrane);KW-0479 (Metal-binding);KW-0645 (Protease);KW-0677 (Repeat);KW-0964 (Secreted);KW-0788 (Thiol protease);KW-0800 (Toxin);KW-0808 (Transferase);KW-0843 (Virulence);KW-0862 (Zinc),Peptostreptococcaceae,Clostridioides,tcdB,Toxin B,TCDB2_CLODI
Q9KS45,VgrG protein family|IC,PF04717 (Phage_base_V)|53.9;PF05954 (Phage_GPD)|267.1;PF16671 (ACD)|790.6;PF22178 (Gp5_trimer_C)|92.9,CL0021 (OB);CL0504 (Phage_barrel);CL0606 (Phage_fibre),KW-0002 (3D-structure);KW-0067 (ATP-binding);KW-1035 (Host cytoplasm);KW-0436 (Ligase);KW-0460 (Magnesium);KW-0479 (Metal-binding);KW-0547 (Nucleotide-binding);KW-1185 (Reference proteome);KW-0964 (Secreted);KW-0800 (Toxin);KW-0843 (Virulence),Vibrionaceae,Vibrio,vgrG1,Actin cross-linking toxin VgrG1,VGRG1_VIBCH
Q9NBG9,short scorpion toxin superfamily|IC,PF00451 (Toxin_2)|46.8,CL0054 (Knottin_1),KW-0002 (3D-structure);KW-1221 (Calcium-activated potassium channel impairing toxin);KW-0903 (Direct protein sequencing);KW-1015 (Disulfide bond);KW-0872 (Ion channel impairing toxin);KW-0528 (Neurotoxin);KW-0632 (Potassium channel impairing toxin);KW-0964 (Secreted);KW-0732 (Signal);KW-0800 (Toxin);KW-0738 (Voltage-gated sodium channel impairing toxin),Buthidae,Olivierus,,Potassium channel toxin alpha-KTx 16.2,KA162_OLIMR
Q9NJS1,anophelin family|IC,PF10731 (Anophelin)|51.9,,KW-0002 (3D-structure);KW-1203 (Blood coagulation cascade inhibiting toxin);KW-0325 (Glycoprotein);KW-1199 (Hemostasis impairing toxin);KW-1201 (Platelet aggregation inhibiting toxin);KW-1185 (Reference proteome);KW-0964 (Secreted);KW-0732 (Signal);KW-0800 (Toxin),Culicidae,Anopheles,AT,Salivary thrombin inhibitor anophelin,SATPA_ANOAL
Q9PRP4,peptidase S1 family|SAM,,,KW-1204 (Blood coagulation cascade activating toxin);KW-0903 (Direct protein sequencing);KW-1206 (Fibrinogenolytic toxin);KW-0325 (Glycoprotein);KW-1199 (Hemostasis impairing toxin);KW-0378 (Hydrolase);KW-0645 (Protease);KW-0964 (Secreted);KW-0720 (Serine protease);KW-0800 (Toxin),Viperidae,Lachesis,,Thrombin-like enzyme LMR-47,VSPF_LACMR
Q9PVF4,phospholipase A2 family|IC,PF00068 (Phospholip_A2_1)|103.6,CL0629 (PLA2),KW-1015 (Disulfide bond);KW-0358 (Heparin-binding);KW-0442 (Lipid degradation);KW-0443 (Lipid metabolism);KW-0959 (Myotoxin);KW-0964 (Secreted);KW-0732 (Signal);KW-0800 (Toxin),Viperidae,Calloselasma,,Basic phospholipase A2 homolog W6D49,PA2HD_CALRH
Q9W7J4,phospholipase A2 family|IC,PF00068 (Phospholip_A2_1)|112.2,CL0629 (PLA2),KW-1204 (Blood coagulation cascade activating toxin);KW-0106 (Calcium);KW-0903 (Direct protein sequencing);KW-1015 (Disulfide bond);KW-1199 (Hemostasis impairing toxin);KW-0378 (Hydrolase);KW-0442 (Lipid degradation);KW-0443 (Lipid metabolism);KW-0479 (Metal-binding);KW-1185 (Reference proteome);KW-0964 (Secreted);KW-0732 (Signal);KW-0800 (Toxin),Elapidae,Pseudonaja,,Acidic phospholipase A2 1,PA2A1_PSETE
R4NNL0,venom metalloproteinase (M12B) family|TAS,PF00200 (Disintegrin)|75.3;PF01421 (Reprolysin)|214.5;PF01562 (Pep_M12B_propep)|62.7;PF08516 (ADAM_CR)|71.4,CL0126 (Peptidase_MA);CL0750 (ADAM_CR_sf),KW-0106 (Calcium);KW-1217 (Cell adhesion impairing toxin);KW-0903 (Direct protein sequencing);KW-1015 (Disulfide bond);KW-1206 (Fibrinogenolytic toxin);KW-0325 (Glycoprotein);KW-1200 (Hemorrhagic toxin);KW-1199 (Hemostasis impairing toxin);KW-0378 (Hydrolase);KW-0479 (Metal-binding);KW-0482 (Metalloprotease);KW-0645 (Protease);KW-0873 (Pyrrolidone carboxylic acid);KW-0964 (Secreted);KW-0732 (Signal);KW-0800 (Toxin);KW-0862 (Zinc);KW-0865 (Zymogen),Viperidae,Vipera,,Zinc metalloproteinase-disintegrin-like protein H3,VMH3_VIPAA
U3FAE1,three-finger toxin family|IC,,,KW-0002 (3D-structure);KW-0008 (Acetylcholine receptor inhibiting toxin);KW-0903 (Direct protein sequencing);KW-1015 (Disulfide bond);KW-0479 (Metal-binding);KW-0528 (Neurotoxin);KW-0629 (Postsynaptic neurotoxin);KW-0964 (Secreted);KW-0732 (Signal);KW-0800 (Toxin);KW-0862 (Zinc),Elapidae,Micrurus,,Fulditoxin,3SXA_MICFL
X2L4E2,flavin monoamine oxidase family|IC,PF01593 (Amino_oxidase)|277.1,CL0063 (NADP_Rossmann),KW-0044 (Antibiotic);KW-0929 (Antimicrobial);KW-0053 (Apoptosis);KW-0903 (Direct protein sequencing);KW-1015 (Disulfide bond);KW-0274 (FAD);KW-0285 (Flavoprotein);KW-0325 (Glycoprotein);KW-1199 (Hemostasis impairing toxin);KW-0560 (Oxidoreductase);KW-1201 (Platelet aggregation inhibiting toxin);KW-0964 (Secreted);KW-0732 (Signal);KW-0800 (Toxin),Viperidae,Bothrops,,L-amino acid oxidase,OXLA_BOTPC
A0A068B6Q6,conotoxin A superfamily|IC,PF07365 (Toxin_8)|53.5,,KW-0002 (3D-structure);KW-0008 (Acetylcholine receptor inhibiting toxin);KW-0027 (Amidation);KW-0165 (Cleavage on pair of basic residues);KW-1015 (Disulfide bond);KW-0872 (Ion channel impairing toxin);KW-0528 (Neurotoxin);KW-0629 (Postsynaptic neurotoxin);KW-0964 (Secreted);KW-0800 (Toxin),Conidae,Conus,,Conotoxin Bt1.8,CA18_CONBE
A0A0D4WTV1,arthropod phospholipase D family|IC,,,KW-0204 (Cytolysis);KW-1061 (Dermonecrotic toxin);KW-1015 (Disulfide bond);KW-0354 (Hemolysis);KW-0442 (Lipid degradation);KW-0443 (Lipid metabolism);KW-0456 (Lyase);KW-0460 (Magnesium);KW-0479 (Metal-binding);KW-0964 (Secreted);KW-0732 (Signal);KW-0800 (Toxin);KW-0865 (Zymogen),Sicariidae,Loxosceles,,Dermonecrotic toxin LarSicTox-betaID1,B1D1_LOXAR
A0A1Z0YU59,venom Kunitz-type family|IC,PF00014 (Kunitz_BPTI)|71.5,CL0894 (BPTI),KW-0002 (3D-structure);KW-0903 (Direct protein sequencing);KW-1015 (Disulfide bond);KW-1213 (G-protein coupled receptor impairing toxin);KW-0964 (Secreted);KW-0800 (Toxin),Elapidae,Dendroaspis,,Mambaquaretin-1,MAMB1_DENAN
A0A218N034,WTF family|IC,PF03303 (WTF)|281.7,,KW-0024 (Alternative initiation);KW-0963 (Cytoplasm);KW-0256 (Endoplasmic reticulum);KW-0472 (Membrane);KW-0800 (Toxin);KW-0812 (Transmembrane);KW-1133 (Transmembrane helix);KW-0926 (Vacuole),Schizosaccharomycetaceae,Schizosaccharomyces,wtf4,Meiotic driver wtf4,WTF4_SCHKA
A0A384E129,conotoxin O1 superfamily|IC,PF02950 (Conotoxin)|52.9,CL0083 (Omega_toxin),KW-0002 (3D-structure);KW-0108 (Calcium channel impairing toxin);KW-0903 (Direct protein sequencing);KW-1015 (Disulfide bond);KW-0379 (Hydroxylation);KW-0872 (Ion channel impairing toxin);KW-0960 (Knottin);KW-0528 (Neurotoxin);KW-0964 (Secreted);KW-0732 (Signal);KW-0800 (Toxin);KW-1218 (Voltage-gated calcium channel impairing toxin),Conidae,Conus,,Omega-conotoxin MoVIA,O16A_CONMB
A0A411EZW9,phospholipase A2 family|IC,PF00068 (Phospholip_A2_1)|112.3,CL0629 (PLA2),KW-0106 (Calcium);KW-0903 (Direct protein sequencing);KW-1015 (Disulfide bond);KW-1199 (Hemostasis impairing toxin);KW-0378 (Hydrolase);KW-0442 (Lipid degradation);KW-0443 (Lipid metabolism);KW-0479 (Metal-binding);KW-0528 (Neurotoxin);KW-1201 (Platelet aggregation inhibiting toxin);KW-0638 (Presynaptic neurotoxin);KW-0964 (Secreted);KW-0732 (Signal);KW-0800 (Toxin),Viperidae,Agkistrodon,,Acidic phospholipase A2 AplTX-I,PA21_AGKPL
A0A4V8GZX0,neurotoxin 10 (Hwtx-1) family|IC,,,KW-0002 (3D-structure);KW-0027 (Amidation);KW-0903 (Direct protein sequencing);KW-1015 (Disulfide bond);KW-0872 (Ion channel impairing toxin);KW-0528 (Neurotoxin);KW-0964 (Secreted);KW-0800 (Toxin);KW-0738 (Voltage-gated sodium channel impairing toxin),Theraphosidae,Cyriopagopus,,Mu-theraphotoxin-Os1a,TXNA1_OMOSC
A3R0T9,venom metalloproteinase (M12B) family|IC,PF00200 (Disintegrin)|79.4;PF01421 (Reprolysin)|197.9;PF01562 (Pep_M12B_propep)|66.8;PF08516 (ADAM_CR)|77.7,CL0126 (Peptidase_MA);CL0750 (ADAM_CR_sf),KW-1217 (Cell adhesion impairing toxin);KW-0903 (Direct protein sequencing);KW-1015 (Disulfide bond);KW-1206 (Fibrinogenolytic toxin);KW-0325 (Glycoprotein);KW-1200 (Hemorrhagic toxin);KW-1199 (Hemostasis impairing toxin);KW-0378 (Hydrolase);KW-0479 (Metal-binding);KW-0482 (Metalloprotease);KW-1201 (Platelet aggregation inhibiting toxin);KW-0645 (Protease);KW-0964 (Secreted);KW-0732 (Signal);KW-0800 (Toxin);KW-0862 (Zinc);KW-0865 (Zymogen),Elapidae,Ophiophagus,,Zinc metalloproteinase-disintegrin-like ohanin,VM3_OPHHA
A6MEY4,phospholipase A2 family|IC,PF00068 (Phospholip_A2_1)|110.3,CL0629 (PLA2),KW-0044 (Antibiotic);KW-0929 (Antimicrobial);KW-1203 (Blood coagulation cascade inhibiting toxin);KW-0106 (Calcium);KW-0903 (Direct protein sequencing);KW-1015 (Disulfide bond);KW-1199 (Hemostasis impairing toxin);KW-0378 (Hydrolase);KW-0442 (Lipid degradation);KW-0443 (Lipid metabolism);KW-0479 (Metal-binding);KW-0964 (Secreted);KW-0732 (Signal);KW-0800 (Toxin),Elapidae,Bungarus,,Basic phospholipase A2 BFPA,PA2B_BUNFA
A8CG78,phospholipase A2 family|IC,PF00068 (Phospholip_A2_1)|114.7,CL0629 (PLA2),KW-0903 (Direct protein sequencing);KW-1015 (Disulfide bond);KW-0378 (Hydrolase);KW-0442 (Lipid degradation);KW-0443 (Lipid metabolism);KW-0479 (Metal-binding);KW-0964 (Secreted);KW-0732 (Signal);KW-0800 (Toxin),Viperidae,Daboia,,Acidic phospholipase A2 DsM-a2/DsM-a2',PA2A2_DABSI
B1NWR6,sea anemone sodium channel inhibitory toxin family|IC,,,KW-0025 (Alternative splicing);KW-0165 (Cleavage on pair of basic residues);KW-1015 (Disulfide bond);KW-0872 (Ion channel impairing toxin);KW-0528 (Neurotoxin);KW-1185 (Reference proteome);KW-0964 (Secreted);KW-0732 (Signal);KW-0800 (Toxin);KW-0738 (Voltage-gated sodium channel impairing toxin),Edwardsiidae,Nematostella,,N.vectensis toxin 1 3,NA228_NEMVE
B1NWS4,sea anemone sodium channel inhibitory toxin family|IC,,,KW-0025 (Alternative splicing);KW-0165 (Cleavage on pair of basic residues);KW-1015 (Disulfide bond);KW-0872 (Ion channel impairing toxin);KW-0528 (Neurotoxin);KW-1185 (Reference proteome);KW-0964 (Secreted);KW-0732 (Signal);KW-0800 (Toxin);KW-0738 (Voltage-gated sodium channel impairing toxin),Edwardsiidae,Nematostella,,N.vectensis toxin 1 1,NA225_NEMVE
B1P1D9,neurotoxin 10 (Hwtx-1) family|IC,PF07740 (Toxin_12)|29.2,CL0083 (Omega_toxin),KW-0027 (Amidation);KW-0903 (Direct protein sequencing);KW-1015 (Disulfide bond);KW-0872 (Ion channel impairing toxin);KW-0960 (Knottin);KW-0632 (Potassium channel impairing toxin);KW-0964 (Secreted);KW-0732 (Signal);KW-0800 (Toxin);KW-1220 (Voltage-gated potassium channel impairing toxin);KW-0738 (Voltage-gated sodium channel impairing toxin),Theraphosidae,Chilobrachys,,Kappa-theraphotoxin-Cg1a 6,JZ11F_CHIGU
B3A0N3,phospholipase A2 family|IC,PF00068 (Phospholip_A2_1)|56.7,CL0629 (PLA2),KW-0106 (Calcium);KW-0903 (Direct protein sequencing);KW-1015 (Disulfide bond);KW-0378 (Hydrolase);KW-0442 (Lipid degradation);KW-0443 (Lipid metabolism);KW-0479 (Metal-binding);KW-0528 (Neurotoxin);KW-0638 (Presynaptic neurotoxin);KW-0964 (Secreted);KW-0800 (Toxin),Viperidae,Bothrops,,Basic phospholipase A2 Bmaj-9,PA2B3_BOTMA
B3EWF6,neurotoxin 19 (CSTX) family|SAM,,,KW-0027 (Amidation);KW-0903 (Direct protein sequencing);KW-1015 (Disulfide bond);KW-0960 (Knottin);KW-0964 (Secreted);KW-0732 (Signal);KW-0800 (Toxin),Zodariidae,Lachesana,,Latartoxin-2c,LTX2C_LACTA
B3EWH2,,,,KW-0008 (Acetylcholine receptor inhibiting toxin);KW-0903 (Direct protein sequencing);KW-0872 (Ion channel impairing toxin);KW-0528 (Neurotoxin);KW-0629 (Postsynaptic neurotoxin);KW-0964 (Secreted);KW-0800 (Toxin),Viperidae,Azemiops,,Azemiopsin,AON_AZEFE
B6CQR5,phospholipase A2 family|IC,PF00068 (Phospholip_A2_1)|107.2,CL0629 (PLA2),KW-0106 (Calcium);KW-1015 (Disulfide bond);KW-1199 (Hemostasis impairing toxin);KW-0378 (Hydrolase);KW-0442 (Lipid degradation);KW-0443 (Lipid metabolism);KW-0479 (Metal-binding);KW-1201 (Platelet aggregation inhibiting toxin);KW-0964 (Secreted);KW-0732 (Signal);KW-0800 (Toxin),Viperidae,Macrovipera,,Acidic phospholipase A2 2,PA2A2_MACLB
C0HLF7,phospholipase A2 family|IC,PF00068 (Phospholip_A2_1)|105.5,CL0629 (PLA2),KW-0106 (Calcium);KW-0903 (Direct protein sequencing);KW-1015 (Disulfide bond);KW-0378 (Hydrolase);KW-0442 (Lipid degradation);KW-0443 (Lipid metabolism);KW-0479 (Metal-binding);KW-0528 (Neurotoxin);KW-0964 (Secreted);KW-0800 (Toxin),Viperidae,Ophryacus,,Basic phospholipase A2 sphenotoxin subunit B,PA2B_OPHSH
C0HLR3,long (4 C-C) scorpion toxin superfamily|IC,,,KW-0108 (Calcium channel impairing toxin);KW-0903 (Direct protein sequencing);KW-1015 (Disulfide bond);KW-0872 (Ion channel impairing toxin);KW-0528 (Neurotoxin);KW-0964 (Secreted);KW-0800 (Toxin);KW-1218 (Voltage-gated calcium channel impairing toxin),Buthidae,Centruroides,,Beta-toxin Cb1,SCX1_CENBA
C0HM96,PDGF/VEGF growth factor family|IC,PF00341 (PDGF)|80.7,CL0079 (Cystine-knot),KW-0903 (Direct protein sequencing);KW-1015 (Disulfide bond);KW-0339 (Growth factor);KW-0582 (Pharmaceutical);KW-0873 (Pyrrolidone carboxylic acid);KW-0964 (Secreted);KW-0800 (Toxin),Viperidae,Crotalus,,Snake venom vascular endothelial growth factor,TXVE_CRODU
D1MEI7,MCD family|IC,,,KW-0027 (Amidation);KW-0044 (Antibiotic);KW-0929 (Antimicrobial);KW-0204 (Cytolysis);KW-0295 (Fungicide);KW-0391 (Immunity);KW-0399 (Innate immunity);KW-0472 (Membrane);KW-0677 (Repeat);KW-0964 (Secreted);KW-0732 (Signal);KW-1052 (Target cell membrane);KW-1053 (Target membrane);KW-0800 (Toxin),Vespidae,Eumenes,,Venom peptide 2a,MASTA_EUMPO
D2Y1X7,neurotoxin 10 (Hwtx-1) family|IC,,,KW-0027 (Amidation);KW-0903 (Direct protein sequencing);KW-1015 (Disulfide bond);KW-0872 (Ion channel impairing toxin);KW-0960 (Knottin);KW-0528 (Neurotoxin);KW-0964 (Secreted);KW-0732 (Signal);KW-0800 (Toxin);KW-0738 (Voltage-gated sodium channel impairing toxin),Theraphosidae,Cyriopagopus,,Mu-theraphotoxin-Hhn2b 2,H1A02_CYRHA
D2Y1Y0,neurotoxin 10 (Hwtx-1) family|IC,,,KW-0027 (Amidation);KW-0903 (Direct protein sequencing);KW-1015 (Disulfide bond);KW-0872 (Ion channel impairing toxin);KW-0960 (Knottin);KW-0528 (Neurotoxin);KW-0638 (Presynaptic neurotoxin);KW-0964 (Secreted);KW-0732 (Signal);KW-0800 (Toxin);KW-0738 (Voltage-gated sodium channel impairing toxin),Theraphosidae,Cyriopagopus,,Hainantoxin-III 2,H3A02_CYRHA
D2Y1Y2,neurotoxin 10 (Hwtx-1) family|IC,,,KW-0027 (Amidation);KW-0903 (Direct protein sequencing);KW-1015 (Disulfide bond);KW-0872 (Ion channel impairing toxin);KW-0960 (Knottin);KW-0528 (Neurotoxin);KW-0638 (Presynaptic neurotoxin);KW-0964 (Secreted);KW-0732 (Signal);KW-0800 (Toxin);KW-0738 (Voltage-gated sodium channel impairing toxin),Theraphosidae,Cyriopagopus,,Hainantoxin-III 4,H3A04_CYRHA
D2Y1Y3,neurotoxin 10 (Hwtx-1) family|IC,,,KW-0027 (Amidation);KW-0903 (Direct protein sequencing);KW-1015 (Disulfide bond);KW-0872 (Ion channel impairing toxin);KW-0960 (Knottin);KW-0528 (Neurotoxin);KW-0638 (Presynaptic neurotoxin);KW-0964 (Secreted);KW-0732 (Signal);KW-0800 (Toxin);KW-0738 (Voltage-gated sodium channel impairing toxin),Theraphosidae,Cyriopagopus,,Hainantoxin-III 5,H3A05_CYRHA
D2Y2D1,neurotoxin 10 (Hwtx-1) family|IC,,,KW-0027 (Amidation);KW-0903 (Direct protein sequencing);KW-1015 (Disulfide bond);KW-0872 (Ion channel impairing toxin);KW-0960 (Knottin);KW-0528 (Neurotoxin);KW-0638 (Presynaptic neurotoxin);KW-0964 (Secreted);KW-0732 (Signal);KW-0800 (Toxin);KW-0738 (Voltage-gated sodium channel impairing toxin),Theraphosidae,Cyriopagopus,,Hainantoxin-III 9,H3A09_CYRHA
D2Y2I3,neurotoxin 10 (Hwtx-1) family|IC,,,KW-0027 (Amidation);KW-0903 (Direct protein sequencing);KW-1015 (Disulfide bond);KW-0872 (Ion channel impairing toxin);KW-0960 (Knottin);KW-0528 (Neurotoxin);KW-0638 (Presynaptic neurotoxin);KW-0964 (Secreted);KW-0732 (Signal);KW-0800 (Toxin);KW-0738 (Voltage-gated sodium channel impairing toxin),Theraphosidae,Cyriopagopus,,Hainantoxin-III 12,H3A12_CYRHA
D6PXE8,venom metalloproteinase (M12B) family|IC,PF01421 (Reprolysin)|202.0;PF01562 (Pep_M12B_propep)|65.0;PF08516 (ADAM_CR)|66.5,CL0126 (Peptidase_MA);CL0750 (ADAM_CR_sf),KW-0106 (Calcium);KW-1216 (Complement system impairing toxin);KW-0903 (Direct protein sequencing);KW-1015 (Disulfide bond);KW-1206 (Fibrinogenolytic toxin);KW-0325 (Glycoprotein);KW-1199 (Hemostasis impairing toxin);KW-0378 (Hydrolase);KW-0479 (Metal-binding);KW-0482 (Metalloprotease);KW-0645 (Protease);KW-0964 (Secreted);KW-0732 (Signal);KW-0800 (Toxin);KW-0862 (Zinc),Elapidae,Naja,,Zinc metalloproteinase-disintegrin-like atrase-B,VM3B_NAJAT
E3PQQ8,,,,KW-0027 (Amidation);KW-0123 (Cardiotoxin);KW-0165 (Cleavage on pair of basic residues);KW-0903 (Direct protein sequencing);KW-1015 (Disulfide bond);KW-0964 (Secreted);KW-0732 (Signal);KW-0800 (Toxin),Conidae,Conus,conoCAP,ConoCAP,CCAP_CONVL
E7CLP2,long (4 C-C) scorpion toxin superfamily|SAM,PF00537 (Toxin_3)|47.6,CL0054 (Knottin_1),KW-0903 (Direct protein sequencing);KW-1015 (Disulfide bond);KW-0872 (Ion channel impairing toxin);KW-0528 (Neurotoxin);KW-0964 (Secreted);KW-0732 (Signal);KW-0800 (Toxin);KW-0738 (Voltage-gated sodium channel impairing toxin),Buthidae,Rhopalurus,,Putative beta-neurotoxin RjAa12f,SX12F_RHOJU
F8J4S0,,,,KW-0002 (3D-structure);KW-0044 (Antibiotic);KW-0929 (Antimicrobial);KW-0204 (Cytolysis);KW-0903 (Direct protein sequencing);KW-1015 (Disulfide bond);KW-0354 (Hemolysis);KW-0472 (Membrane);KW-0964 (Secreted);KW-0732 (Signal);KW-1052 (Target cell membrane);KW-1053 (Target membrane);KW-0800 (Toxin),Oxyopidae,Oxyopes,,Oxyopinin-4a,TOP4A_OXYTA
F8QN54,phospholipase A2 family|IC,PF00068 (Phospholip_A2_1)|121.4,CL0629 (PLA2),KW-0008 (Acetylcholine receptor inhibiting toxin);KW-1203 (Blood coagulation cascade inhibiting toxin);KW-1015 (Disulfide bond);KW-1199 (Hemostasis impairing toxin);KW-0378 (Hydrolase);KW-0442 (Lipid degradation);KW-0443 (Lipid metabolism);KW-0479 (Metal-binding);KW-0528 (Neurotoxin);KW-0629 (Postsynaptic neurotoxin);KW-0964 (Secreted);KW-0732 (Signal);KW-0800 (Toxin),Viperidae,Vipera,,Basic phospholipase A2 vurtoxin,PA2B_VIPRE
G8XQX1,flavin monoamine oxidase family|IC,PF01593 (Amino_oxidase)|273.7,CL0063 (NADP_Rossmann),KW-0204 (Cytolysis);KW-0903 (Direct protein sequencing);KW-1015 (Disulfide bond);KW-0274 (FAD);KW-0285 (Flavoprotein);KW-0325 (Glycoprotein);KW-0354 (Hemolysis);KW-1199 (Hemostasis impairing toxin);KW-0560 (Oxidoreductase);KW-1201 (Platelet aggregation inhibiting toxin);KW-0964 (Secreted);KW-0732 (Signal);KW-0800 (Toxin),Viperidae,Daboia,,L-amino-acid oxidase,OXLA_DABRR
I1C083,ribosome-inactivating protein family|IC,PF00652 (Ricin_B_lectin)|45.0,CL0066 (Trefoil),KW-0378 (Hydrolase);KW-0652 (Protein synthesis inhibitor);KW-1185 (Reference proteome);KW-0964 (Secreted);KW-0800 (Toxin);KW-0843 (Virulence),Rhizopodaceae,Rhizopus,RLT1,Mucoricin,RLT1_RHIO9
I1WVY3,In the N-terminal section|IC,PF05594 (Fil_haemagg)|23.5;PF05860 (TPS)|148.8;PF13018 (ESPR)|50.3;PF13332 (Fil_haemagg_2)|193.7;PF18451 (CdiA_C)|58.2,CL0236 (PDDEXK);CL0268 (Pec_lyase-like),KW-0002 (3D-structure);KW-0255 (Endonuclease);KW-0378 (Hydrolase);KW-0472 (Membrane);KW-0540 (Nuclease);KW-0694 (RNA-binding);KW-0964 (Secreted);KW-1266 (Target cell cytoplasm);KW-0800 (Toxin);KW-0812 (Transmembrane);KW-1133 (Transmembrane helix);KW-0820 (tRNA-binding);KW-0843 (Virulence),Burkholderiaceae,Burkholderia,cdiA2,tRNA nuclease CdiA-2,CDIA2_BURP2
J7H670,flavin monoamine oxidase family|ISS,PF01593 (Amino_oxidase)|272.4,CL0063 (NADP_Rossmann),KW-0903 (Direct protein sequencing);KW-1015 (Disulfide bond);KW-0274 (FAD);KW-0285 (Flavoprotein);KW-0325 (Glycoprotein);KW-0959 (Myotoxin);KW-0560 (Oxidoreductase);KW-0964 (Secreted);KW-0732 (Signal);KW-0800 (Toxin),Viperidae,Lachesis,,L-amino acid oxidase Lm29,OXLA_LACMT
K4LLQ2,peptidase S1 family|IC,PF00089 (Trypsin)|184.9,CL0124 (Peptidase_PA),KW-1204 (Blood coagulation cascade activating toxin);KW-0903 (Direct protein sequencing);KW-1015 (Disulfide bond);KW-1206 (Fibrinogenolytic toxin);KW-1205 (Fibrinolytic toxin);KW-0325 (Glycoprotein);KW-1199 (Hemostasis impairing toxin);KW-0378 (Hydrolase);KW-0645 (Protease);KW-0964 (Secreted);KW-0720 (Serine protease);KW-0732 (Signal);KW-0800 (Toxin);KW-0865 (Zymogen),Viperidae,Bothrops,,Thrombin-like enzyme barnettobin,VSP_BOTBA
O01949,aegyptin family|IC,PF25001 (Aegyptin_C)|143.6,,KW-0020 (Allergen);KW-0025 (Alternative splicing);KW-0903 (Direct protein sequencing);KW-1015 (Disulfide bond);KW-1199 (Hemostasis impairing toxin);KW-0389 (IgE-binding protein);KW-1201 (Platelet aggregation inhibiting toxin);KW-1185 (Reference proteome);KW-0964 (Secreted);KW-0732 (Signal);KW-0800 (Toxin),Culicidae,Aedes,,Aegyptin,ALL3_AEDAE
O22415,ribosome-inactivating protein family|IC,PF00161 (RIP)|147.8;PF00652 (Ricin_B_lectin)|158.5,CL0066 (Trefoil),KW-0903 (Direct protein sequencing);KW-1015 (Disulfide bond);KW-0325 (Glycoprotein);KW-0378 (Hydrolase);KW-0430 (Lectin);KW-0547 (Nucleotide-binding);KW-0611 (Plant defense);KW-0652 (Protein synthesis inhibitor);KW-0677 (Repeat);KW-0732 (Signal);KW-0800 (Toxin),Adoxaceae,Sambucus,SNA-If,Ribosome-inactivating protein SNAIf,SNAIF_SAMNI
O42187,phospholipase A2 family|IC,PF00068 (Phospholip_A2_1)|125.3,CL0629 (PLA2),KW-0002 (3D-structure);KW-1203 (Blood coagulation cascade inhibiting toxin);KW-0106 (Calcium);KW-1015 (Disulfide bond);KW-1199 (Hemostasis impairing toxin);KW-0378 (Hydrolase);KW-0442 (Lipid degradation);KW-0443 (Lipid metabolism);KW-0479 (Metal-binding);KW-0964 (Secreted);KW-0732 (Signal);KW-0800 (Toxin),Viperidae,Gloydius,,Basic phospholipase A2 B,PA2BB_GLOHA
P00627,phospholipase A2 family|IC,PF00068 (Phospholip_A2_1)|114.9,CL0629 (PLA2),KW-0106 (Calcium);KW-0903 (Direct protein sequencing);KW-1015 (Disulfide bond);KW-0378 (Hydrolase);KW-0442 (Lipid degradation);KW-0443 (Lipid metabolism);KW-0479 (Metal-binding);KW-0528 (Neurotoxin);KW-0638 (Presynaptic neurotoxin);KW-0964 (Secreted);KW-0732 (Signal);KW-0800 (Toxin),Elapidae,Bungarus,,Basic phospholipase A2 6,PA2B6_BUNFA
P00980,venom Kunitz-type family|IC,PF00014 (Kunitz_BPTI)|69.5,CL0894 (BPTI),KW-0002 (3D-structure);KW-0903 (Direct protein sequencing);KW-1015 (Disulfide bond);KW-0872 (Ion channel impairing toxin);KW-0528 (Neurotoxin);KW-0632 (Potassium channel impairing toxin);KW-0873 (Pyrrolidone carboxylic acid);KW-0964 (Secreted);KW-0800 (Toxin);KW-1220 (Voltage-gated potassium channel impairing toxin),Elapidae,Dendroaspis,,Kunitz-type serine protease inhibitor homolog alpha-dendrotoxin,VKTHA_DENAN
P01398,three-finger toxin family|IC,PF21947 (Toxin_cobra-type)|51.8,CL0117 (uPAR_Ly6_toxin),KW-0002 (3D-structure);KW-0008 (Acetylcholine receptor inhibiting toxin);KW-0903 (Direct protein sequencing);KW-1015 (Disulfide bond);KW-0872 (Ion channel impairing toxin);KW-0528 (Neurotoxin);KW-0629 (Postsynaptic neurotoxin);KW-0964 (Secreted);KW-0732 (Signal);KW-0800 (Toxin),Elapidae,Bungarus,,Kappa-bungarotoxin,3LKB_BUNMU
P01485,long (4 C-C) scorpion toxin superfamily|IC,PF00537 (Toxin_3)|79.3,CL0054 (Knottin_1),KW-0027 (Amidation);KW-0903 (Direct protein sequencing);KW-1015 (Disulfide bond);KW-0872 (Ion channel impairing toxin);KW-0528 (Neurotoxin);KW-0964 (Secreted);KW-0732 (Signal);KW-0800 (Toxin);KW-0738 (Voltage-gated sodium channel impairing toxin),Buthidae,Buthus,,Alpha-mammal toxin Bot3,SCX3_BUTOC
P01496,long (4 C-C) scorpion toxin superfamily|IC,PF00537 (Toxin_3)|66.8,CL0054 (Knottin_1),KW-0002 (3D-structure);KW-0027 (Amidation);KW-0903 (Direct protein sequencing);KW-1015 (Disulfide bond);KW-1214 (G-protein coupled acetylcholine receptor impairing toxin);KW-1213 (G-protein coupled receptor impairing toxin);KW-0872 (Ion channel impairing toxin);KW-0528 (Neurotoxin);KW-0964 (Secreted);KW-0732 (Signal);KW-0800 (Toxin);KW-0738 (Voltage-gated sodium channel impairing toxin),Buthidae,Tityus,,Alpha-mammal toxin Ts3,SCX3_TITSE
P01556,,PF01376 (Enterotoxin_b)|239.2,CL0658 (OB_enterotoxin),KW-0002 (3D-structure);KW-0903 (Direct protein sequencing);KW-1015 (Disulfide bond);KW-0260 (Enterotoxin);KW-1032 (Host cell membrane);KW-1043 (Host membrane);KW-0472 (Membrane);KW-1185 (Reference proteome);KW-0964 (Secreted);KW-0732 (Signal);KW-0800 (Toxin);KW-0843 (Virulence),Vibrionaceae,Vibrio,ctxB,Cholera enterotoxin subunit B,CHTB_VIBCH
P04958,peptidase M27 family|IC,PF01742 (Peptidase_M27)|810.0;PF07951 (Toxin_R_bind_C)|379.3;PF07952 (Toxin_trans)|629.0;PF07953 (Toxin_R_bind_N)|200.1,CL0004 (Concanavalin);CL0066 (Trefoil);CL0126 (Peptidase_MA),KW-0002 (3D-structure);KW-0903 (Direct protein sequencing);KW-1015 (Disulfide bond);KW-0378 (Hydrolase);KW-0479 (Metal-binding);KW-0482 (Metalloprotease);KW-0528 (Neurotoxin);KW-0614 (Plasmid);KW-0645 (Protease);KW-1185 (Reference proteome);KW-0800 (Toxin);KW-0843 (Virulence);KW-0862 (Zinc),Clostridiaceae,Clostridium,tetX,Tetanus toxin,TETX_CLOTE
P04971,peptidase S1 family|SAM,PF00089 (Trypsin)|196.0,CL0124 (Peptidase_PA),KW-1204 (Blood coagulation cascade activating toxin);KW-1015 (Disulfide bond);KW-0325 (Glycoprotein);KW-1199 (Hemostasis impairing toxin);KW-0378 (Hydrolase);KW-0582 (Pharmaceutical);KW-0645 (Protease);KW-0964 (Secreted);KW-0720 (Serine protease);KW-0732 (Signal);KW-0800 (Toxin);KW-0865 (Zymogen),Viperidae,Bothrops,,Thrombin-like enzyme batroxobin,VSPF_BOTAT
P05620,peptidase S1 family|SAM,PF00089 (Trypsin)|182.3,CL0124 (Peptidase_PA),KW-1204 (Blood coagulation cascade activating toxin);KW-1216 (Complement system impairing toxin);KW-0903 (Direct protein sequencing);KW-1015 (Disulfide bond);KW-1199 (Hemostasis impairing toxin);KW-0378 (Hydrolase);KW-1201 (Platelet aggregation inhibiting toxin);KW-0645 (Protease);KW-0964 (Secreted);KW-0720 (Serine protease);KW-0732 (Signal);KW-0800 (Toxin);KW-0865 (Zymogen),Viperidae,Protobothrops,TLF1,Thrombin-like enzyme flavoxobin,VSP1_PROFL
P06575,toxin_10 family|IC,PF05431 (Toxin_10)|41.5,,KW-0002 (3D-structure);KW-0903 (Direct protein sequencing);KW-1015 (Disulfide bond);KW-0749 (Sporulation);KW-0800 (Toxin);KW-0843 (Virulence),Bacillaceae,Lysinibacillus,binA,Binary larvicide subunit BinA,BINA1_LYSSH
P06717,enterotoxin A family|IC,PF01375 (Enterotoxin_a)|436.8,CL0084 (ADP-ribosyl),KW-0002 (3D-structure);KW-1015 (Disulfide bond);KW-0260 (Enterotoxin);KW-0732 (Signal);KW-0800 (Toxin);KW-0843 (Virulence),Enterobacteriaceae,Escherichia,eltA,Heat-labile enterotoxin A chain,ELAP_ECOLX
P07374,In the C-terminal section|IC,PF00449 (Urease_alpha)|185.9;PF00547 (Urease_gamma)|145.1;PF00699 (Urease_beta)|139.6;PF01979 (Amidohydro_1)|268.8;PF18473 (Urease_linker)|60.8,CL0036 (TIM_barrel),KW-0002 (3D-structure);KW-0903 (Direct protein sequencing);KW-0378 (Hydrolase);KW-0479 (Metal-binding);KW-0528 (Neurotoxin);KW-0533 (Nickel);KW-0800 (Toxin),Fabaceae,Canavalia,,Urease,UREA_CANEN
P0A0M0,staphylococcal/streptococcal toxin family|IC,PF01123 (Stap_Strp_toxin)|56.2;PF02876 (Stap_Strp_tox_C)|71.8,CL0072 (Ubiquitin);CL0658 (OB_enterotoxin),KW-0002 (3D-structure);KW-0903 (Direct protein sequencing);KW-1015 (Disulfide bond);KW-0260 (Enterotoxin);KW-0479 (Metal-binding);KW-0964 (Secreted);KW-0732 (Signal);KW-0766 (Superantigen);KW-0800 (Toxin);KW-0843 (Virulence);KW-0862 (Zinc),Staphylococcaceae,Staphylococcus,entH,Enterotoxin type H,ETXH_STAAU
P0C0J1,peptidase C10 family|IC,PF01640 (Peptidase_C10)|189.1;PF13734 (Inhibitor_I69)|53.4,CL0125 (Peptidase_CA),KW-0002 (3D-structure);KW-0068 (Autocatalytic cleavage);KW-0903 (Direct protein sequencing);KW-1035 (Host cytoplasm);KW-0378 (Hydrolase);KW-0488 (Methylation);KW-0645 (Protease);KW-1185 (Reference proteome);KW-0964 (Secreted);KW-0732 (Signal);KW-0788 (Thiol protease);KW-0800 (Toxin);KW-0843 (Virulence);KW-0865 (Zymogen),Streptococcaceae,Streptococcus,speB,Streptopain,SPEB_STRP1
P0C1W5,conotoxin D superfamily|IC,,,KW-0008 (Acetylcholine receptor inhibiting toxin);KW-0903 (Direct protein sequencing);KW-1015 (Disulfide bond);KW-0379 (Hydroxylation);KW-0872 (Ion channel impairing toxin);KW-0528 (Neurotoxin);KW-0629 (Postsynaptic neurotoxin);KW-0964 (Secreted);KW-0732 (Signal);KW-0800 (Toxin),Conidae,Conus,,Alpha-conotoxin VxXXA,CDKA_CONVX
P0C216,bacterial zinc-metallophospholipase C family|SAM,PF00882 (Zn_dep_PLPC)|78.1;PF01477 (PLAT)|71.0,CL0321 (PLAT);CL0368 (PhosC-NucP1),KW-0002 (3D-structure);KW-0106 (Calcium);KW-0204 (Cytolysis);KW-0354 (Hemolysis);KW-0378 (Hydrolase);KW-0479 (Metal-binding);KW-0964 (Secreted);KW-0732 (Signal);KW-0800 (Toxin);KW-0843 (Virulence);KW-0862 (Zinc),Clostridiaceae,Clostridium,plc,Phospholipase C,PHLC1_CLOPE
P0C6E3,venom metalloproteinase (M12B) family|IC,PF00200 (Disintegrin)|47.5;PF01421 (Reprolysin)|206.0,CL0126 (Peptidase_MA),KW-0106 (Calcium);KW-0903 (Direct protein sequencing);KW-1015 (Disulfide bond);KW-1206 (Fibrinogenolytic toxin);KW-1205 (Fibrinolytic toxin);KW-0325 (Glycoprotein);KW-1200 (Hemorrhagic toxin);KW-1199 (Hemostasis impairing toxin);KW-0378 (Hydrolase);KW-0479 (Metal-binding);KW-0482 (Metalloprotease);KW-0959 (Myotoxin);KW-0645 (Protease);KW-0873 (Pyrrolidone carboxylic acid);KW-0964 (Secreted);KW-0730 (Sialic acid);KW-0800 (Toxin);KW-0862 (Zinc),Viperidae,Agkistrodon,,Zinc metalloproteinase-disintegrin bilitoxin-1,VM2B1_AGKBI
P0C6E8,venom metalloproteinase (M12B) family|IC,PF00200 (Disintegrin)|67.0;PF01421 (Reprolysin)|188.2;PF08516 (ADAM_CR)|66.5,CL0126 (Peptidase_MA);CL0750 (ADAM_CR_sf),KW-0053 (Apoptosis);KW-0106 (Calcium);KW-1217 (Cell adhesion impairing toxin);KW-0903 (Direct protein sequencing);KW-1015 (Disulfide bond);KW-0325 (Glycoprotein);KW-1199 (Hemostasis impairing toxin);KW-0378 (Hydrolase);KW-0479 (Metal-binding);KW-0482 (Metalloprotease);KW-1201 (Platelet aggregation inhibiting toxin);KW-0645 (Protease);KW-0873 (Pyrrolidone carboxylic acid);KW-0964 (Secreted);KW-0800 (Toxin);KW-0862 (Zinc);KW-0865 (Zymogen),Viperidae,Craspedocephalus,,Zinc metalloproteinase/disintegrin,VM3G1_CRAGM
P0C6S4,venom metalloproteinase (M12B) family|IC,,,KW-1217 (Cell adhesion impairing toxin);KW-0903 (Direct protein sequencing);KW-1015 (Disulfide bond);KW-1199 (Hemostasis impairing toxin);KW-1201 (Platelet aggregation inhibiting toxin);KW-0964 (Secreted);KW-0800 (Toxin),Viperidae,Eristicophis,,Disintegrin eristostatin,VM2TO_ERIMA
P0C7P5,In the N-terminal section|IC,PF00212 (ANP)|48.1,,KW-0165 (Cleavage on pair of basic residues);KW-0903 (Direct protein sequencing);KW-1015 (Disulfide bond);KW-0382 (Hypotensive agent);KW-0481 (Metalloenzyme inhibitor);KW-0483 (Metalloprotease inhibitor);KW-0646 (Protease inhibitor);KW-0873 (Pyrrolidone carboxylic acid);KW-0964 (Secreted);KW-0732 (Signal);KW-0800 (Toxin);KW-0838 (Vasoactive);KW-0840 (Vasodilator),Viperidae,Protobothrops,,Bradykinin-potentiating and C-type natriuretic peptides,BNP_PROFL
P0C8M1,phospholipase A2 family|IC,PF00068 (Phospholip_A2_1)|102.0,CL0629 (PLA2),KW-0106 (Calcium);KW-0903 (Direct protein sequencing);KW-1015 (Disulfide bond);KW-0378 (Hydrolase);KW-0442 (Lipid degradation);KW-0443 (Lipid metabolism);KW-0479 (Metal-binding);KW-0959 (Myotoxin);KW-0528 (Neurotoxin);KW-0964 (Secreted);KW-0800 (Toxin),Viperidae,Bothrops,,Basic phospholipase A2 BmTX-I,PA2B1_BOTMO
P0CC16,flavin monoamine oxidase family|IC,,,KW-0044 (Antibiotic);KW-0929 (Antimicrobial);KW-0053 (Apoptosis);KW-0204 (Cytolysis);KW-0903 (Direct protein sequencing);KW-1015 (Disulfide bond);KW-0285 (Flavoprotein);KW-0288 (FMN);KW-0325 (Glycoprotein);KW-0354 (Hemolysis);KW-1200 (Hemorrhagic toxin);KW-1199 (Hemostasis impairing toxin);KW-0560 (Oxidoreductase);KW-0964 (Secreted);KW-0800 (Toxin),Viperidae,Agkistrodon,,L-amino-acid oxidase,OXLA_AGKCL
P0CE83,arthropod phospholipase D family|IC,PF13653 (GDPD_2)|44.7,CL0036 (TIM_barrel),KW-0204 (Cytolysis);KW-1061 (Dermonecrotic toxin);KW-0903 (Direct protein sequencing);KW-1015 (Disulfide bond);KW-0325 (Glycoprotein);KW-0354 (Hemolysis);KW-0442 (Lipid degradation);KW-0443 (Lipid metabolism);KW-0456 (Lyase);KW-0460 (Magnesium);KW-0479 (Metal-binding);KW-0964 (Secreted);KW-0732 (Signal);KW-0800 (Toxin);KW-0865 (Zymogen),Sicariidae,Loxosceles,,Dermonecrotic toxin LiSicTox-alphaIA2ai,A1IA1_LOXIN
P0DI89,flavin monoamine oxidase family|IC,,,KW-0044 (Antibiotic);KW-0929 (Antimicrobial);KW-0053 (Apoptosis);KW-0204 (Cytolysis);KW-0903 (Direct protein sequencing);KW-1015 (Disulfide bond);KW-0274 (FAD);KW-0285 (Flavoprotein);KW-0325 (Glycoprotein);KW-0354 (Hemolysis);KW-1199 (Hemostasis impairing toxin);KW-0560 (Oxidoreductase);KW-1201 (Platelet aggregation inhibiting toxin);KW-0964 (Secreted);KW-0800 (Toxin),Viperidae,Bothrops,,L-amino-acid oxidase,OXLA_BOTLC
P0DI91,flavin monoamine oxidase family|IC,,,KW-0044 (Antibiotic);KW-0929 (Antimicrobial);KW-0053 (Apoptosis);KW-0204 (Cytolysis);KW-0903 (Direct protein sequencing);KW-1015 (Disulfide bond);KW-0274 (FAD);KW-0285 (Flavoprotein);KW-0325 (Glycoprotein);KW-0354 (Hemolysis);KW-1199 (Hemostasis impairing toxin);KW-0560 (Oxidoreductase);KW-1201 (Platelet aggregation inhibiting toxin);KW-0964 (Secreted);KW-0800 (Toxin),Elapidae,Naja,,L-amino-acid oxidase,OXLA_NAJOX
P0DJ31,short scorpion toxin superfamily|IC,PF00451 (Toxin_2)|40.9,CL0054 (Knottin_1),KW-0002 (3D-structure);KW-0027 (Amidation);KW-0903 (Direct protein sequencing);KW-1015 (Disulfide bond);KW-0872 (Ion channel impairing toxin);KW-0528 (Neurotoxin);KW-0632 (Potassium channel impairing toxin);KW-0964 (Secreted);KW-0800 (Toxin),Vaejovidae,Vaejovis,,Potassium channel toxin alpha-KTx 23.1,KA231_VAEMS
P0DJ86,peptidase S1 family|SAM,PF00089 (Trypsin)|190.9,CL0124 (Peptidase_PA),KW-1204 (Blood coagulation cascade activating toxin);KW-0903 (Direct protein sequencing);KW-1015 (Disulfide bond);KW-0325 (Glycoprotein);KW-1199 (Hemostasis impairing toxin);KW-0378 (Hydrolase);KW-0645 (Protease);KW-0964 (Secreted);KW-0720 (Serine protease);KW-0800 (Toxin),Viperidae,Bothrops,,Thrombin-like enzyme leucurobin,VSPL_BOTLC
P0DJE1,venom metalloproteinase (M12B) family|IC,,,KW-0106 (Calcium);KW-0903 (Direct protein sequencing);KW-1015 (Disulfide bond);KW-1206 (Fibrinogenolytic toxin);KW-1200 (Hemorrhagic toxin);KW-1199 (Hemostasis impairing toxin);KW-0378 (Hydrolase);KW-0479 (Metal-binding);KW-0482 (Metalloprotease);KW-0959 (Myotoxin);KW-0645 (Protease);KW-0964 (Secreted);KW-0800 (Toxin);KW-0862 (Zinc),Viperidae,Bothrops,,Snake venom metalloproteinase Batx-1,VM1B1_BOTAT
P0DJE9,peptidase S1 family|SAM,PF00089 (Trypsin)|136.7,CL0124 (Peptidase_PA),KW-1204 (Blood coagulation cascade activating toxin);KW-0903 (Direct protein sequencing);KW-1015 (Disulfide bond);KW-1199 (Hemostasis impairing toxin);KW-0378 (Hydrolase);KW-1202 (Platelet aggregation activating toxin);KW-0645 (Protease);KW-0964 (Secreted);KW-0720 (Serine protease);KW-0800 (Toxin),Viperidae,Bothrops,,Thrombin-like enzyme TLBm,VSP1_BOTMA
P0DJF0,peptidase S1 family|SAM,,,KW-1204 (Blood coagulation cascade activating toxin);KW-0903 (Direct protein sequencing);KW-1015 (Disulfide bond);KW-0325 (Glycoprotein);KW-1199 (Hemostasis impairing toxin);KW-0378 (Hydrolase);KW-0645 (Protease);KW-0964 (Secreted);KW-0720 (Serine protease);KW-0730 (Sialic acid);KW-0800 (Toxin),Viperidae,Bothrops,,Thrombin-like enzyme BJ-48,VSP48_BOTJR
P0DKU1,phospholipase A2 family|IC,PF00068 (Phospholip_A2_1)|121.6,CL0629 (PLA2),KW-0903 (Direct protein sequencing);KW-1015 (Disulfide bond);KW-1199 (Hemostasis impairing toxin);KW-0872 (Ion channel impairing toxin);KW-0959 (Myotoxin);KW-0528 (Neurotoxin);KW-0632 (Potassium channel impairing toxin);KW-0964 (Secreted);KW-0800 (Toxin);KW-1220 (Voltage-gated potassium channel impairing toxin);KW-0738 (Voltage-gated sodium channel impairing toxin),Viperidae,Gloydius,,Basic phospholipase A2 homolog Gln49-PLA2,PA2H_GLOUS
P0DKX7,In the N-terminal section|IC,PF00353 (HemolysinCabind)|201.3;PF02382 (RTX)|398.5;PF03497 (Anthrax_toxA)|147.2;PF06594 (HCBP_related)|24.0,CL0592 (beta_Roll),KW-0002 (3D-structure);KW-0067 (ATP-binding);KW-0106 (Calcium);KW-0112 (Calmodulin-binding);KW-0115 (cAMP biosynthesis);KW-0204 (Cytolysis);KW-0354 (Hemolysis);KW-1032 (Host cell membrane);KW-1043 (Host membrane);KW-0449 (Lipoprotein);KW-0456 (Lyase);KW-0472 (Membrane);KW-0519 (Myristate);KW-0547 (Nucleotide-binding);KW-0564 (Palmitate);KW-1185 (Reference proteome);KW-0677 (Repeat);KW-0964 (Secreted);KW-0800 (Toxin);KW-0812 (Transmembrane);KW-0843 (Virulence);KW-0855 (Whooping cough),Alcaligenaceae,Bordetella,cya,Bifunctional hemolysin/adenylate cyclase,CYAA_BORPE
P0DL27,peptidase S1 family|SAM,PF00089 (Trypsin)|49.3,CL0124 (Peptidase_PA),KW-1204 (Blood coagulation cascade activating toxin);KW-1216 (Complement system impairing toxin);KW-0903 (Direct protein sequencing);KW-1015 (Disulfide bond);KW-1205 (Fibrinolytic toxin);KW-0325 (Glycoprotein);KW-1199 (Hemostasis impairing toxin);KW-0378 (Hydrolase);KW-1202 (Platelet aggregation activating toxin);KW-0645 (Protease);KW-0964 (Secreted);KW-0720 (Serine protease);KW-0800 (Toxin),Viperidae,Bothrops,,Thrombin-like enzyme BpirSP41,VSP41_BOTPI
P0DL37,short scorpion toxin superfamily|IC,PF00451 (Toxin_2)|45.4,CL0054 (Knottin_1),KW-0002 (3D-structure);KW-0027 (Amidation);KW-0903 (Direct protein sequencing);KW-1015 (Disulfide bond);KW-0872 (Ion channel impairing toxin);KW-0528 (Neurotoxin);KW-0632 (Potassium channel impairing toxin);KW-0964 (Secreted);KW-0732 (Signal);KW-0800 (Toxin),Scorpionidae,Urodacus,,Potassium channel toxin alpha-KTx 6.21,KAX6L_UROYA
P0DL68,conotoxin A superfamily|IC,PF07365 (Toxin_8)|23.6,,KW-0008 (Acetylcholine receptor inhibiting toxin);KW-0027 (Amidation);KW-0903 (Direct protein sequencing);KW-1015 (Disulfide bond);KW-0528 (Neurotoxin);KW-0629 (Postsynaptic neurotoxin);KW-0964 (Secreted);KW-0800 (Toxin),Conidae,Conus,,Alpha-conotoxin LsIA,CA1A_CONLM
P0DM21,conotoxin A superfamily|IC,PF07365 (Toxin_8)|70.1,,KW-0002 (3D-structure);KW-0008 (Acetylcholine receptor inhibiting toxin);KW-0027 (Amidation);KW-0903 (Direct protein sequencing);KW-1015 (Disulfide bond);KW-0379 (Hydroxylation);KW-0528 (Neurotoxin);KW-0629 (Postsynaptic neurotoxin);KW-0964 (Secreted);KW-0732 (Signal);KW-0800 (Toxin),Conidae,Conus,,Alpha-conotoxin TxIA,CA1A_CONTE
P0DM89,venom metalloproteinase (M12B) family|IC,PF00200 (Disintegrin)|75.8;PF01421 (Reprolysin)|209.6;PF08516 (ADAM_CR)|59.1,CL0126 (Peptidase_MA);CL0750 (ADAM_CR_sf),KW-0903 (Direct protein sequencing);KW-1015 (Disulfide bond);KW-1206 (Fibrinogenolytic toxin);KW-0325 (Glycoprotein);KW-1199 (Hemostasis impairing toxin);KW-0378 (Hydrolase);KW-0479 (Metal-binding);KW-0873 (Pyrrolidone carboxylic acid);KW-0964 (Secreted);KW-0800 (Toxin);KW-0862 (Zinc),Viperidae,Gloydius,,Zinc metalloproteinase-disintegrin-like brevilysin H2a,VM32A_GLOBR
P0DPS4,phospholipase A2 family|IC,PF00068 (Phospholip_A2_1)|119.4,CL0629 (PLA2),KW-1203 (Blood coagulation cascade inhibiting toxin);KW-0106 (Calcium);KW-0204 (Cytolysis);KW-0903 (Direct protein sequencing);KW-1015 (Disulfide bond);KW-0354 (Hemolysis);KW-1199 (Hemostasis impairing toxin);KW-0378 (Hydrolase);KW-0479 (Metal-binding);KW-1201 (Platelet aggregation inhibiting toxin);KW-0964 (Secreted);KW-0800 (Toxin),Viperidae,Cerastes,,Basic phospholipase A2 Cc2-PLA2,PA2B_CERCE
P0DQN3,neurotoxin 10 (Hwtx-1) family|IC,,,KW-0108 (Calcium channel impairing toxin);KW-0903 (Direct protein sequencing);KW-1015 (Disulfide bond);KW-0872 (Ion channel impairing toxin);KW-0960 (Knottin);KW-0528 (Neurotoxin);KW-0582 (Pharmaceutical);KW-0632 (Potassium channel impairing toxin);KW-0964 (Secreted);KW-0800 (Toxin);KW-1218 (Voltage-gated calcium channel impairing toxin);KW-1220 (Voltage-gated potassium channel impairing toxin);KW-0738 (Voltage-gated sodium channel impairing toxin),Theraphosidae,Bumba,,Beta/omega-theraphotoxin-Bp1a,TXPR1_BUMPU
P0DUG4,phospholipase A2 family|IC,,,KW-1203 (Blood coagulation cascade inhibiting toxin);KW-0106 (Calcium);KW-0903 (Direct protein sequencing);KW-1015 (Disulfide bond);KW-1199 (Hemostasis impairing toxin);KW-0378 (Hydrolase);KW-0479 (Metal-binding);KW-1201 (Platelet aggregation inhibiting toxin);KW-0964 (Secreted);KW-0800 (Toxin),Elapidae,Naja,,Phospholipase A2 TI-Nh,PA2TI_NAJHH
P0DUJ7,glycosyltransferase NleB family|IC,PF24688 (SseK_NleB)|593.4,CL0110 (GT-A),KW-0002 (3D-structure);KW-0325 (Glycoprotein);KW-0328 (Glycosyltransferase);KW-1040 (Host Golgi apparatus);KW-0446 (Lipid-binding);KW-0464 (Manganese);KW-0479 (Metal-binding);KW-1185 (Reference proteome);KW-0964 (Secreted);KW-0800 (Toxin);KW-0808 (Transferase);KW-0843 (Virulence),Enterobacteriaceae,Salmonella,sseK3,Protein-arginine N-acetylglucosaminyltransferase SseK3,SSEK3_SALTS
P13208,endothelin/sarafotoxin family|IC,PF00322 (Endothelin)|315.6,,KW-0002 (3D-structure);KW-0123 (Cardiotoxin);KW-0903 (Direct protein sequencing);KW-1015 (Disulfide bond);KW-1213 (G-protein coupled receptor impairing toxin);KW-0677 (Repeat);KW-0964 (Secreted);KW-0732 (Signal);KW-0800 (Toxin);KW-0838 (Vasoactive);KW-0839 (Vasoconstrictor),Lamprophiidae,Atractaspis,,Sarafotoxin,SRTX_ATREN
P18177,clostridial glucosylating toxin (LCGT) family|IC,PF01473 (Choline_bind_1)|86.2;PF11713 (Peptidase_C80)|149.5;PF12918 (TcdB_N)|54.8;PF12919 (TcdA_TcdB)|527.6;PF12920 (TcdA_TcdB_pore)|807.7;PF19127 (Choline_bind_3)|135.1,CL0093 (Peptidase_CD);CL0110 (GT-A);CL0694 (Choline_binding),KW-0002 (3D-structure);KW-0068 (Autocatalytic cleavage);KW-0903 (Direct protein sequencing);KW-0260 (Enterotoxin);KW-0328 (Glycosyltransferase);KW-1032 (Host cell membrane);KW-1035 (Host cytoplasm);KW-1039 (Host endosome);KW-1043 (Host membrane);KW-0378 (Hydrolase);KW-0446 (Lipid-binding);KW-0460 (Magnesium);KW-0464 (Manganese);KW-0472 (Membrane);KW-0479 (Metal-binding);KW-0645 (Protease);KW-0677 (Repeat);KW-0964 (Secreted);KW-0788 (Thiol protease);KW-0800 (Toxin);KW-0808 (Transferase);KW-0843 (Virulence);KW-0862 (Zinc),Peptostreptococcaceae,Clostridioides,tcdB,Toxin B,TCDB_CLODI
P18965,peptidase S1 family|IC,PF00089 (Trypsin)|188.0,CL0124 (Peptidase_PA),KW-0002 (3D-structure);KW-1204 (Blood coagulation cascade activating toxin);KW-0903 (Direct protein sequencing);KW-1015 (Disulfide bond);KW-0325 (Glycoprotein);KW-1199 (Hemostasis impairing toxin);KW-0378 (Hydrolase);KW-0645 (Protease);KW-0964 (Secreted);KW-0720 (Serine protease);KW-0732 (Signal);KW-0800 (Toxin),Viperidae,Daboia,,Factor V activator RVV-V gamma,VSPG_DABSI
P20005,peptidase S1 family|IC,PF00089 (Trypsin)|50.9,CL0124 (Peptidase_PA),KW-1204 (Blood coagulation cascade activating toxin);KW-0903 (Direct protein sequencing);KW-1015 (Disulfide bond);KW-0325 (Glycoprotein);KW-1199 (Hemostasis impairing toxin);KW-0378 (Hydrolase);KW-0645 (Protease);KW-0964 (Secreted);KW-0720 (Serine protease);KW-0732 (Signal);KW-0800 (Toxin),Viperidae,Ovophis,,Thrombin-like enzyme okinaxobin-1,VSP1_OVOOK
P22796,venom metalloproteinase (M12B) family|IC,PF01421 (Reprolysin)|227.7,CL0126 (Peptidase_MA),KW-0106 (Calcium);KW-0903 (Direct protein sequencing);KW-1015 (Disulfide bond);KW-0325 (Glycoprotein);KW-1200 (Hemorrhagic toxin);KW-1199 (Hemostasis impairing toxin);KW-0378 (Hydrolase);KW-0479 (Metal-binding);KW-0482 (Metalloprotease);KW-0959 (Myotoxin);KW-0645 (Protease);KW-0964 (Secreted);KW-0800 (Toxin);KW-0862 (Zinc),Viperidae,Lachesis,,Snake venom metalloproteinase hemorrhagic factor 2,VM1H2_LACMU
P23631,cationic peptide 01 (latrotoxin) family|IC,PF00023 (Ank)|320.7;PF12796 (Ank_2)|387.0;PF13637 (Ank_4)|274.8,CL0465 (Ank),KW-0002 (3D-structure);KW-0040 (ANK repeat);KW-0165 (Cleavage on pair of basic residues);KW-0903 (Direct protein sequencing);KW-1015 (Disulfide bond);KW-0268 (Exocytosis);KW-1213 (G-protein coupled receptor impairing toxin);KW-0472 (Membrane);KW-0528 (Neurotoxin);KW-0638 (Presynaptic neurotoxin);KW-0677 (Repeat);KW-0964 (Secreted);KW-0732 (Signal);KW-1052 (Target cell membrane);KW-1053 (Target membrane);KW-0800 (Toxin);KW-0812 (Transmembrane),Theridiidae,Latrodectus,,Alpha-latrotoxin-Lt1a,LATA_LATTR
P28880,conotoxin O1 superfamily|IC,PF02950 (Conotoxin)|55.6,CL0083 (Omega_toxin),KW-0027 (Amidation);KW-0108 (Calcium channel impairing toxin);KW-0903 (Direct protein sequencing);KW-1015 (Disulfide bond);KW-0379 (Hydroxylation);KW-0872 (Ion channel impairing toxin);KW-0960 (Knottin);KW-0528 (Neurotoxin);KW-0638 (Presynaptic neurotoxin);KW-0964 (Secreted);KW-0732 (Signal);KW-0800 (Toxin);KW-1218 (Voltage-gated calcium channel impairing toxin),Conidae,Conus,,Omega-conotoxin SVIA,O16A_CONST
P33186,ribosome-inactivating protein family|IC,PF00161 (RIP)|145.0,,KW-0002 (3D-structure);KW-0020 (Allergen);KW-0903 (Direct protein sequencing);KW-1015 (Disulfide bond);KW-0325 (Glycoprotein);KW-0378 (Hydrolase);KW-0611 (Plant defense);KW-0652 (Protein synthesis inhibitor);KW-0732 (Signal);KW-0800 (Toxin),Euphorbiaceae,Suregada,GEL,Ribosome-inactivating protein gelonin,RIPG_SURMU
P45658,long (4 C-C) scorpion toxin superfamily|IC,PF00537 (Toxin_3)|74.5,CL0054 (Knottin_1),KW-0903 (Direct protein sequencing);KW-1015 (Disulfide bond);KW-0872 (Ion channel impairing toxin);KW-0528 (Neurotoxin);KW-0964 (Secreted);KW-0732 (Signal);KW-0800 (Toxin);KW-0738 (Voltage-gated sodium channel impairing toxin),Buthidae,Androctonus,,Toxin Aah4,SCX4_ANDAU
P49121,phospholipase A2 family|IC,PF00068 (Phospholip_A2_1)|112.2,CL0629 (PLA2),KW-0002 (3D-structure);KW-0903 (Direct protein sequencing);KW-1015 (Disulfide bond);KW-0358 (Heparin-binding);KW-0959 (Myotoxin);KW-0964 (Secreted);KW-0732 (Signal);KW-0800 (Toxin),Viperidae,Agkistrodon,,Basic phospholipase A2 homolog MT1,PA2H1_AGKCL
P49268,neurotoxin 13 (insecticidal toxin ABC) family|IC,PF08091 (Toxin_21)|73.7,CL0083 (Omega_toxin),KW-0002 (3D-structure);KW-0108 (Calcium channel impairing toxin);KW-0903 (Direct protein sequencing);KW-1015 (Disulfide bond);KW-0872 (Ion channel impairing toxin);KW-0960 (Knottin);KW-0528 (Neurotoxin);KW-0964 (Secreted);KW-0800 (Toxin);KW-1218 (Voltage-gated calcium channel impairing toxin);KW-0738 (Voltage-gated sodium channel impairing toxin),Euctenizidae,Apomastus,,Mu-cyrtautoxin-As1a,TXP3_APOSC
P50984,conotoxin A superfamily|IC,,,KW-0002 (3D-structure);KW-0008 (Acetylcholine receptor inhibiting toxin);KW-0027 (Amidation);KW-0903 (Direct protein sequencing);KW-1015 (Disulfide bond);KW-0872 (Ion channel impairing toxin);KW-0528 (Neurotoxin);KW-0629 (Postsynaptic neurotoxin);KW-0964 (Secreted);KW-0765 (Sulfation);KW-0800 (Toxin),Conidae,Conus,,Alpha-conotoxin PnIA,CA1A_CONPE
P56638,conotoxin A superfamily|IC,PF07365 (Toxin_8)|72.7,,KW-0002 (3D-structure);KW-0008 (Acetylcholine receptor inhibiting toxin);KW-0027 (Amidation);KW-0903 (Direct protein sequencing);KW-1015 (Disulfide bond);KW-0872 (Ion channel impairing toxin);KW-0528 (Neurotoxin);KW-0629 (Postsynaptic neurotoxin);KW-0964 (Secreted);KW-0732 (Signal);KW-0765 (Sulfation);KW-0800 (Toxin),Conidae,Conus,,Alpha-conotoxin EpI,CA1A_CONEP
P56676,neurotoxin 10 (Hwtx-1) family|IC,,,KW-0002 (3D-structure);KW-0108 (Calcium channel impairing toxin);KW-0903 (Direct protein sequencing);KW-1015 (Disulfide bond);KW-0872 (Ion channel impairing toxin);KW-0960 (Knottin);KW-0528 (Neurotoxin);KW-0629 (Postsynaptic neurotoxin);KW-0638 (Presynaptic neurotoxin);KW-0964 (Secreted);KW-0732 (Signal);KW-0800 (Toxin);KW-1218 (Voltage-gated calcium channel impairing toxin);KW-0738 (Voltage-gated sodium channel impairing toxin),Theraphosidae,Cyriopagopus,,Mu/omega-theraphotoxin-Hs1a,TXH1_CYRSC
P56742,flavin monoamine oxidase family|IC,PF01593 (Amino_oxidase)|287.1,CL0063 (NADP_Rossmann),KW-0044 (Antibiotic);KW-0929 (Antimicrobial);KW-0053 (Apoptosis);KW-0204 (Cytolysis);KW-0903 (Direct protein sequencing);KW-1015 (Disulfide bond);KW-0274 (FAD);KW-0285 (Flavoprotein);KW-0325 (Glycoprotein);KW-0354 (Hemolysis);KW-1200 (Hemorrhagic toxin);KW-1199 (Hemostasis impairing toxin);KW-0560 (Oxidoreductase);KW-0964 (Secreted);KW-0732 (Signal);KW-0800 (Toxin),Viperidae,Crotalus,,L-amino-acid oxidase apoxin-1,OXLA_CROAT
P58924,conotoxin S superfamily|IC,,,KW-0002 (3D-structure);KW-0027 (Amidation);KW-0102 (Bromination);KW-0903 (Direct protein sequencing);KW-1015 (Disulfide bond);KW-0379 (Hydroxylation);KW-0872 (Ion channel impairing toxin);KW-0528 (Neurotoxin);KW-0964 (Secreted);KW-0732 (Signal);KW-0800 (Toxin),Conidae,Conus,,Sigma-conotoxin GVIIIA,CS8A_CONGE
P59888,phospholipase A2 family|IC,PF05826 (Phospholip_A2_2)|98.0,CL0629 (PLA2),KW-0106 (Calcium);KW-0108 (Calcium channel impairing toxin);KW-0903 (Direct protein sequencing);KW-1015 (Disulfide bond);KW-0325 (Glycoprotein);KW-0378 (Hydrolase);KW-0872 (Ion channel impairing toxin);KW-0442 (Lipid degradation);KW-0443 (Lipid metabolism);KW-0479 (Metal-binding);KW-0528 (Neurotoxin);KW-1219 (Ryanodine-sensitive calcium-release channel impairing toxin);KW-0964 (Secreted);KW-0732 (Signal);KW-0800 (Toxin);KW-0865 (Zymogen),Scorpionidae,Pandinus,,Phospholipase A2 imperatoxin-1,IPTXI_PANIM
P60244,venom metalloproteinase (M12B) family|IC,PF01421 (Reprolysin)|200.6,CL0126 (Peptidase_MA),KW-0002 (3D-structure);KW-1015 (Disulfide bond);KW-0325 (Glycoprotein);KW-1200 (Hemorrhagic toxin);KW-1199 (Hemostasis impairing toxin);KW-0378 (Hydrolase);KW-0479 (Metal-binding);KW-0482 (Metalloprotease);KW-0645 (Protease);KW-0964 (Secreted);KW-0800 (Toxin);KW-0862 (Zinc),Viperidae,Deinagkistrodon,,Snake venom metalloproteinase acutolysin-C,VM1A3_DEIAC
P60254,scorpion calcin family|IC,PF08099 (Toxin_27)|83.1,CL0083 (Omega_toxin),KW-0002 (3D-structure);KW-0108 (Calcium channel impairing toxin);KW-0903 (Direct protein sequencing);KW-1015 (Disulfide bond);KW-0872 (Ion channel impairing toxin);KW-0960 (Knottin);KW-0528 (Neurotoxin);KW-1219 (Ryanodine-sensitive calcium-release channel impairing toxin);KW-0964 (Secreted);KW-0800 (Toxin),Scorpionidae,Scorpio,,Maurocalcin,CAMAU_SCOPA
P60266,long (4 C-C) scorpion toxin superfamily|IC,,,KW-0027 (Amidation);KW-0903 (Direct protein sequencing);KW-1015 (Disulfide bond);KW-0872 (Ion channel impairing toxin);KW-0528 (Neurotoxin);KW-0964 (Secreted);KW-0732 (Signal);KW-0800 (Toxin);KW-0738 (Voltage-gated sodium channel impairing toxin),Buthidae,Centruroides,,Beta-mammal toxin Css4,SCX4_CENSU
P60615,three-finger toxin family|IC,,,KW-0002 (3D-structure);KW-0008 (Acetylcholine receptor inhibiting toxin);KW-0903 (Direct protein sequencing);KW-1015 (Disulfide bond);KW-0872 (Ion channel impairing toxin);KW-0528 (Neurotoxin);KW-0629 (Postsynaptic neurotoxin);KW-0964 (Secreted);KW-0732 (Signal);KW-0800 (Toxin),Elapidae,Bungarus,,Alpha-bungarotoxin,3L21A_BUNMU
P61914,actinoporin family|IC,PF06369 (Anemone_cytotox)|355.6,CL0872 (PfC-like),KW-0002 (3D-structure);KW-0165 (Cleavage on pair of basic residues);KW-0204 (Cytolysis);KW-0903 (Direct protein sequencing);KW-0406 (Ion transport);KW-0472 (Membrane);KW-0166 (Nematocyst);KW-0964 (Secreted);KW-0732 (Signal);KW-1052 (Target cell membrane);KW-1053 (Target membrane);KW-0800 (Toxin);KW-0812 (Transmembrane);KW-0813 (Transport),Actiniidae,Actinia,,DELTA-actitoxin-Aeq1a,ACTP2_ACTEQ
P68515,In the N-terminal section|IC,PF00212 (ANP)|49.4,,KW-0165 (Cleavage on pair of basic residues);KW-0963 (Cytoplasm);KW-0903 (Direct protein sequencing);KW-1015 (Disulfide bond);KW-1214 (G-protein coupled acetylcholine receptor impairing toxin);KW-1213 (G-protein coupled receptor impairing toxin);KW-0382 (Hypotensive agent);KW-0481 (Metalloenzyme inhibitor);KW-0483 (Metalloprotease inhibitor);KW-0646 (Protease inhibitor);KW-0873 (Pyrrolidone carboxylic acid);KW-0677 (Repeat);KW-0964 (Secreted);KW-0732 (Signal);KW-0800 (Toxin);KW-0838 (Vasoactive);KW-0840 (Vasodilator),Viperidae,Bothrops,,Bradykinin-potentiating and C-type natriuretic peptides,BNP_BOTIN
P69929,sea anemone BBH family|IC,,,KW-0165 (Cleavage on pair of basic residues);KW-1015 (Disulfide bond);KW-0379 (Hydroxylation);KW-0872 (Ion channel impairing toxin);KW-0166 (Nematocyst);KW-0677 (Repeat);KW-0964 (Secreted);KW-0732 (Signal);KW-0800 (Toxin);KW-0738 (Voltage-gated sodium channel impairing toxin),Actiniidae,Antheopsis,,Delta-actitoxin-Amc1a,BBH1A_ANTMC
P80719,short scorpion toxin superfamily|IC,PF00451 (Toxin_2)|51.8,CL0054 (Knottin_1),KW-0002 (3D-structure);KW-0027 (Amidation);KW-1221 (Calcium-activated potassium channel impairing toxin);KW-0903 (Direct protein sequencing);KW-1015 (Disulfide bond);KW-0872 (Ion channel impairing toxin);KW-0528 (Neurotoxin);KW-0632 (Potassium channel impairing toxin);KW-0964 (Secreted);KW-0800 (Toxin);KW-1220 (Voltage-gated potassium channel impairing toxin),Scorpionidae,Scorpio,,Potassium channel toxin alpha-KTx 6.2,KAX62_SCOPA
P80958,three-finger toxin family|IC,PF21947 (Toxin_cobra-type)|52.4,CL0117 (uPAR_Ly6_toxin),KW-0002 (3D-structure);KW-0008 (Acetylcholine receptor inhibiting toxin);KW-0903 (Direct protein sequencing);KW-1015 (Disulfide bond);KW-0872 (Ion channel impairing toxin);KW-0528 (Neurotoxin);KW-0629 (Postsynaptic neurotoxin);KW-0964 (Secreted);KW-0732 (Signal);KW-0800 (Toxin),Elapidae,Naja,,Cobrotoxin-b,3S1CC_NAJAT
P80963,phospholipase A2 family|IC,PF00068 (Phospholip_A2_1)|106.7,CL0629 (PLA2),KW-0903 (Direct protein sequencing);KW-1015 (Disulfide bond);KW-0959 (Myotoxin);KW-0964 (Secreted);KW-0732 (Signal);KW-0800 (Toxin),Viperidae,Bothriechis,,Basic phospholipase A2 homolog Bsc-K49,PA2H_BOTSC
P80966,phospholipase A2 family|IC,PF00068 (Phospholip_A2_1)|119.5,CL0629 (PLA2),KW-0002 (3D-structure);KW-0106 (Calcium);KW-0123 (Cardiotoxin);KW-0903 (Direct protein sequencing);KW-1015 (Disulfide bond);KW-1199 (Hemostasis impairing toxin);KW-0378 (Hydrolase);KW-0442 (Lipid degradation);KW-0443 (Lipid metabolism);KW-0479 (Metal-binding);KW-0959 (Myotoxin);KW-1201 (Platelet aggregation inhibiting toxin);KW-0964 (Secreted);KW-0732 (Signal);KW-0800 (Toxin),Elapidae,Ophiophagus,,Acidic phospholipase A2 1,PA2A1_OPHHA
P81694,neurotoxin 19 (CSTX) family|IC,PF10530 (Toxin_35)|82.8,CL0083 (Omega_toxin),KW-0027 (Amidation);KW-0108 (Calcium channel impairing toxin);KW-0204 (Cytolysis);KW-0903 (Direct protein sequencing);KW-1015 (Disulfide bond);KW-0872 (Ion channel impairing toxin);KW-0960 (Knottin);KW-0472 (Membrane);KW-0528 (Neurotoxin);KW-0964 (Secreted);KW-0732 (Signal);KW-1052 (Target cell membrane);KW-1053 (Target membrane);KW-0800 (Toxin);KW-1218 (Voltage-gated calcium channel impairing toxin),Ctenidae,Cupiennius,,Toxin CSTX-1,TXC1_CUPSA
P82228,neurotoxin 11 (kappa toxin) family|IC,PF07945 (Toxin_16)|86.7,CL0083 (Omega_toxin),KW-0002 (3D-structure);KW-1221 (Calcium-activated potassium channel impairing toxin);KW-0903 (Direct protein sequencing);KW-1015 (Disulfide bond);KW-0872 (Ion channel impairing toxin);KW-0960 (Knottin);KW-0528 (Neurotoxin);KW-0632 (Potassium channel impairing toxin);KW-0964 (Secreted);KW-0800 (Toxin),Hexathelidae,Hadronyche,,Lambda-hexatoxin-Hv1c,TK1C_HADVE
P83257,neurotoxin 07 (Beta/delta-agtx) family|IC,PF05980 (Toxin_7)|58.2,CL0083 (Omega_toxin),KW-0002 (3D-structure);KW-0027 (Amidation);KW-0903 (Direct protein sequencing);KW-1015 (Disulfide bond);KW-0872 (Ion channel impairing toxin);KW-0960 (Knottin);KW-0528 (Neurotoxin);KW-0964 (Secreted);KW-0800 (Toxin);KW-0738 (Voltage-gated sodium channel impairing toxin),Agelenidae,Pireneitega,,Delta-amaurobitoxin-Pl1b,T3D1B_PIRLC
P83288,spiderine family|IC,,,KW-0108 (Calcium channel impairing toxin);KW-0903 (Direct protein sequencing);KW-1015 (Disulfide bond);KW-0872 (Ion channel impairing toxin);KW-0960 (Knottin);KW-0528 (Neurotoxin);KW-0964 (Secreted);KW-0732 (Signal);KW-0800 (Toxin);KW-1218 (Voltage-gated calcium channel impairing toxin),Oxyopidae,Oxyopes,,Omega-oxotoxin-Ot1a,TOX1_OXYTA
P83561,neurotoxin 15 family|IC,PF08093 (Toxin_23)|56.1,CL0083 (Omega_toxin),KW-0002 (3D-structure);KW-0903 (Direct protein sequencing);KW-1015 (Disulfide bond);KW-0872 (Ion channel impairing toxin);KW-0960 (Knottin);KW-0528 (Neurotoxin);KW-0964 (Secreted);KW-0732 (Signal);KW-0800 (Toxin);KW-0738 (Voltage-gated sodium channel impairing toxin),Macrothelidae,Macrothele,,Beta-hexatoxin-Mg1a,TXMG5_MACGS
P83919,neurotoxin 19 (CSTX) family|IC,PF10530 (Toxin_35)|33.0,CL0083 (Omega_toxin),KW-0027 (Amidation);KW-0204 (Cytolysis);KW-0903 (Direct protein sequencing);KW-1015 (Disulfide bond);KW-0472 (Membrane);KW-0528 (Neurotoxin);KW-0964 (Secreted);KW-0732 (Signal);KW-1052 (Target cell membrane);KW-1053 (Target membrane);KW-0800 (Toxin),Ctenidae,Cupiennius,,Neurotoxic enhancer CSTX-13,TXC13_CUPSA
P83942,PDGF/VEGF growth factor family|IC,PF00341 (PDGF)|87.8,CL0079 (Cystine-knot),KW-0903 (Direct protein sequencing);KW-1015 (Disulfide bond);KW-0339 (Growth factor);KW-0873 (Pyrrolidone carboxylic acid);KW-0964 (Secreted);KW-0800 (Toxin),Viperidae,Vipera,,Snake venom vascular endothelial growth factor toxin HF,TXVE_VIPAP
P84035,venom metalloproteinase (M12B) family|IC,,,KW-1204 (Blood coagulation cascade activating toxin);KW-0903 (Direct protein sequencing);KW-1015 (Disulfide bond);KW-1206 (Fibrinogenolytic toxin);KW-1205 (Fibrinolytic toxin);KW-0325 (Glycoprotein);KW-1199 (Hemostasis impairing toxin);KW-0378 (Hydrolase);KW-0479 (Metal-binding);KW-0482 (Metalloprotease);KW-0645 (Protease);KW-0655 (Prothrombin activator);KW-0964 (Secreted);KW-0800 (Toxin);KW-0862 (Zinc),Viperidae,Bothrops,,Snake venom metalloproteinase basparin-A,VM3BA_BOTAS
P84777,short scorpion toxin superfamily|IC,PF00451 (Toxin_2)|39.4,CL0054 (Knottin_1),KW-0002 (3D-structure);KW-0903 (Direct protein sequencing);KW-1015 (Disulfide bond);KW-0872 (Ion channel impairing toxin);KW-0528 (Neurotoxin);KW-0632 (Potassium channel impairing toxin);KW-0873 (Pyrrolidone carboxylic acid);KW-0964 (Secreted);KW-0732 (Signal);KW-0800 (Toxin);KW-1220 (Voltage-gated potassium channel impairing toxin),Buthidae,Tityus,,Potassium channel toxin alpha-KTx 15.6,KA156_TITDI
P85253,cationic peptide 06 (cytoinsectotoxin) family|IC,PF10279 (Latarcin)|27.0,,KW-0044 (Antibiotic);KW-0929 (Antimicrobial);KW-0204 (Cytolysis);KW-0903 (Direct protein sequencing);KW-0354 (Hemolysis);KW-0964 (Secreted);KW-0732 (Signal);KW-0800 (Toxin),Zodariidae,Lachesana,cit 1-1,M-zodatoxin-Lt8a,CTX11_LACTA
P86092,venom metalloproteinase (M12B) family|IC,PF00200 (Disintegrin)|72.4;PF01421 (Reprolysin)|111.8;PF08516 (ADAM_CR)|67.1,CL0126 (Peptidase_MA);CL0750 (ADAM_CR_sf),KW-0106 (Calcium);KW-0903 (Direct protein sequencing);KW-1015 (Disulfide bond);KW-1206 (Fibrinogenolytic toxin);KW-1205 (Fibrinolytic toxin);KW-0325 (Glycoprotein);KW-1200 (Hemorrhagic toxin);KW-1199 (Hemostasis impairing toxin);KW-0378 (Hydrolase);KW-0479 (Metal-binding);KW-0482 (Metalloprotease);KW-1201 (Platelet aggregation inhibiting toxin);KW-0645 (Protease);KW-0964 (Secreted);KW-0800 (Toxin);KW-0862 (Zinc),Viperidae,Bothrops,,Zinc metalloproteinase leucurolysin-B,VM3LB_BOTLC
P86169,phospholipase A2 family|IC,PF00068 (Phospholip_A2_1)|116.3,CL0629 (PLA2),KW-0044 (Antibiotic);KW-0929 (Antimicrobial);KW-0106 (Calcium);KW-0903 (Direct protein sequencing);KW-1015 (Disulfide bond);KW-0378 (Hydrolase);KW-0442 (Lipid degradation);KW-0443 (Lipid metabolism);KW-0479 (Metal-binding);KW-0528 (Neurotoxin);KW-0638 (Presynaptic neurotoxin);KW-0964 (Secreted);KW-0800 (Toxin),Viperidae,Crotalus,,Basic phospholipase A2 A,PA2BA_CRODR
P86535,flavin monoamine oxidase family|SAM,,,KW-0044 (Antibiotic);KW-0929 (Antimicrobial);KW-0053 (Apoptosis);KW-0204 (Cytolysis);KW-0903 (Direct protein sequencing);KW-1015 (Disulfide bond);KW-0274 (FAD);KW-0285 (Flavoprotein);KW-0325 (Glycoprotein);KW-0354 (Hemolysis);KW-1199 (Hemostasis impairing toxin);KW-0560 (Oxidoreductase);KW-0964 (Secreted);KW-0800 (Toxin),Viperidae,Daboia,,L-amino-acid oxidase L1,OXLA1_DABRR
P86716,spiderine family|IC,,,KW-0002 (3D-structure);KW-0044 (Antibiotic);KW-0929 (Antimicrobial);KW-0204 (Cytolysis);KW-0903 (Direct protein sequencing);KW-1015 (Disulfide bond);KW-0960 (Knottin);KW-0964 (Secreted);KW-0732 (Signal);KW-0800 (Toxin),Oxyopidae,Oxyopes,,Spiderine-1a,SPN1A_OXYTA
Q00496,peptidase M27 family|IC,PF01742 (Peptidase_M27)|322.8;PF07951 (Toxin_R_bind_C)|102.3;PF07952 (Toxin_trans)|315.5;PF07953 (Toxin_R_bind_N)|203.9,CL0004 (Concanavalin);CL0066 (Trefoil);CL0126 (Peptidase_MA),KW-0002 (3D-structure);KW-0903 (Direct protein sequencing);KW-1015 (Disulfide bond);KW-1032 (Host cell membrane);KW-1035 (Host cytoplasm);KW-1036 (Host cytoplasmic vesicle);KW-1043 (Host membrane);KW-1051 (Host synapse);KW-0378 (Hydrolase);KW-0446 (Lipid-binding);KW-0472 (Membrane);KW-0479 (Metal-binding);KW-0482 (Metalloprotease);KW-0528 (Neurotoxin);KW-0645 (Protease);KW-0964 (Secreted);KW-0800 (Toxin);KW-0812 (Transmembrane);KW-0843 (Virulence);KW-0862 (Zinc),Clostridiaceae,Clostridium,botE,Botulinum neurotoxin type E,BXE_CLOBO
Q0NZX5,venom metalloproteinase (M12B) family|IC,PF00200 (Disintegrin)|61.5;PF01421 (Reprolysin)|201.9;PF01562 (Pep_M12B_propep)|63.4,CL0126 (Peptidase_MA),KW-0002 (3D-structure);KW-0053 (Apoptosis);KW-0106 (Calcium);KW-1217 (Cell adhesion impairing toxin);KW-0145 (Chemotaxis);KW-0903 (Direct protein sequencing);KW-1015 (Disulfide bond);KW-1199 (Hemostasis impairing toxin);KW-0378 (Hydrolase);KW-0479 (Metal-binding);KW-1201 (Platelet aggregation inhibiting toxin);KW-1185 (Reference proteome);KW-0964 (Secreted);KW-0732 (Signal);KW-0800 (Toxin);KW-0862 (Zinc);KW-0865 (Zymogen),Viperidae,Bothrops,,Zinc metalloproteinase/disintegrin,VM2JA_BOTJA
Q14FJ4,venom metalloproteinase (M12B) family|IC,PF01421 (Reprolysin)|193.6;PF01562 (Pep_M12B_propep)|62.2,CL0126 (Peptidase_MA),KW-1217 (Cell adhesion impairing toxin);KW-0903 (Direct protein sequencing);KW-1015 (Disulfide bond);KW-1199 (Hemostasis impairing toxin);KW-0378 (Hydrolase);KW-0479 (Metal-binding);KW-0482 (Metalloprotease);KW-1201 (Platelet aggregation inhibiting toxin);KW-0645 (Protease);KW-0964 (Secreted);KW-0732 (Signal);KW-0800 (Toxin);KW-0862 (Zinc);KW-0865 (Zymogen),Viperidae,Echis,,Zinc metalloproteinase/disintegrin,VM2OC_ECHOC
Q1HLC0,hemolin family|IC,PF07679 (I-set)|136.7;PF13927 (Ig_3)|143.1,CL0159 (E-set),KW-1204 (Blood coagulation cascade activating toxin);KW-1015 (Disulfide bond);KW-0325 (Glycoprotein);KW-1199 (Hemostasis impairing toxin);KW-0378 (Hydrolase);KW-0393 (Immunoglobulin domain);KW-0645 (Protease);KW-0677 (Repeat);KW-0964 (Secreted);KW-0720 (Serine protease);KW-0732 (Signal);KW-0800 (Toxin),Saturniidae,Lonomia,,Hemolin,LOSAC_LONON
Q25338,cationic peptide 01 (latrotoxin) family|IC,PF00023 (Ank)|230.0;PF12796 (Ank_2)|264.8,CL0465 (Ank),KW-0002 (3D-structure);KW-0040 (ANK repeat);KW-0165 (Cleavage on pair of basic residues);KW-0903 (Direct protein sequencing);KW-0268 (Exocytosis);KW-0472 (Membrane);KW-0528 (Neurotoxin);KW-0638 (Presynaptic neurotoxin);KW-0677 (Repeat);KW-0964 (Secreted);KW-0732 (Signal);KW-1052 (Target cell membrane);KW-1053 (Target membrane);KW-0800 (Toxin);KW-0812 (Transmembrane),Theridiidae,Latrodectus,,Delta-latroinsectotoxin-Lt1a,LITD_LATTR
Q2UXQ5,venom metalloproteinase (M12B) family|IC,PF00200 (Disintegrin)|69.9;PF01421 (Reprolysin)|215.6;PF01562 (Pep_M12B_propep)|60.6;PF08516 (ADAM_CR)|56.1,CL0126 (Peptidase_MA);CL0750 (ADAM_CR_sf),KW-1204 (Blood coagulation cascade activating toxin);KW-0106 (Calcium);KW-1217 (Cell adhesion impairing toxin);KW-0903 (Direct protein sequencing);KW-1015 (Disulfide bond);KW-0325 (Glycoprotein);KW-1200 (Hemorrhagic toxin);KW-1199 (Hemostasis impairing toxin);KW-0378 (Hydrolase);KW-0479 (Metal-binding);KW-0482 (Metalloprotease);KW-1201 (Platelet aggregation inhibiting toxin);KW-0645 (Protease);KW-0655 (Prothrombin activator);KW-0873 (Pyrrolidone carboxylic acid);KW-0964 (Secreted);KW-0732 (Signal);KW-0800 (Toxin);KW-0862 (Zinc);KW-0865 (Zymogen),Viperidae,Echis,Svmp3-Eoc22,Zinc metalloproteinase-disintegrin-like EoVMP2,VM3E2_ECHOC
Q40772,ribosome-inactivating protein family|IC,PF00161 (RIP)|102.9,,KW-0002 (3D-structure);KW-0051 (Antiviral defense);KW-0903 (Direct protein sequencing);KW-1015 (Disulfide bond);KW-0378 (Hydrolase);KW-0611 (Plant defense);KW-0652 (Protein synthesis inhibitor);KW-0732 (Signal);KW-0800 (Toxin),Phytolaccaceae,Phytolacca,PAP2,Antiviral protein II/III,RIP2_PHYAM
Q48R29,peptidase C10 family|IC,PF01640 (Peptidase_C10)|190.8;PF13734 (Inhibitor_I69)|53.6,CL0125 (Peptidase_CA),KW-0068 (Autocatalytic cleavage);KW-1035 (Host cytoplasm);KW-0378 (Hydrolase);KW-0488 (Methylation);KW-0645 (Protease);KW-0964 (Secreted);KW-0732 (Signal);KW-0788 (Thiol protease);KW-0800 (Toxin);KW-0843 (Virulence);KW-0865 (Zymogen),Streptococcaceae,Streptococcus,speB,Streptopain,SPEB_STRPM
Q4PRD1,snaclec family|IC,PF00059 (Lectin_C)|52.6,CL0056 (C_Lectin),KW-0002 (3D-structure);KW-1204 (Blood coagulation cascade activating toxin);KW-0106 (Calcium);KW-0903 (Direct protein sequencing);KW-1015 (Disulfide bond);KW-0325 (Glycoprotein);KW-1199 (Hemostasis impairing toxin);KW-0479 (Metal-binding);KW-0964 (Secreted);KW-0732 (Signal);KW-0800 (Toxin),Viperidae,Daboia,LC1,Snaclec coagulation factor X-activating enzyme light chain 1,SLLC1_DABSI
Q56VR3,peptidase S1 family|SAM,PF00008 (EGF)|34.3;PF00089 (Trypsin)|187.1;PF00594 (Gla)|70.6;PF14670 (FXa_inhibition)|43.8,CL0001 (EGF);CL0124 (Peptidase_PA),KW-0002 (3D-structure);KW-1204 (Blood coagulation cascade activating toxin);KW-0106 (Calcium);KW-0165 (Cleavage on pair of basic residues);KW-0903 (Direct protein sequencing);KW-1015 (Disulfide bond);KW-0245 (EGF-like domain);KW-0301 (Gamma-carboxyglutamic acid);KW-0325 (Glycoprotein);KW-1199 (Hemostasis impairing toxin);KW-0378 (Hydrolase);KW-0582 (Pharmaceutical);KW-0645 (Protease);KW-0655 (Prothrombin activator);KW-1185 (Reference proteome);KW-0677 (Repeat);KW-0964 (Secreted);KW-0720 (Serine protease);KW-0732 (Signal);KW-0800 (Toxin),Elapidae,Pseudonaja,,Venom prothrombin activator pseutarin-C catalytic subunit,FAXC_PSETE
Q58L95,peptidase S1 family|SAM,PF00008 (EGF)|29.8;PF00089 (Trypsin)|191.6;PF00594 (Gla)|70.2;PF14670 (FXa_inhibition)|45.0,CL0001 (EGF);CL0124 (Peptidase_PA),KW-1204 (Blood coagulation cascade activating toxin);KW-0106 (Calcium);KW-0165 (Cleavage on pair of basic residues);KW-1015 (Disulfide bond);KW-0245 (EGF-like domain);KW-0301 (Gamma-carboxyglutamic acid);KW-0325 (Glycoprotein);KW-1199 (Hemostasis impairing toxin);KW-0378 (Hydrolase);KW-0645 (Protease);KW-0655 (Prothrombin activator);KW-0677 (Repeat);KW-0964 (Secreted);KW-0720 (Serine protease);KW-0732 (Signal);KW-0800 (Toxin),Elapidae,Oxyuranus,,Venom prothrombin activator omicarin-C catalytic subunit,FAXC_OXYMI
Q5EK40,,PF09009 (Exotox-A_cataly)|141.0;PF09101 (Exotox-A_bind)|511.7;PF09102 (Exotox-A_target)|98.1,CL0004 (Concanavalin);CL0084 (ADP-ribosyl),KW-0002 (3D-structure);KW-1015 (Disulfide bond);KW-0328 (Glycosyltransferase);KW-0520 (NAD);KW-0548 (Nucleotidyltransferase);KW-0732 (Signal);KW-0800 (Toxin);KW-0808 (Transferase);KW-0843 (Virulence),Vibrionaceae,Vibrio,chxA,Cholix toxin,CHXA_VIBCL
Q5TVM9,5'-nucleotidase family|SAM,PF00149 (Metallophos)|58.4;PF02872 (5_nucleotid_C)|112.9,CL0163 (Calcineurin);CL0781 (NadN_C),KW-1203 (Blood coagulation cascade inhibiting toxin);KW-0325 (Glycoprotein);KW-1199 (Hemostasis impairing toxin);KW-0378 (Hydrolase);KW-0479 (Metal-binding);KW-0547 (Nucleotide-binding);KW-1201 (Platelet aggregation inhibiting toxin);KW-1185 (Reference proteome);KW-0964 (Secreted);KW-0732 (Signal);KW-0800 (Toxin),Culicidae,Anopheles,,Apyrase,APY_ANOGA
Q63KH5,Cif family|IC,PF16374 (CIF)|261.7,CL0125 (Peptidase_CA),KW-0002 (3D-structure);KW-1048 (Host nucleus);KW-0378 (Hydrolase);KW-1185 (Reference proteome);KW-0964 (Secreted);KW-0800 (Toxin);KW-0843 (Virulence),Burkholderiaceae,Burkholderia,cif,Protein-glutamine deamidase Cif,CIF_BURPS
Q6EER2,phospholipase A2 family|IC,PF00068 (Phospholip_A2_1)|115.5,CL0629 (PLA2),KW-0106 (Calcium);KW-0903 (Direct protein sequencing);KW-1015 (Disulfide bond);KW-0378 (Hydrolase);KW-0442 (Lipid degradation);KW-0443 (Lipid metabolism);KW-0479 (Metal-binding);KW-0528 (Neurotoxin);KW-0638 (Presynaptic neurotoxin);KW-0964 (Secreted);KW-0732 (Signal);KW-0800 (Toxin),Viperidae,Sistrurus,,Basic phospholipase A2 sistruxin B,PA2BB_SISTE
Q6PXP0,phospholipase A2 family|IC,PF05826 (Phospholip_A2_2)|92.2,CL0629 (PLA2),KW-0106 (Calcium);KW-0204 (Cytolysis);KW-0903 (Direct protein sequencing);KW-1015 (Disulfide bond);KW-0325 (Glycoprotein);KW-0354 (Hemolysis);KW-1199 (Hemostasis impairing toxin);KW-0378 (Hydrolase);KW-0442 (Lipid degradation);KW-0443 (Lipid metabolism);KW-0479 (Metal-binding);KW-1201 (Platelet aggregation inhibiting toxin);KW-0964 (Secreted);KW-0732 (Signal);KW-0800 (Toxin);KW-0865 (Zymogen),Chactidae,Anuroctonus,,Phospholipase A2 phaiodactylipin,PA2_ANUPH
Q6STF1,flavin monoamine oxidase family|IC,PF01593 (Amino_oxidase)|273.0,CL0063 (NADP_Rossmann),KW-0002 (3D-structure);KW-0044 (Antibiotic);KW-0929 (Antimicrobial);KW-0053 (Apoptosis);KW-0204 (Cytolysis);KW-0903 (Direct protein sequencing);KW-1015 (Disulfide bond);KW-0274 (FAD);KW-0285 (Flavoprotein);KW-0325 (Glycoprotein);KW-0354 (Hemolysis);KW-1200 (Hemorrhagic toxin);KW-1199 (Hemostasis impairing toxin);KW-0560 (Oxidoreductase);KW-0964 (Secreted);KW-0732 (Signal);KW-0800 (Toxin),Viperidae,Gloydius,,L-amino-acid oxidase,OXLA_GLOHA
Q6T271,venom metalloproteinase (M12B) family|IC,PF00200 (Disintegrin)|38.4;PF01421 (Reprolysin)|203.9,CL0126 (Peptidase_MA),KW-1217 (Cell adhesion impairing toxin);KW-0903 (Direct protein sequencing);KW-1015 (Disulfide bond);KW-1199 (Hemostasis impairing toxin);KW-0378 (Hydrolase);KW-0479 (Metal-binding);KW-0482 (Metalloprotease);KW-0645 (Protease);KW-0873 (Pyrrolidone carboxylic acid);KW-0964 (Secreted);KW-0800 (Toxin);KW-0862 (Zinc);KW-0865 (Zymogen),Viperidae,Bitis,,Zinc metalloproteinase/disintegrin,VM2BI_BITGA
Q7LZ09,natriuretic peptide family|IC,PF00212 (ANP)|52.4,,KW-0002 (3D-structure);KW-0903 (Direct protein sequencing);KW-1015 (Disulfide bond);KW-1199 (Hemostasis impairing toxin);KW-0382 (Hypotensive agent);KW-1201 (Platelet aggregation inhibiting toxin);KW-0964 (Secreted);KW-0800 (Toxin),Viperidae,Macrovipera,,Lebetin-2-alpha,LEB_MACLB
Q7SID6,phospholipase A2 family|IC,PF00068 (Phospholip_A2_1)|108.7,CL0629 (PLA2),KW-0002 (3D-structure);KW-0106 (Calcium);KW-1015 (Disulfide bond);KW-1199 (Hemostasis impairing toxin);KW-0378 (Hydrolase);KW-0442 (Lipid degradation);KW-0443 (Lipid metabolism);KW-0479 (Metal-binding);KW-1201 (Platelet aggregation inhibiting toxin);KW-0964 (Secreted);KW-0800 (Toxin),Viperidae,Deinagkistrodon,,Acidic phospholipase A2,PA2A_DEIAC
Q7T046,venom metalloproteinase (M12B) family|IC,PF00200 (Disintegrin)|79.7;PF01421 (Reprolysin)|197.0;PF01562 (Pep_M12B_propep)|63.0;PF08516 (ADAM_CR)|60.7,CL0126 (Peptidase_MA);CL0750 (ADAM_CR_sf),KW-1204 (Blood coagulation cascade activating toxin);KW-0106 (Calcium);KW-0903 (Direct protein sequencing);KW-1015 (Disulfide bond);KW-0325 (Glycoprotein);KW-1199 (Hemostasis impairing toxin);KW-0378 (Hydrolase);KW-0479 (Metal-binding);KW-0482 (Metalloprotease);KW-0645 (Protease);KW-0964 (Secreted);KW-0732 (Signal);KW-0800 (Toxin);KW-0862 (Zinc);KW-0865 (Zymogen),Viperidae,Macrovipera,,Coagulation factor X-activating enzyme heavy chain,VM3CX_MACLB
Q7T1M3,In the N-terminal section|IC,,,KW-0963 (Cytoplasm);KW-0903 (Direct protein sequencing);KW-0382 (Hypotensive agent);KW-0481 (Metalloenzyme inhibitor);KW-0483 (Metalloprotease inhibitor);KW-0646 (Protease inhibitor);KW-0873 (Pyrrolidone carboxylic acid);KW-0964 (Secreted);KW-0732 (Signal);KW-0800 (Toxin);KW-0838 (Vasoactive),Viperidae,Bothrops,,Bradykinin-potentiating and C-type natriuretic peptides isoform 2,BNP_BOTJR
Q7YT39,neurotoxin 10 (Hwtx-1) family|IC,,,KW-0002 (3D-structure);KW-0027 (Amidation);KW-0044 (Antibiotic);KW-0929 (Antimicrobial);KW-0903 (Direct protein sequencing);KW-1015 (Disulfide bond);KW-0872 (Ion channel impairing toxin);KW-0960 (Knottin);KW-0446 (Lipid-binding);KW-0528 (Neurotoxin);KW-0632 (Potassium channel impairing toxin);KW-0964 (Secreted);KW-0732 (Signal);KW-0800 (Toxin);KW-1220 (Voltage-gated potassium channel impairing toxin);KW-0738 (Voltage-gated sodium channel impairing toxin),Theraphosidae,Grammostola,,M-theraphotoxin-Gr1a,MTX4_GRARO
Q7ZTA7,phospholipase A2 family|IC,PF00068 (Phospholip_A2_1)|110.3,CL0629 (PLA2),KW-0106 (Calcium);KW-0903 (Direct protein sequencing);KW-1015 (Disulfide bond);KW-1199 (Hemostasis impairing toxin);KW-0378 (Hydrolase);KW-0442 (Lipid degradation);KW-0443 (Lipid metabolism);KW-0479 (Metal-binding);KW-0959 (Myotoxin);KW-1201 (Platelet aggregation inhibiting toxin);KW-0964 (Secreted);KW-0732 (Signal);KW-0800 (Toxin),Viperidae,Crotalus,,Acidic phospholipase A2 CoaPLA2,PA2AD_CROLY
Q7ZTA8,phospholipase A2 family|IC,PF00068 (Phospholip_A2_1)|111.6,CL0629 (PLA2),KW-0106 (Calcium);KW-0903 (Direct protein sequencing);KW-1015 (Disulfide bond);KW-1199 (Hemostasis impairing toxin);KW-0378 (Hydrolase);KW-0442 (Lipid degradation);KW-0443 (Lipid metabolism);KW-0479 (Metal-binding);KW-1201 (Platelet aggregation inhibiting toxin);KW-0964 (Secreted);KW-0732 (Signal);KW-0800 (Toxin),Viperidae,Crotalus,,Acidic phospholipase A2 Cvv-E6e,PA2AE_CROVV
Q805F6,venom metalloproteinase (M12B) family|IC,PF00200 (Disintegrin)|54.0;PF01421 (Reprolysin)|214.6;PF01562 (Pep_M12B_propep)|62.6,CL0126 (Peptidase_MA),KW-0002 (3D-structure);KW-0106 (Calcium);KW-1217 (Cell adhesion impairing toxin);KW-0903 (Direct protein sequencing);KW-1015 (Disulfide bond);KW-1199 (Hemostasis impairing toxin);KW-0378 (Hydrolase);KW-0479 (Metal-binding);KW-0482 (Metalloprotease);KW-1201 (Platelet aggregation inhibiting toxin);KW-0645 (Protease);KW-0964 (Secreted);KW-0732 (Signal);KW-0800 (Toxin);KW-0862 (Zinc);KW-0865 (Zymogen),Viperidae,Agkistrodon,,Zinc metalloproteinase/disintegrin,VM2AB_AGKCO
Q8AY80,peptidase S1 family|SAM,PF00089 (Trypsin)|208.6,CL0124 (Peptidase_PA),KW-1015 (Disulfide bond);KW-1206 (Fibrinogenolytic toxin);KW-0325 (Glycoprotein);KW-1199 (Hemostasis impairing toxin);KW-0378 (Hydrolase);KW-0645 (Protease);KW-0964 (Secreted);KW-0720 (Serine protease);KW-0732 (Signal);KW-0800 (Toxin);KW-0865 (Zymogen),Viperidae,Trimeresurus,,Alpha- and beta-fibrinogenase stejnefibrase-1,VSPS1_TRIST
Q8I914,arthropod phospholipase D family|IC,,,KW-0002 (3D-structure);KW-0204 (Cytolysis);KW-1061 (Dermonecrotic toxin);KW-1015 (Disulfide bond);KW-0354 (Hemolysis);KW-0442 (Lipid degradation);KW-0443 (Lipid metabolism);KW-0456 (Lyase);KW-0460 (Magnesium);KW-0479 (Metal-binding);KW-0964 (Secreted);KW-0732 (Signal);KW-0800 (Toxin);KW-0865 (Zymogen),Sicariidae,Loxosceles,,Dermonecrotic toxin LlSicTox-alphaIII1i,A311_LOXLA
Q90YA6,venom metalloproteinase (M12B) family|IC,PF00200 (Disintegrin)|60.6;PF01421 (Reprolysin)|207.9;PF01562 (Pep_M12B_propep)|61.1,CL0126 (Peptidase_MA),KW-1217 (Cell adhesion impairing toxin);KW-0903 (Direct protein sequencing);KW-1015 (Disulfide bond);KW-1199 (Hemostasis impairing toxin);KW-0378 (Hydrolase);KW-0479 (Metal-binding);KW-0482 (Metalloprotease);KW-1201 (Platelet aggregation inhibiting toxin);KW-0645 (Protease);KW-0964 (Secreted);KW-0732 (Signal);KW-0800 (Toxin);KW-0862 (Zinc);KW-0865 (Zymogen),Viperidae,Protobothrops,,Zinc metalloproteinase/disintegrin,VM2E2_PROEL
Q91053,peptidase S1 family|SAM,PF00089 (Trypsin)|207.3,CL0124 (Peptidase_PA),KW-1204 (Blood coagulation cascade activating toxin);KW-1015 (Disulfide bond);KW-0325 (Glycoprotein);KW-1199 (Hemostasis impairing toxin);KW-0378 (Hydrolase);KW-0645 (Protease);KW-0964 (Secreted);KW-0720 (Serine protease);KW-0732 (Signal);KW-0800 (Toxin);KW-0865 (Zymogen),Viperidae,Gloydius,,Thrombin-like enzyme calobin-1,VSP1_GLOUS
Q91511,peptidase S1 family|SAM,PF00089 (Trypsin)|210.9,CL0124 (Peptidase_PA),KW-1015 (Disulfide bond);KW-1206 (Fibrinogenolytic toxin);KW-0325 (Glycoprotein);KW-1199 (Hemostasis impairing toxin);KW-0378 (Hydrolase);KW-0382 (Hypotensive agent);KW-0645 (Protease);KW-0964 (Secreted);KW-0720 (Serine protease);KW-0732 (Signal);KW-0800 (Toxin);KW-0865 (Zymogen),Viperidae,Protobothrops,,Beta-fibrinogenase mucrofibrase-5,VSP5_PROMU
Q92035,type-B carboxylesterase/lipase family|IC,PF00135 (COesterase)|568.7;PF08674 (AChE_tetra)|59.2,CL0028 (AB_hydrolase),KW-0002 (3D-structure);KW-0025 (Alternative splicing);KW-1003 (Cell membrane);KW-0903 (Direct protein sequencing);KW-1015 (Disulfide bond);KW-0325 (Glycoprotein);KW-0378 (Hydrolase);KW-0472 (Membrane);KW-0531 (Neurotransmitter degradation);KW-0964 (Secreted);KW-0719 (Serine esterase);KW-0732 (Signal);KW-0770 (Synapse);KW-0800 (Toxin),Elapidae,Bungarus,ACHE,Acetylcholinesterase,ACES_BUNFA
Q95P90,long (3 C-C) scorpion toxin superfamily|IC,PF00537 (Toxin_3)|22.7,CL0054 (Knottin_1),KW-0152 (Cholesterol biosynthesis);KW-0153 (Cholesterol metabolism);KW-0903 (Direct protein sequencing);KW-1015 (Disulfide bond);KW-1213 (G-protein coupled receptor impairing toxin);KW-0872 (Ion channel impairing toxin);KW-0444 (Lipid biosynthesis);KW-0443 (Lipid metabolism);KW-0528 (Neurotoxin);KW-0632 (Potassium channel impairing toxin);KW-0691 (RNA editing);KW-0964 (Secreted);KW-0732 (Signal);KW-0752 (Steroid biosynthesis);KW-0753 (Steroid metabolism);KW-0756 (Sterol biosynthesis);KW-1207 (Sterol metabolism);KW-0800 (Toxin);KW-1220 (Voltage-gated potassium channel impairing toxin);KW-0738 (Voltage-gated sodium channel impairing toxin),Buthidae,Olivierus,,HMG-CoA reductase inhibitor bumarsin,LV1B_OLIMR
Q9BH73,conotoxin M superfamily|IC,PF02950 (Conotoxin)|54.5,CL0083 (Omega_toxin),KW-0027 (Amidation);KW-0102 (Bromination);KW-0903 (Direct protein sequencing);KW-1015 (Disulfide bond);KW-0528 (Neurotoxin);KW-0964 (Secreted);KW-0732 (Signal);KW-0800 (Toxin),Conidae,Conus,,Conotoxin elongated-tx3a-a,CM3A_CONTE
Q9BKB7,short scorpion toxin superfamily|IC,PF00451 (Toxin_2)|47.0,CL0054 (Knottin_1),KW-0002 (3D-structure);KW-0903 (Direct protein sequencing);KW-1015 (Disulfide bond);KW-0872 (Ion channel impairing toxin);KW-0528 (Neurotoxin);KW-0632 (Potassium channel impairing toxin);KW-0964 (Secreted);KW-0732 (Signal);KW-0800 (Toxin);KW-1220 (Voltage-gated potassium channel impairing toxin),Buthidae,Mesobuthus,,Potassium channel toxin gamma-KTx 2.1,KGX21_MESEU
Q9DF33,phospholipase A2 family|IC,PF00068 (Phospholip_A2_1)|123.1,CL0629 (PLA2),KW-0002 (3D-structure);KW-1203 (Blood coagulation cascade inhibiting toxin);KW-0106 (Calcium);KW-1015 (Disulfide bond);KW-1199 (Hemostasis impairing toxin);KW-0378 (Hydrolase);KW-0442 (Lipid degradation);KW-0443 (Lipid metabolism);KW-0479 (Metal-binding);KW-0964 (Secreted);KW-0732 (Signal);KW-0800 (Toxin),Elapidae,Ophiophagus,,Acidic phospholipase A2 2,PA2A2_OPHHA
Q9I834,phospholipase A2 family|IC,PF00068 (Phospholip_A2_1)|113.5,CL0629 (PLA2),KW-0002 (3D-structure);KW-0044 (Antibiotic);KW-0929 (Antimicrobial);KW-0903 (Direct protein sequencing);KW-1015 (Disulfide bond);KW-0295 (Fungicide);KW-0959 (Myotoxin);KW-0528 (Neurotoxin);KW-0629 (Postsynaptic neurotoxin);KW-0964 (Secreted);KW-0800 (Toxin),Viperidae,Bothrops,,Basic phospholipase A2 homolog myotoxin II,PA2H2_BOTMO
Q9I8X1,peptidase S1 family|SAM,PF00089 (Trypsin)|194.9,CL0124 (Peptidase_PA),KW-0002 (3D-structure);KW-0903 (Direct protein sequencing);KW-1015 (Disulfide bond);KW-1206 (Fibrinogenolytic toxin);KW-0325 (Glycoprotein);KW-1199 (Hemostasis impairing toxin);KW-0378 (Hydrolase);KW-0645 (Protease);KW-0964 (Secreted);KW-0720 (Serine protease);KW-0732 (Signal);KW-0800 (Toxin);KW-0865 (Zymogen),Viperidae,Deinagkistrodon,,Snake venom serine protease Dav-PA,VSPP_DEIAC
Q9PTU8,peptidase S1 family|SAM,PF00089 (Trypsin)|199.8,CL0124 (Peptidase_PA),KW-0903 (Direct protein sequencing);KW-1015 (Disulfide bond);KW-1206 (Fibrinogenolytic toxin);KW-0325 (Glycoprotein);KW-1199 (Hemostasis impairing toxin);KW-0378 (Hydrolase);KW-0645 (Protease);KW-0964 (Secreted);KW-0720 (Serine protease);KW-0732 (Signal);KW-0800 (Toxin);KW-0865 (Zymogen),Viperidae,Bothrops,,Snake venom serine protease BPA,VSP3_BOTJA
Q9PVF1,phospholipase A2 family|IC,PF00068 (Phospholip_A2_1)|107.7,CL0629 (PLA2),KW-0106 (Calcium);KW-1015 (Disulfide bond);KW-1199 (Hemostasis impairing toxin);KW-0378 (Hydrolase);KW-0442 (Lipid degradation);KW-0443 (Lipid metabolism);KW-0479 (Metal-binding);KW-1201 (Platelet aggregation inhibiting toxin);KW-0964 (Secreted);KW-0732 (Signal);KW-0800 (Toxin),Viperidae,Calloselasma,,Acidic phospholipase A2 S1E6-a,PA2AA_CALRH
Q9PVF2,phospholipase A2 family|IC,PF00068 (Phospholip_A2_1)|114.9,CL0629 (PLA2),KW-0106 (Calcium);KW-1015 (Disulfide bond);KW-1199 (Hemostasis impairing toxin);KW-0378 (Hydrolase);KW-0442 (Lipid degradation);KW-0443 (Lipid metabolism);KW-0479 (Metal-binding);KW-1201 (Platelet aggregation inhibiting toxin);KW-0964 (Secreted);KW-0732 (Signal);KW-0800 (Toxin),Viperidae,Calloselasma,,Acidic phospholipase A2 H1E6,PA2AE_CALRH
Q9PW56,In the N-terminal section|IC,PF00212 (ANP)|48.3,,KW-0165 (Cleavage on pair of basic residues);KW-0963 (Cytoplasm);KW-0903 (Direct protein sequencing);KW-1015 (Disulfide bond);KW-1213 (G-protein coupled receptor impairing toxin);KW-0382 (Hypotensive agent);KW-0481 (Metalloenzyme inhibitor);KW-0483 (Metalloprotease inhibitor);KW-0646 (Protease inhibitor);KW-0873 (Pyrrolidone carboxylic acid);KW-0964 (Secreted);KW-0732 (Signal);KW-0800 (Toxin);KW-0838 (Vasoactive);KW-0840 (Vasodilator),Viperidae,Bothrops,,Bradykinin-potentiating and C-type natriuretic peptides,BNP2_BOTJA
Q9PWF3,crotamine-myotoxin family|IC,PF00819 (Myotoxins)|103.3,CL0075 (Defensin),KW-0002 (3D-structure);KW-0044 (Antibiotic);KW-0929 (Antimicrobial);KW-0903 (Direct protein sequencing);KW-1015 (Disulfide bond);KW-0295 (Fungicide);KW-0872 (Ion channel impairing toxin);KW-0959 (Myotoxin);KW-0528 (Neurotoxin);KW-0582 (Pharmaceutical);KW-0632 (Potassium channel impairing toxin);KW-0964 (Secreted);KW-0732 (Signal);KW-0800 (Toxin);KW-1220 (Voltage-gated potassium channel impairing toxin),Viperidae,Crotalus,CRO2,Crotamine,MYC2_CRODU
R4ZCU1,sea anemone BBH family|IC,,,KW-0002 (3D-structure);KW-0165 (Cleavage on pair of basic residues);KW-0903 (Direct protein sequencing);KW-1015 (Disulfide bond);KW-0872 (Ion channel impairing toxin);KW-0166 (Nematocyst);KW-0528 (Neurotoxin);KW-1275 (Proton-gated sodium channel impairing toxin);KW-0964 (Secreted);KW-0732 (Signal);KW-0800 (Toxin),Actiniidae,Urticina,,Precursor protein UG,BBHUG_URTGR
V5TBK6,venom metalloproteinase (M12B) family|TAS,PF00200 (Disintegrin)|76.8;PF01421 (Reprolysin)|208.9;PF01562 (Pep_M12B_propep)|68.2;PF08516 (ADAM_CR)|70.3,CL0126 (Peptidase_MA);CL0750 (ADAM_CR_sf),KW-0106 (Calcium);KW-1217 (Cell adhesion impairing toxin);KW-0903 (Direct protein sequencing);KW-1015 (Disulfide bond);KW-1206 (Fibrinogenolytic toxin);KW-0325 (Glycoprotein);KW-1200 (Hemorrhagic toxin);KW-1199 (Hemostasis impairing toxin);KW-0378 (Hydrolase);KW-0479 (Metal-binding);KW-0482 (Metalloprotease);KW-1201 (Platelet aggregation inhibiting toxin);KW-0645 (Protease);KW-0873 (Pyrrolidone carboxylic acid);KW-0964 (Secreted);KW-0732 (Signal);KW-0800 (Toxin);KW-0862 (Zinc);KW-0865 (Zymogen),Viperidae,Vipera,,Zinc metalloproteinase-disintegrin-like protein H4 subunit A,VMH4A_VIPAA
X5IWS1,conotoxin O1 superfamily|IC,PF02950 (Conotoxin)|40.3,CL0083 (Omega_toxin),KW-0002 (3D-structure);KW-0102 (Bromination);KW-0903 (Direct protein sequencing);KW-1015 (Disulfide bond);KW-0379 (Hydroxylation);KW-0872 (Ion channel impairing toxin);KW-0960 (Knottin);KW-0528 (Neurotoxin);KW-0964 (Secreted);KW-0732 (Signal);KW-0800 (Toxin);KW-0738 (Voltage-gated sodium channel impairing toxin),Conidae,Conus,,Mu-conotoxin GVIIJ,O17J_CONGE
A0A0B5A8P4,insulin family,PF00049 (Insulin)|39.3,CL0239 (Insulin),KW-0027 (Amidation);KW-0119 (Carbohydrate metabolism);KW-0165 (Cleavage on pair of basic residues);KW-0903 (Direct protein sequencing);KW-1015 (Disulfide bond);KW-0301 (Gamma-carboxyglutamic acid);KW-0313 (Glucose metabolism);KW-0372 (Hormone);KW-0379 (Hydroxylation);KW-0964 (Secreted);KW-0732 (Signal);KW-0800 (Toxin),Conidae,Conus,,Con-Ins G3,INS3A_CONGE
A0A0B5AC95,insulin family|IC,PF00049 (Insulin)|39.1,CL0239 (Insulin),KW-0002 (3D-structure);KW-0027 (Amidation);KW-0119 (Carbohydrate metabolism);KW-0165 (Cleavage on pair of basic residues);KW-0903 (Direct protein sequencing);KW-1015 (Disulfide bond);KW-0301 (Gamma-carboxyglutamic acid);KW-0313 (Glucose metabolism);KW-0372 (Hormone);KW-0379 (Hydroxylation);KW-0964 (Secreted);KW-0732 (Signal);KW-0800 (Toxin),Conidae,Conus,,Con-Ins G1a,INS1A_CONGE
A0A0H3NK84,glycosyltransferase NleB family|IC,,,KW-0002 (3D-structure);KW-0325 (Glycoprotein);KW-0328 (Glycosyltransferase);KW-1035 (Host cytoplasm);KW-0464 (Manganese);KW-0479 (Metal-binding);KW-1185 (Reference proteome);KW-0964 (Secreted);KW-0800 (Toxin);KW-0808 (Transferase);KW-0843 (Virulence),Enterobacteriaceae,Salmonella,sseK1,Protein-arginine N-acetylglucosaminyltransferase SseK1,SSEK1_SALTS
A0A193CHJ5,phospholipase A2 family|IC,,,KW-1203 (Blood coagulation cascade inhibiting toxin);KW-0106 (Calcium);KW-0903 (Direct protein sequencing);KW-1015 (Disulfide bond);KW-1199 (Hemostasis impairing toxin);KW-0378 (Hydrolase);KW-0872 (Ion channel impairing toxin);KW-0442 (Lipid degradation);KW-0443 (Lipid metabolism);KW-0479 (Metal-binding);KW-0528 (Neurotoxin);KW-0638 (Presynaptic neurotoxin);KW-0964 (Secreted);KW-0732 (Signal);KW-0800 (Toxin),Viperidae,Crotalus,,Phospholipase A2 crotoxin basic subunit CBc,PA2BC_CROTA
A0A2D0TC04,nucleotide pyrophosphatase/phosphodiesterase family|IC,PF01033 (Somatomedin_B)|65.8;PF01223 (Endonuclease_NS)|34.1;PF01663 (Phosphodiest)|342.4,CL0088 (Alk_phosphatase);CL0263 (His-Me_finger),KW-0002 (3D-structure);KW-1015 (Disulfide bond);KW-0325 (Glycoprotein);KW-1199 (Hemostasis impairing toxin);KW-0378 (Hydrolase);KW-0479 (Metal-binding);KW-1201 (Platelet aggregation inhibiting toxin);KW-0677 (Repeat);KW-0964 (Secreted);KW-0800 (Toxin),Elapidae,Naja,,Venom phosphodiesterase,PDE_NAJAT
A0A2L0ART2,scoloptoxin-15 family|IC,,,KW-0002 (3D-structure);KW-0903 (Direct protein sequencing);KW-1015 (Disulfide bond);KW-0872 (Ion channel impairing toxin);KW-0632 (Potassium channel impairing toxin);KW-0964 (Secreted);KW-0732 (Signal);KW-0800 (Toxin);KW-1220 (Voltage-gated potassium channel impairing toxin),Scolopendridae,Scolopendra,,Mu-scoloptoxin(15)-Ssm1a,TXF1A_SCOMU
A0A2S3R7M0,,PF00561 (Abhydrolase_1)|44.5;PF07634 (RtxA)|286.4;PF11647 (MLD)|190.5;PF11713 (Peptidase_C80)|187.4;PF20899 (PMT_C2)|49.1;PF21735 (RtxA_C)|57.4;PF27349 (IcsB_M)|295.4,CL0028 (AB_hydrolase);CL0093 (Peptidase_CD);CL0592 (beta_Roll),KW-0002 (3D-structure);KW-0012 (Acyltransferase);KW-0068 (Autocatalytic cleavage);KW-1032 (Host cell membrane);KW-1035 (Host cytoplasm);KW-1043 (Host membrane);KW-0378 (Hydrolase);KW-0436 (Ligase);KW-0446 (Lipid-binding);KW-0460 (Magnesium);KW-0472 (Membrane);KW-0479 (Metal-binding);KW-0511 (Multifunctional enzyme);KW-0645 (Protease);KW-0677 (Repeat);KW-0964 (Secreted);KW-0732 (Signal);KW-0788 (Thiol protease);KW-0800 (Toxin);KW-0808 (Transferase);KW-0843 (Virulence),Vibrionaceae,Vibrio,,Multifunctional-autoprocessing repeats-in-toxin,MARTX_VIBVL
A0A2Z5Z9X0,actinoporin family|IC,PF06369 (Anemone_cytotox)|276.6,CL0872 (PfC-like),KW-0165 (Cleavage on pair of basic residues);KW-0204 (Cytolysis);KW-0472 (Membrane);KW-0166 (Nematocyst);KW-0964 (Secreted);KW-0732 (Signal);KW-1052 (Target cell membrane);KW-1053 (Target membrane);KW-0800 (Toxin),Actiniidae,Cribrinopsis,,Deep-sea actinoporin Cjtox I,ACT1_CRIJA
A0A482PDI9,glycosyltransferase NleB family|IC,PF24688 (SseK_NleB)|577.9,CL0110 (GT-A),KW-0325 (Glycoprotein);KW-0328 (Glycosyltransferase);KW-0464 (Manganese);KW-0479 (Metal-binding);KW-0964 (Secreted);KW-0800 (Toxin);KW-0808 (Transferase);KW-0843 (Virulence),Enterobacteriaceae,Citrobacter,nleB,Protein-arginine N-acetylglucosaminyltransferase NleB,NLEB_CITRO
A0A8B7DWS6,actinoporin family|IC,PF06369 (Anemone_cytotox)|49.1,CL0872 (PfC-like),KW-0002 (3D-structure);KW-0204 (Cytolysis);KW-0472 (Membrane);KW-0166 (Nematocyst);KW-0964 (Secreted);KW-0732 (Signal);KW-1052 (Target cell membrane);KW-1053 (Target membrane);KW-0800 (Toxin);KW-0812 (Transmembrane),Hydridae,Hydra,,Hydra actinoporin-like toxin 1,ACTL1_HYDVU
A1YKW7,RTX prokaryotic toxin (TC 1|IC,PF00353 (HemolysinCabind)|59.4;PF02382 (RTX)|480.4;PF08339 (RTX_C)|228.4,CL0592 (beta_Roll),KW-0204 (Cytolysis);KW-1032 (Host cell membrane);KW-1043 (Host membrane);KW-0449 (Lipoprotein);KW-0472 (Membrane);KW-0519 (Myristate);KW-0677 (Repeat);KW-0964 (Secreted);KW-0800 (Toxin);KW-0843 (Virulence),Neisseriaceae,Kingella,rtxA,Cytolysin RtxA,RTXA_KINKI
B1P1E1,neurotoxin 10 (Hwtx-1) family|IC,PF07740 (Toxin_12)|29.2,CL0083 (Omega_toxin),KW-0027 (Amidation);KW-0903 (Direct protein sequencing);KW-1015 (Disulfide bond);KW-0872 (Ion channel impairing toxin);KW-0960 (Knottin);KW-0632 (Potassium channel impairing toxin);KW-0964 (Secreted);KW-0732 (Signal);KW-0800 (Toxin);KW-1220 (Voltage-gated potassium channel impairing toxin);KW-0738 (Voltage-gated sodium channel impairing toxin),Theraphosidae,Chilobrachys,,Kappa-theraphotoxin-Cg1a 2,JZ11B_CHIGU
B1P1E3,neurotoxin 10 (Hwtx-1) family|IC,PF07740 (Toxin_12)|29.2,CL0083 (Omega_toxin),KW-0027 (Amidation);KW-0903 (Direct protein sequencing);KW-1015 (Disulfide bond);KW-0872 (Ion channel impairing toxin);KW-0960 (Knottin);KW-0632 (Potassium channel impairing toxin);KW-0964 (Secreted);KW-0732 (Signal);KW-0800 (Toxin);KW-1220 (Voltage-gated potassium channel impairing toxin);KW-0738 (Voltage-gated sodium channel impairing toxin),Theraphosidae,Chilobrachys,,Kappa-theraphotoxin-Cg1a 5,JZ11E_CHIGU
B2KPN7,conotoxin M superfamily|IC,PF02950 (Conotoxin)|30.0,CL0083 (Omega_toxin),KW-0002 (3D-structure);KW-0165 (Cleavage on pair of basic residues);KW-0208 (D-amino acid);KW-0903 (Direct protein sequencing);KW-0379 (Hydroxylation);KW-0528 (Neurotoxin);KW-0964 (Secreted);KW-0732 (Signal);KW-0800 (Toxin),Conidae,Conus,,Conomarphin-Mr3,COMA_CONMR
B3EWF5,neurotoxin 19 (CSTX) family|SAM,,,KW-0027 (Amidation);KW-0903 (Direct protein sequencing);KW-1015 (Disulfide bond);KW-0960 (Knottin);KW-0964 (Secreted);KW-0732 (Signal);KW-0800 (Toxin),Zodariidae,Lachesana,,Latartoxin-2b,LTX2B_LACTA
B3EWF8,three-finger toxin family|IC,,,KW-0008 (Acetylcholine receptor inhibiting toxin);KW-0903 (Direct protein sequencing);KW-1015 (Disulfide bond);KW-0872 (Ion channel impairing toxin);KW-0528 (Neurotoxin);KW-0629 (Postsynaptic neurotoxin);KW-0964 (Secreted);KW-0732 (Signal);KW-0800 (Toxin),Elapidae,Micrurus,,Mipartoxin-1,3SX1_MICMP
C0HJD9,sea anemone type 6 potassium channel toxin family|IC,,,KW-0903 (Direct protein sequencing);KW-1015 (Disulfide bond);KW-0872 (Ion channel impairing toxin);KW-0166 (Nematocyst);KW-0632 (Potassium channel impairing toxin);KW-0964 (Secreted);KW-0800 (Toxin);KW-1220 (Voltage-gated potassium channel impairing toxin),Actiniidae,Actinia,,Potassium channel toxin AbeTx1,K6TX1_ACTBE
C0HJL8,phospholipase A2 family|IC,PF00068 (Phospholip_A2_1)|111.4,CL0629 (PLA2),KW-0106 (Calcium);KW-0903 (Direct protein sequencing);KW-1015 (Disulfide bond);KW-0378 (Hydrolase);KW-0479 (Metal-binding);KW-0964 (Secreted);KW-0800 (Toxin),Viperidae,Bothriechis,,Phospholipase A2 nigroviriditoxin basic subunit B,PA2B_BOTNI
C0HKG8,neurotoxin 19 (CSTX) family|IC,PF10530 (Toxin_35)|77.0,CL0083 (Omega_toxin),KW-0027 (Amidation);KW-0204 (Cytolysis);KW-0903 (Direct protein sequencing);KW-1015 (Disulfide bond);KW-0960 (Knottin);KW-0472 (Membrane);KW-0528 (Neurotoxin);KW-0964 (Secreted);KW-0732 (Signal);KW-1052 (Target cell membrane);KW-1053 (Target membrane);KW-0800 (Toxin);KW-0812 (Transmembrane),Cheiracanthiidae,Cheiracanthium,,DELTA-miturgitoxin-Cp1b,TX1B_CHEPU
C0HM14,phospholipase A2 family|IC,PF00068 (Phospholip_A2_1)|116.7,CL0629 (PLA2),KW-0002 (3D-structure);KW-1203 (Blood coagulation cascade inhibiting toxin);KW-0106 (Calcium);KW-0903 (Direct protein sequencing);KW-1015 (Disulfide bond);KW-1199 (Hemostasis impairing toxin);KW-0378 (Hydrolase);KW-0872 (Ion channel impairing toxin);KW-0442 (Lipid degradation);KW-0443 (Lipid metabolism);KW-0479 (Metal-binding);KW-0528 (Neurotoxin);KW-0638 (Presynaptic neurotoxin);KW-0964 (Secreted);KW-0800 (Toxin),Viperidae,Crotalus,,Phospholipase A2 crotoxin basic subunit CBd,PA2BD_CRODU
C0L2T8,venom metalloproteinase (M12B) family|IC,PF00200 (Disintegrin)|50.8;PF01421 (Reprolysin)|192.4;PF01562 (Pep_M12B_propep)|65.5,CL0126 (Peptidase_MA),KW-1217 (Cell adhesion impairing toxin);KW-0177 (Collagen degradation);KW-0903 (Direct protein sequencing);KW-1015 (Disulfide bond);KW-1200 (Hemorrhagic toxin);KW-1199 (Hemostasis impairing toxin);KW-0378 (Hydrolase);KW-0479 (Metal-binding);KW-0482 (Metalloprotease);KW-0645 (Protease);KW-0964 (Secreted);KW-0732 (Signal);KW-0800 (Toxin);KW-0862 (Zinc);KW-0865 (Zymogen),Viperidae,Crotalus,MPII,Zinc metalloproteinase/disintegrin,VM2C1_CRODU
C7BKP9,,PF04488 (Gly_transf_sug)|33.0;PF15645 (Tox-PLDMTX)|154.5,CL0110 (GT-A);CL0125 (Peptidase_CA),KW-0002 (3D-structure);KW-0106 (Calcium);KW-0328 (Glycosyltransferase);KW-1032 (Host cell membrane);KW-1043 (Host membrane);KW-0378 (Hydrolase);KW-0472 (Membrane);KW-0479 (Metal-binding);KW-0511 (Multifunctional enzyme);KW-0964 (Secreted);KW-0800 (Toxin);KW-0808 (Transferase);KW-0843 (Virulence),Morganellaceae,Photorhabdus,,Toxin PAU_02230,PATOX_PHOAA
E0D877,5'-nucleotidase family|IC,PF00149 (Metallophos)|63.1;PF02872 (5_nucleotid_C)|119.2,CL0163 (Calcineurin);CL0781 (NadN_C),KW-0020 (Allergen);KW-0067 (ATP-binding);KW-0903 (Direct protein sequencing);KW-0325 (Glycoprotein);KW-1199 (Hemostasis impairing toxin);KW-0378 (Hydrolase);KW-0479 (Metal-binding);KW-0547 (Nucleotide-binding);KW-1201 (Platelet aggregation inhibiting toxin);KW-1185 (Reference proteome);KW-0964 (Secreted);KW-0732 (Signal);KW-0800 (Toxin),Culicidae,Aedes,APY,Apyrase,APY_AEDAL
E0Y421,peptidase S1 family|SAM,PF00089 (Trypsin)|199.3,CL0124 (Peptidase_PA),KW-1015 (Disulfide bond);KW-1206 (Fibrinogenolytic toxin);KW-0325 (Glycoprotein);KW-1199 (Hemostasis impairing toxin);KW-0378 (Hydrolase);KW-0645 (Protease);KW-0964 (Secreted);KW-0720 (Serine protease);KW-0732 (Signal);KW-0800 (Toxin),Viperidae,Macrovipera,,Chymotrypsin-like protease VLCTLP,VSPY_MACLB
F8S114,peptidase S1 family|SAM,PF00089 (Trypsin)|189.0,CL0124 (Peptidase_PA),KW-1204 (Blood coagulation cascade activating toxin);KW-0903 (Direct protein sequencing);KW-1015 (Disulfide bond);KW-0325 (Glycoprotein);KW-1199 (Hemostasis impairing toxin);KW-0378 (Hydrolase);KW-0382 (Hypotensive agent);KW-0645 (Protease);KW-0964 (Secreted);KW-0720 (Serine protease);KW-0732 (Signal);KW-0800 (Toxin),Viperidae,Crotalus,,Thrombin-like enzyme crotalase,VSPCR_CROAD
I2C090,venom complement C3 homolog family|IC,PF00207 (A2M)|98.5;PF01759 (NTR)|98.1;PF01821 (ANATO)|50.4;PF01835 (MG2)|54.5;PF07677 (A2M_recep)|102.4;PF07678 (TED_complement)|239.5;PF07703 (A2M_BRD)|97.4;PF17789 (MG4)|97.6;PF17790 (MG1)|97.3;PF17791 (MG3)|57.5;PF21308 (C3_CUB2)|98.1;PF21406 (C3_CUB1)|71.0,CL0059 (6_Hairpin);CL0159 (E-set);CL0164 (CUB);CL0353 (TIMP-like),KW-0165 (Cleavage on pair of basic residues);KW-1216 (Complement system impairing toxin);KW-0903 (Direct protein sequencing);KW-1015 (Disulfide bond);KW-0325 (Glycoprotein);KW-0460 (Magnesium);KW-0479 (Metal-binding);KW-0964 (Secreted);KW-0732 (Signal);KW-0882 (Thioester bond);KW-0800 (Toxin),Elapidae,Ophiophagus,,Ophiophagus venom factor,VCO3_OPHHA
I4CHP3,peptidase S1 family|SAM,PF00089 (Trypsin)|210.7,CL0124 (Peptidase_PA),KW-0002 (3D-structure);KW-0903 (Direct protein sequencing);KW-1015 (Disulfide bond);KW-1206 (Fibrinogenolytic toxin);KW-0325 (Glycoprotein);KW-1199 (Hemostasis impairing toxin);KW-0378 (Hydrolase);KW-0645 (Protease);KW-0964 (Secreted);KW-0720 (Serine protease);KW-0800 (Toxin),Viperidae,Gloydius,,Thrombin-like enzyme AhV_TL-I,VSPI_GLOHA
K8DWB5,conotoxin A superfamily|IC,PF07365 (Toxin_8)|47.6,,KW-0002 (3D-structure);KW-0008 (Acetylcholine receptor inhibiting toxin);KW-0027 (Amidation);KW-1015 (Disulfide bond);KW-0528 (Neurotoxin);KW-0629 (Postsynaptic neurotoxin);KW-0964 (Secreted);KW-0800 (Toxin),Conidae,Conus,,Alpha-conotoxin TxID,CA1D_CONTE
L0PIN3,frog skin active peptide (FSAP) family|IC,PF03032 (FSAP_sig_propep)|71.0,,KW-0878 (Amphibian defense peptide);KW-0903 (Direct protein sequencing);KW-1213 (G-protein coupled receptor impairing toxin);KW-0379 (Hydroxylation);KW-0964 (Secreted);KW-0732 (Signal);KW-0800 (Toxin);KW-0838 (Vasoactive);KW-0840 (Vasodilator),Hylidae,Agalychnis,,"[Thr6]-bradykinyl-Val,Asp",BRKP1_AGADC
O46166,helical arthropod-neuropeptide-derived (HAND) family|IC,,,KW-0002 (3D-structure);KW-0027 (Amidation);KW-0903 (Direct protein sequencing);KW-1015 (Disulfide bond);KW-0964 (Secreted);KW-0732 (Signal);KW-0800 (Toxin),Agelenidae,Eratigena,,U1-agatoxin-Ta1a,TXI1_ERAAG
O57413,venom metalloproteinase (M12B) family|IC,PF00200 (Disintegrin)|53.9;PF01421 (Reprolysin)|207.7;PF01562 (Pep_M12B_propep)|61.3,CL0126 (Peptidase_MA),KW-0002 (3D-structure);KW-1217 (Cell adhesion impairing toxin);KW-0903 (Direct protein sequencing);KW-1015 (Disulfide bond);KW-1206 (Fibrinogenolytic toxin);KW-1205 (Fibrinolytic toxin);KW-1200 (Hemorrhagic toxin);KW-1199 (Hemostasis impairing toxin);KW-0378 (Hydrolase);KW-0479 (Metal-binding);KW-0482 (Metalloprotease);KW-1201 (Platelet aggregation inhibiting toxin);KW-0645 (Protease);KW-0873 (Pyrrolidone carboxylic acid);KW-0964 (Secreted);KW-0732 (Signal);KW-0800 (Toxin);KW-0862 (Zinc);KW-0865 (Zymogen),Viperidae,Protobothrops,,Zinc metalloproteinase/disintegrin,VM2T3_PROMU
O61668,long (4 C-C) scorpion toxin superfamily|IC,PF00537 (Toxin_3)|30.6,CL0054 (Knottin_1),KW-0002 (3D-structure);KW-0027 (Amidation);KW-0903 (Direct protein sequencing);KW-1015 (Disulfide bond);KW-0872 (Ion channel impairing toxin);KW-0528 (Neurotoxin);KW-0964 (Secreted);KW-0732 (Signal);KW-0800 (Toxin);KW-0738 (Voltage-gated sodium channel impairing toxin),Buthidae,Olivierus,,Beta-insect excitatory toxin BmKIT1,SIX1_OLIMR
O84616,CADD family|IC,PF03070 (TENA_THI-4)|186.9,CL0230 (HO),KW-0002 (3D-structure);KW-1035 (Host cytoplasm);KW-0408 (Iron);KW-0464 (Manganese);KW-0479 (Metal-binding);KW-0560 (Oxidoreductase);KW-1185 (Reference proteome);KW-0964 (Secreted);KW-0800 (Toxin);KW-0843 (Virulence),Chlamydiaceae,Chlamydia,,4-aminobenzoate synthase,CADD_CHLTR
P00596,phospholipase A2 family|IC,PF00068 (Phospholip_A2_1)|120.1,CL0629 (PLA2),KW-0008 (Acetylcholine receptor inhibiting toxin);KW-0106 (Calcium);KW-0903 (Direct protein sequencing);KW-1015 (Disulfide bond);KW-0378 (Hydrolase);KW-0442 (Lipid degradation);KW-0443 (Lipid metabolism);KW-0479 (Metal-binding);KW-0528 (Neurotoxin);KW-0629 (Postsynaptic neurotoxin);KW-0964 (Secreted);KW-0732 (Signal);KW-0800 (Toxin),Elapidae,Naja,,Acidic phospholipase A2 CM-II,PA2A1_NAJKA
P00628,phospholipase A2 family|IC,PF00068 (Phospholip_A2_1)|115.2,CL0629 (PLA2),KW-0106 (Calcium);KW-0903 (Direct protein sequencing);KW-1015 (Disulfide bond);KW-0378 (Hydrolase);KW-0442 (Lipid degradation);KW-0443 (Lipid metabolism);KW-0479 (Metal-binding);KW-0528 (Neurotoxin);KW-0638 (Presynaptic neurotoxin);KW-0964 (Secreted);KW-0732 (Signal);KW-0800 (Toxin),Elapidae,Bungarus,,Basic phospholipase A2 KBf-VA,PA2BV_BUNFA
P00982,venom Kunitz-type family|IC,PF00014 (Kunitz_BPTI)|70.6,CL0894 (BPTI),KW-0903 (Direct protein sequencing);KW-1015 (Disulfide bond);KW-0872 (Ion channel impairing toxin);KW-0528 (Neurotoxin);KW-0632 (Potassium channel impairing toxin);KW-0964 (Secreted);KW-0800 (Toxin);KW-1220 (Voltage-gated potassium channel impairing toxin),Elapidae,Dendroaspis,,Kunitz-type serine protease inhibitor homolog delta-dendrotoxin,VKTHD_DENAN
P01021,In the N-terminal section|IC,PF00212 (ANP)|48.9,,KW-0002 (3D-structure);KW-0165 (Cleavage on pair of basic residues);KW-0903 (Direct protein sequencing);KW-1015 (Disulfide bond);KW-0382 (Hypotensive agent);KW-0481 (Metalloenzyme inhibitor);KW-0483 (Metalloprotease inhibitor);KW-0646 (Protease inhibitor);KW-0873 (Pyrrolidone carboxylic acid);KW-0677 (Repeat);KW-0964 (Secreted);KW-0732 (Signal);KW-0800 (Toxin);KW-0838 (Vasoactive);KW-0840 (Vasodilator),Viperidae,Gloydius,,Bradykinin-potentiating and C-type natriuretic peptides,BNP_GLOBL
P01489,long (4 C-C) scorpion toxin superfamily|IC,PF00537 (Toxin_3)|89.0,CL0054 (Knottin_1),KW-0002 (3D-structure);KW-0027 (Amidation);KW-0903 (Direct protein sequencing);KW-1015 (Disulfide bond);KW-0872 (Ion channel impairing toxin);KW-0528 (Neurotoxin);KW-0964 (Secreted);KW-0800 (Toxin);KW-0738 (Voltage-gated sodium channel impairing toxin),Buthidae,Leiurus,,Alpha-toxin Lqq4,SCX4_LEIQU
P01500,,PF17454 (Bee_toxin)|130.4,,KW-0002 (3D-structure);KW-0027 (Amidation);KW-1221 (Calcium-activated potassium channel impairing toxin);KW-0903 (Direct protein sequencing);KW-1015 (Disulfide bond);KW-0872 (Ion channel impairing toxin);KW-0528 (Neurotoxin);KW-0632 (Potassium channel impairing toxin);KW-1185 (Reference proteome);KW-0964 (Secreted);KW-0732 (Signal);KW-0800 (Toxin);KW-1220 (Voltage-gated potassium channel impairing toxin),Apidae,Apis,,Apamin,APAM_APIME
P01523,conotoxin M superfamily|IC,PF05374 (Mu-conotoxin)|45.3,CL0083 (Omega_toxin),KW-0002 (3D-structure);KW-0027 (Amidation);KW-0165 (Cleavage on pair of basic residues);KW-0903 (Direct protein sequencing);KW-1015 (Disulfide bond);KW-0379 (Hydroxylation);KW-0872 (Ion channel impairing toxin);KW-0528 (Neurotoxin);KW-0964 (Secreted);KW-0732 (Signal);KW-0800 (Toxin);KW-0738 (Voltage-gated sodium channel impairing toxin),Conidae,Conus,,Mu-conotoxin GIIIA,CM3A_CONGE
P06859,phospholipase A2 family|IC,PF00068 (Phospholip_A2_1)|111.7,CL0629 (PLA2),KW-0106 (Calcium);KW-0903 (Direct protein sequencing);KW-1015 (Disulfide bond);KW-0378 (Hydrolase);KW-0442 (Lipid degradation);KW-0443 (Lipid metabolism);KW-0479 (Metal-binding);KW-0959 (Myotoxin);KW-0964 (Secreted);KW-0732 (Signal);KW-0800 (Toxin),Viperidae,Protobothrops,,Acidic phospholipase A2 1,PA2A1_PROFL
P07845,actinoporin family|IC,PF06369 (Anemone_cytotox)|342.2,CL0872 (PfC-like),KW-0002 (3D-structure);KW-0204 (Cytolysis);KW-0903 (Direct protein sequencing);KW-0406 (Ion transport);KW-0472 (Membrane);KW-0166 (Nematocyst);KW-0964 (Secreted);KW-1052 (Target cell membrane);KW-1053 (Target membrane);KW-0800 (Toxin);KW-0812 (Transmembrane);KW-0813 (Transport),Stichodactylidae,Stichodactyla,,DELTA-stichotoxin-She4b,ACTP2_STIHL
P08900,long (4 C-C) scorpion toxin superfamily|IC,PF00537 (Toxin_3)|38.2,CL0054 (Knottin_1),KW-0002 (3D-structure);KW-0027 (Amidation);KW-0903 (Direct protein sequencing);KW-1015 (Disulfide bond);KW-0872 (Ion channel impairing toxin);KW-0528 (Neurotoxin);KW-0964 (Secreted);KW-0800 (Toxin);KW-0738 (Voltage-gated sodium channel impairing toxin),Buthidae,Centruroides,,Beta-mammal toxin Css2,SCX2_CENSU
P09167,aerolysin family|IC,PF01117 (Aerolysin)|553.8;PF03440 (APT)|123.1,CL0056 (C_Lectin);CL0345 (Aerolisin_ETX),KW-0002 (3D-structure);KW-0903 (Direct protein sequencing);KW-1015 (Disulfide bond);KW-1032 (Host cell membrane);KW-1043 (Host membrane);KW-0472 (Membrane);KW-0964 (Secreted);KW-0732 (Signal);KW-0800 (Toxin);KW-0812 (Transmembrane);KW-1134 (Transmembrane beta strand);KW-0843 (Virulence),Aeromonadaceae,Aeromonas,aerA,Aerolysin,AERA_AERHY
P0C1V7,conotoxin A superfamily|IC,,,KW-0002 (3D-structure);KW-0008 (Acetylcholine receptor inhibiting toxin);KW-0027 (Amidation);KW-0903 (Direct protein sequencing);KW-1015 (Disulfide bond);KW-0872 (Ion channel impairing toxin);KW-0528 (Neurotoxin);KW-0629 (Postsynaptic neurotoxin);KW-0964 (Secreted);KW-0765 (Sulfation);KW-0800 (Toxin),Conidae,Conus,,Alpha-conotoxin AnIB,CA1AB_CONAN
P0C247,neurotoxin 10 (Hwtx-1) family|IC,PF07740 (Toxin_12)|29.2,CL0083 (Omega_toxin),KW-0002 (3D-structure);KW-0027 (Amidation);KW-0903 (Direct protein sequencing);KW-1015 (Disulfide bond);KW-0872 (Ion channel impairing toxin);KW-0960 (Knottin);KW-0528 (Neurotoxin);KW-0632 (Potassium channel impairing toxin);KW-0964 (Secreted);KW-0732 (Signal);KW-0800 (Toxin);KW-1220 (Voltage-gated potassium channel impairing toxin);KW-0738 (Voltage-gated sodium channel impairing toxin),Theraphosidae,Chilobrachys,,Kappa-theraphotoxin-Cg1a 1,JZ11A_CHIGU
P0C250,O2 superfamily|IC,PF02950 (Conotoxin)|42.0,CL0083 (Omega_toxin),KW-0002 (3D-structure);KW-0027 (Amidation);KW-0108 (Calcium channel impairing toxin);KW-0208 (D-amino acid);KW-0903 (Direct protein sequencing);KW-1015 (Disulfide bond);KW-0872 (Ion channel impairing toxin);KW-0528 (Neurotoxin);KW-0964 (Secreted);KW-0732 (Signal);KW-0800 (Toxin);KW-1218 (Voltage-gated calcium channel impairing toxin),Conidae,Conus,,Contryphan-Lo,COW1_CONBL
P0C2D4,flavin monoamine oxidase family|IC,,,KW-0044 (Antibiotic);KW-0929 (Antimicrobial);KW-0053 (Apoptosis);KW-0204 (Cytolysis);KW-0903 (Direct protein sequencing);KW-1015 (Disulfide bond);KW-0274 (FAD);KW-0285 (Flavoprotein);KW-0325 (Glycoprotein);KW-0354 (Hemolysis);KW-1199 (Hemostasis impairing toxin);KW-0560 (Oxidoreductase);KW-1201 (Platelet aggregation inhibiting toxin);KW-0964 (Secreted);KW-0800 (Toxin),Elapidae,Naja,,L-amino-acid oxidase,OXLA_NAJKA
P0C577,peptidase S1 family|SAM,,,KW-1204 (Blood coagulation cascade activating toxin);KW-0106 (Calcium);KW-0903 (Direct protein sequencing);KW-1015 (Disulfide bond);KW-0325 (Glycoprotein);KW-1199 (Hemostasis impairing toxin);KW-0378 (Hydrolase);KW-0645 (Protease);KW-0964 (Secreted);KW-0720 (Serine protease);KW-0800 (Toxin),Viperidae,Bitis,,Thrombin-like enzyme gabonase,VSPG_BITGA
P0C6R9,venom metalloproteinase (M12B) family|IC,PF00200 (Disintegrin)|64.6;PF08516 (ADAM_CR)|59.1,CL0750 (ADAM_CR_sf),KW-0037 (Angiogenesis);KW-0106 (Calcium);KW-1217 (Cell adhesion impairing toxin);KW-0145 (Chemotaxis);KW-0217 (Developmental protein);KW-0221 (Differentiation);KW-0903 (Direct protein sequencing);KW-1015 (Disulfide bond);KW-1200 (Hemorrhagic toxin);KW-1199 (Hemostasis impairing toxin);KW-0378 (Hydrolase);KW-0479 (Metal-binding);KW-0482 (Metalloprotease);KW-0645 (Protease);KW-0964 (Secreted);KW-0800 (Toxin),Viperidae,Bothrops,,Zinc metalloproteinase-disintegrin-like alternagin,VM3A_BOTAL
P0DD38,peptidase C10 family|IC,,,KW-0068 (Autocatalytic cleavage);KW-1035 (Host cytoplasm);KW-0378 (Hydrolase);KW-0488 (Methylation);KW-0645 (Protease);KW-0964 (Secreted);KW-0732 (Signal);KW-0788 (Thiol protease);KW-0800 (Toxin);KW-0843 (Virulence);KW-0865 (Zymogen),Streptococcaceae,Streptococcus,speB,Streptopain,SPEB_STRP3
P0DKR6,three-finger toxin family|IC,PF21947 (Toxin_cobra-type)|32.1,CL0117 (uPAR_Ly6_toxin),KW-0002 (3D-structure);KW-0903 (Direct protein sequencing);KW-1015 (Disulfide bond);KW-0872 (Ion channel impairing toxin);KW-0582 (Pharmaceutical);KW-1275 (Proton-gated sodium channel impairing toxin);KW-0964 (Secreted);KW-0732 (Signal);KW-0800 (Toxin),Elapidae,Dendroaspis,,Mambalgin-1,3SX1_DENPO
P0DKU2,phospholipase A2 family|IC,PF05826 (Phospholip_A2_2)|83.8,CL0629 (PLA2),KW-0106 (Calcium);KW-0165 (Cleavage on pair of basic residues);KW-0903 (Direct protein sequencing);KW-1015 (Disulfide bond);KW-0378 (Hydrolase);KW-0442 (Lipid degradation);KW-0443 (Lipid metabolism);KW-0479 (Metal-binding);KW-0964 (Secreted);KW-0732 (Signal);KW-0800 (Toxin);KW-0865 (Zymogen),Scorpionidae,Pandinus,,Phospholipase A2 phospholipin,PA2_PANIM
P0DL29,venom metalloproteinase (M12B) family|IC,PF01421 (Reprolysin)|187.5,CL0126 (Peptidase_MA),KW-0106 (Calcium);KW-0903 (Direct protein sequencing);KW-1015 (Disulfide bond);KW-1206 (Fibrinogenolytic toxin);KW-1205 (Fibrinolytic toxin);KW-1200 (Hemorrhagic toxin);KW-1199 (Hemostasis impairing toxin);KW-0378 (Hydrolase);KW-0479 (Metal-binding);KW-0482 (Metalloprotease);KW-0645 (Protease);KW-0964 (Secreted);KW-0800 (Toxin);KW-0862 (Zinc),Viperidae,Bothrops,,Snake venom metalloproteinase BpirMP,VM1_BOTPI
P0DOC5,neurotoxin 10 (Hwtx-1) family|IC,PF07740 (Toxin_12)|28.9,CL0083 (Omega_toxin),KW-0002 (3D-structure);KW-0027 (Amidation);KW-0903 (Direct protein sequencing);KW-1015 (Disulfide bond);KW-0872 (Ion channel impairing toxin);KW-0960 (Knottin);KW-0528 (Neurotoxin);KW-0582 (Pharmaceutical);KW-0964 (Secreted);KW-0800 (Toxin);KW-0738 (Voltage-gated sodium channel impairing toxin),Theraphosidae,Heteroscodra,,Delta-theraphotoxin-Hm1b,TX1B_HETMC
P0DQQ0,phospholipase A2 family|IC,PF00068 (Phospholip_A2_1)|99.2,CL0629 (PLA2),KW-0044 (Antibiotic);KW-0929 (Antimicrobial);KW-1203 (Blood coagulation cascade inhibiting toxin);KW-0106 (Calcium);KW-0903 (Direct protein sequencing);KW-1015 (Disulfide bond);KW-1199 (Hemostasis impairing toxin);KW-0378 (Hydrolase);KW-0442 (Lipid degradation);KW-0443 (Lipid metabolism);KW-0479 (Metal-binding);KW-0959 (Myotoxin);KW-0964 (Secreted);KW-0800 (Toxin),Viperidae,Bothrops,,Basic phospholipase A2 BbTX-III,PA2B3_BOTBZ
P0DQQ4,nucleotide pyrophosphatase/phosphodiesterase family|IC,PF01033 (Somatomedin_B)|65.3;PF01223 (Endonuclease_NS)|32.4;PF01663 (Phosphodiest)|346.8,CL0088 (Alk_phosphatase);CL0263 (His-Me_finger),KW-0903 (Direct protein sequencing);KW-1015 (Disulfide bond);KW-0325 (Glycoprotein);KW-1199 (Hemostasis impairing toxin);KW-0378 (Hydrolase);KW-0479 (Metal-binding);KW-1201 (Platelet aggregation inhibiting toxin);KW-0677 (Repeat);KW-0964 (Secreted);KW-0800 (Toxin),Viperidae,Crotalus,,Venom phosphodiesterase CdcPDE,PDE_CRODU
P0DUN2,phospholipase A2 family|IC,PF00068 (Phospholip_A2_1)|100.9,CL0629 (PLA2),KW-0106 (Calcium);KW-0903 (Direct protein sequencing);KW-1015 (Disulfide bond);KW-0378 (Hydrolase);KW-0442 (Lipid degradation);KW-0443 (Lipid metabolism);KW-0479 (Metal-binding);KW-0959 (Myotoxin);KW-0964 (Secreted);KW-0800 (Toxin),Viperidae,Bothrocophias,,Basic phospholipase A2 Ph-TX1,PA21_BOTHY
P0DUN3,phospholipase A2 family|IC,PF00068 (Phospholip_A2_1)|82.3,CL0629 (PLA2),KW-0106 (Calcium);KW-0903 (Direct protein sequencing);KW-1015 (Disulfide bond);KW-1199 (Hemostasis impairing toxin);KW-0378 (Hydrolase);KW-0442 (Lipid degradation);KW-0443 (Lipid metabolism);KW-0479 (Metal-binding);KW-1201 (Platelet aggregation inhibiting toxin);KW-0964 (Secreted);KW-0800 (Toxin),Viperidae,Bothrops,,Acidic phospholipase A2 braziliase-I,PA2A1_BOTBZ
P0DY99,conotoxin A superfamily|IC,PF07365 (Toxin_8)|57.6,,KW-0002 (3D-structure);KW-0008 (Acetylcholine receptor inhibiting toxin);KW-0027 (Amidation);KW-1015 (Disulfide bond);KW-0528 (Neurotoxin);KW-0629 (Postsynaptic neurotoxin);KW-0964 (Secreted);KW-0732 (Signal);KW-0800 (Toxin),Conidae,Conus,,Alpha-conotoxin LvID,CA1D_CONLI
P0DYA9,short scorpion toxin superfamily|IC,PF00451 (Toxin_2)|44.1,CL0054 (Knottin_1),KW-0027 (Amidation);KW-1015 (Disulfide bond);KW-0872 (Ion channel impairing toxin);KW-0632 (Potassium channel impairing toxin);KW-0964 (Secreted);KW-0732 (Signal);KW-0800 (Toxin),Hemiscorpiidae,Liocheles,,Toxin LaIT6,KAXU6_LIOAU
P10844,peptidase M27 family|IC,PF01742 (Peptidase_M27)|469.4;PF07951 (Toxin_R_bind_C)|112.8;PF07952 (Toxin_trans)|370.7;PF07953 (Toxin_R_bind_N)|155.9,CL0004 (Concanavalin);CL0066 (Trefoil);CL0126 (Peptidase_MA),KW-0002 (3D-structure);KW-0903 (Direct protein sequencing);KW-1015 (Disulfide bond);KW-1032 (Host cell membrane);KW-1035 (Host cytoplasm);KW-1036 (Host cytoplasmic vesicle);KW-1043 (Host membrane);KW-1051 (Host synapse);KW-0378 (Hydrolase);KW-0446 (Lipid-binding);KW-0472 (Membrane);KW-0479 (Metal-binding);KW-0482 (Metalloprotease);KW-0528 (Neurotoxin);KW-0582 (Pharmaceutical);KW-0645 (Protease);KW-0964 (Secreted);KW-0800 (Toxin);KW-0812 (Transmembrane);KW-0843 (Virulence);KW-0862 (Zinc),Clostridiaceae,Clostridium,botB,Botulinum neurotoxin type B,BXB_CLOBO
P11140,In the N-terminal section|IC,PF00161 (RIP)|146.8;PF00652 (Ricin_B_lectin)|171.0,CL0066 (Trefoil),KW-0002 (3D-structure);KW-0903 (Direct protein sequencing);KW-1015 (Disulfide bond);KW-0325 (Glycoprotein);KW-0378 (Hydrolase);KW-0430 (Lectin);KW-0611 (Plant defense);KW-0652 (Protein synthesis inhibitor);KW-0873 (Pyrrolidone carboxylic acid);KW-1185 (Reference proteome);KW-0677 (Repeat);KW-0800 (Toxin),Fabaceae,Abrus,,Abrin-a,ABRA_ABRPR
P14418,phospholipase A2 family|IC,PF00068 (Phospholip_A2_1)|110.2,CL0629 (PLA2),KW-0002 (3D-structure);KW-1203 (Blood coagulation cascade inhibiting toxin);KW-0106 (Calcium);KW-0903 (Direct protein sequencing);KW-1015 (Disulfide bond);KW-1199 (Hemostasis impairing toxin);KW-0378 (Hydrolase);KW-0442 (Lipid degradation);KW-0443 (Lipid metabolism);KW-0479 (Metal-binding);KW-0582 (Pharmaceutical);KW-1201 (Platelet aggregation inhibiting toxin);KW-0964 (Secreted);KW-0800 (Toxin),Viperidae,Gloydius,,Acidic phospholipase A2,PA2A_GLOHA
P15917,peptidase M34 family|IC,PF07737 (ATLF)|256.2;PF09156 (Anthrax-tox_M)|653.6,CL0084 (ADP-ribosyl);CL0126 (Peptidase_MA),KW-0002 (3D-structure);KW-0903 (Direct protein sequencing);KW-1035 (Host cytoplasm);KW-0378 (Hydrolase);KW-0479 (Metal-binding);KW-0482 (Metalloprotease);KW-0614 (Plasmid);KW-0645 (Protease);KW-1185 (Reference proteome);KW-0677 (Repeat);KW-0964 (Secreted);KW-0732 (Signal);KW-0800 (Toxin);KW-0843 (Virulence);KW-0862 (Zinc),Bacillaceae,Bacillus,lef,Lethal factor,LEF_BACAN
P16462,RTX prokaryotic toxin (TC 1|IC,PF00353 (HemolysinCabind)|126.2;PF02382 (RTX)|309.3,CL0592 (beta_Roll),KW-0106 (Calcium);KW-0998 (Cell outer membrane);KW-0175 (Coiled coil);KW-0204 (Cytolysis);KW-0354 (Hemolysis);KW-0472 (Membrane);KW-0677 (Repeat);KW-0964 (Secreted);KW-0800 (Toxin);KW-0843 (Virulence),Pasteurellaceae,Aggregatibacter,ltxA,Leukotoxin,LTXA_AGGAC
P17349,venom metalloproteinase (M12B) family|IC,PF00200 (Disintegrin)|53.9;PF01421 (Reprolysin)|207.9;PF01562 (Pep_M12B_propep)|61.2,CL0126 (Peptidase_MA),KW-1217 (Cell adhesion impairing toxin);KW-0903 (Direct protein sequencing);KW-1015 (Disulfide bond);KW-1199 (Hemostasis impairing toxin);KW-0378 (Hydrolase);KW-0479 (Metal-binding);KW-0482 (Metalloprotease);KW-1201 (Platelet aggregation inhibiting toxin);KW-0645 (Protease);KW-0964 (Secreted);KW-0732 (Signal);KW-0800 (Toxin);KW-0862 (Zinc);KW-0865 (Zymogen),Viperidae,Protobothrops,,Zinc metalloproteinase/disintegrin,VM2E1_PROEL
P23694,peptidase M10B family|IC,PF00353 (HemolysinCabind)|55.6;PF00413 (Peptidase_M10)|41.5;PF08548 (Peptidase_M10_C)|287.3,CL0126 (Peptidase_MA);CL0592 (beta_Roll),KW-0002 (3D-structure);KW-0106 (Calcium);KW-0903 (Direct protein sequencing);KW-0378 (Hydrolase);KW-0479 (Metal-binding);KW-0482 (Metalloprotease);KW-0645 (Protease);KW-0677 (Repeat);KW-0964 (Secreted);KW-0800 (Toxin);KW-0843 (Virulence);KW-0862 (Zinc);KW-0865 (Zymogen),Yersiniaceae,Serratia,,Serralysin,PRZN_SERMA
P26831,glycosyl hydrolase 84 family|SAM,PF00404 (Dockerin_1)|41.3;PF00754 (F5_F8_type_C)|146.1;PF02838 (Glyco_hydro_20b)|50.1;PF07554 (FIVAR)|69.4;PF07555 (NAGidase)|300.4;PF21774 (NagJ_C)|31.3,CL0036 (TIM_barrel);CL0202 (GBD);CL0220 (EF_hand);CL0546 (Hexosaminidase);CL0598 (B_GA);CL0770 (GH84_C),KW-0002 (3D-structure);KW-0326 (Glycosidase);KW-0378 (Hydrolase);KW-0964 (Secreted);KW-0732 (Signal);KW-0800 (Toxin);KW-0843 (Virulence),Clostridiaceae,Clostridium,nagH,Hyaluronoglucosaminidase,NAGH_CLOPE
P29186,sea anemone type 1 potassium channel toxin family|IC,PF01549 (ShK)|24.7,CL0213 (ShK-like),KW-0002 (3D-structure);KW-0903 (Direct protein sequencing);KW-1015 (Disulfide bond);KW-0872 (Ion channel impairing toxin);KW-0166 (Nematocyst);KW-0528 (Neurotoxin);KW-0632 (Potassium channel impairing toxin);KW-0964 (Secreted);KW-0800 (Toxin);KW-1220 (Voltage-gated potassium channel impairing toxin),Actiniidae,Bunodosoma,,Kappa-actitoxin-Bgr1a,K1B_BUNGR
P30403,venom metalloproteinase (M12B) family|IC,PF00200 (Disintegrin)|46.1;PF01421 (Reprolysin)|171.3;PF01562 (Pep_M12B_propep)|61.8,CL0126 (Peptidase_MA),KW-0002 (3D-structure);KW-1217 (Cell adhesion impairing toxin);KW-0903 (Direct protein sequencing);KW-1015 (Disulfide bond);KW-0325 (Glycoprotein);KW-1199 (Hemostasis impairing toxin);KW-0378 (Hydrolase);KW-0479 (Metal-binding);KW-0482 (Metalloprotease);KW-1201 (Platelet aggregation inhibiting toxin);KW-0645 (Protease);KW-0964 (Secreted);KW-0732 (Signal);KW-0800 (Toxin);KW-0862 (Zinc);KW-0865 (Zymogen),Viperidae,Calloselasma,,Zinc metalloproteinase/disintegrin,VM2RH_CALRH
P33432,,PF00234 (Tryp_alpha_amyl)|39.3,CL0482 (Prolamin),KW-0044 (Antibiotic);KW-0929 (Antimicrobial);KW-0903 (Direct protein sequencing);KW-1015 (Disulfide bond);KW-0472 (Membrane);KW-0611 (Plant defense);KW-1185 (Reference proteome);KW-0964 (Secreted);KW-0732 (Signal);KW-0800 (Toxin),Poaceae,Triticum,PINA,Puroindoline-A,PUIA_WHEAT
P49126,neurotoxin 26 (DTX) family|IC,PF17491 (m_DGTX_Dc1a_b_c)|111.4,CL0079 (Cystine-knot),KW-0002 (3D-structure);KW-0903 (Direct protein sequencing);KW-1015 (Disulfide bond);KW-0872 (Ion channel impairing toxin);KW-0960 (Knottin);KW-0528 (Neurotoxin);KW-0638 (Presynaptic neurotoxin);KW-0964 (Secreted);KW-0732 (Signal);KW-0800 (Toxin);KW-0738 (Voltage-gated sodium channel impairing toxin),Diguetidae,Diguetia,,Beta-diguetoxin-Dc1a,TXI92_DIGCA
P56587,,PF21201 (Tertiapin)|58.4,,KW-0002 (3D-structure);KW-1221 (Calcium-activated potassium channel impairing toxin);KW-0112 (Calmodulin-binding);KW-0903 (Direct protein sequencing);KW-1015 (Disulfide bond);KW-0872 (Ion channel impairing toxin);KW-0528 (Neurotoxin);KW-0558 (Oxidation);KW-0632 (Potassium channel impairing toxin);KW-0638 (Presynaptic neurotoxin);KW-1185 (Reference proteome);KW-0964 (Secreted);KW-0800 (Toxin),Apidae,Apis,,Tertiapin,TERT_APIME
P58808,conotoxin T superfamily|IC,PF16981 (Chi-conotoxin)|80.5,CL0083 (Omega_toxin),KW-0002 (3D-structure);KW-0903 (Direct protein sequencing);KW-1015 (Disulfide bond);KW-0379 (Hydroxylation);KW-0528 (Neurotoxin);KW-0964 (Secreted);KW-0732 (Signal);KW-0800 (Toxin),Conidae,Conus,,Chi-conotoxin MrIA,CTA1A_CONMR
P58811,conotoxin A superfamily|IC,PF07365 (Toxin_8)|62.3,,KW-0002 (3D-structure);KW-0008 (Acetylcholine receptor inhibiting toxin);KW-0027 (Amidation);KW-0903 (Direct protein sequencing);KW-1015 (Disulfide bond);KW-1213 (G-protein coupled receptor impairing toxin);KW-0528 (Neurotoxin);KW-0629 (Postsynaptic neurotoxin);KW-0964 (Secreted);KW-0732 (Signal);KW-0800 (Toxin),Conidae,Conus,,Rho-conotoxin TIA,CA1A_CONTU
P59867,short scorpion toxin superfamily|IC,PF00451 (Toxin_2)|51.3,CL0054 (Knottin_1),KW-0002 (3D-structure);KW-0027 (Amidation);KW-1221 (Calcium-activated potassium channel impairing toxin);KW-0903 (Direct protein sequencing);KW-1015 (Disulfide bond);KW-0872 (Ion channel impairing toxin);KW-0528 (Neurotoxin);KW-0582 (Pharmaceutical);KW-0632 (Potassium channel impairing toxin);KW-0964 (Secreted);KW-0800 (Toxin);KW-1220 (Voltage-gated potassium channel impairing toxin),Scorpionidae,Heterometrus,,Potassium channel toxin alpha-KTx 6.3,KAX63_HETSP
P60274,conotoxin A superfamily|IC,PF07365 (Toxin_8)|74.0,,KW-0002 (3D-structure);KW-0008 (Acetylcholine receptor inhibiting toxin);KW-0903 (Direct protein sequencing);KW-1015 (Disulfide bond);KW-0301 (Gamma-carboxyglutamic acid);KW-0379 (Hydroxylation);KW-0872 (Ion channel impairing toxin);KW-0528 (Neurotoxin);KW-0629 (Postsynaptic neurotoxin);KW-0964 (Secreted);KW-0732 (Signal);KW-0800 (Toxin),Conidae,Conus,,Alpha-conotoxin GID,CA1D_CONGE
P60305,three-finger toxin family|IC,PF21947 (Toxin_cobra-type)|45.7,CL0117 (uPAR_Ly6_toxin),KW-0123 (Cardiotoxin);KW-0204 (Cytolysis);KW-0903 (Direct protein sequencing);KW-1015 (Disulfide bond);KW-0872 (Ion channel impairing toxin);KW-0472 (Membrane);KW-0632 (Potassium channel impairing toxin);KW-0964 (Secreted);KW-1052 (Target cell membrane);KW-1053 (Target membrane);KW-0800 (Toxin);KW-1220 (Voltage-gated potassium channel impairing toxin),Elapidae,Naja,,Cytotoxin 1,3SA8_NAJKA
P60775,three-finger toxin family|IC,PF21947 (Toxin_cobra-type)|51.6,CL0117 (uPAR_Ly6_toxin),KW-0002 (3D-structure);KW-0008 (Acetylcholine receptor inhibiting toxin);KW-0903 (Direct protein sequencing);KW-1015 (Disulfide bond);KW-0872 (Ion channel impairing toxin);KW-0528 (Neurotoxin);KW-0629 (Postsynaptic neurotoxin);KW-0964 (Secreted);KW-0732 (Signal);KW-0800 (Toxin),Elapidae,Laticauda,,Erabutoxin a,3S1EA_LATSE
P61103,neurotoxin 10 (Hwtx-1) family|IC,,,KW-0165 (Cleavage on pair of basic residues);KW-0903 (Direct protein sequencing);KW-1015 (Disulfide bond);KW-0872 (Ion channel impairing toxin);KW-0960 (Knottin);KW-0528 (Neurotoxin);KW-0964 (Secreted);KW-0732 (Signal);KW-0800 (Toxin);KW-0738 (Voltage-gated sodium channel impairing toxin),Theraphosidae,Cyriopagopus,,Mu-theraphotoxin-Hs1a,TXH3_CYRSC
P61898,NGF-beta family|IC,,,KW-0002 (3D-structure);KW-0903 (Direct protein sequencing);KW-1015 (Disulfide bond);KW-0339 (Growth factor);KW-0446 (Lipid-binding);KW-0481 (Metalloenzyme inhibitor);KW-0483 (Metalloprotease inhibitor);KW-0646 (Protease inhibitor);KW-0964 (Secreted);KW-0800 (Toxin),Elapidae,Naja,,Venom nerve growth factor,NGFV_NAJAT
P62022,phospholipase A2 family|IC,,,KW-0002 (3D-structure);KW-1203 (Blood coagulation cascade inhibiting toxin);KW-0106 (Calcium);KW-0903 (Direct protein sequencing);KW-1015 (Disulfide bond);KW-1199 (Hemostasis impairing toxin);KW-0378 (Hydrolase);KW-0872 (Ion channel impairing toxin);KW-0442 (Lipid degradation);KW-0443 (Lipid metabolism);KW-0479 (Metal-binding);KW-0528 (Neurotoxin);KW-0582 (Pharmaceutical);KW-0638 (Presynaptic neurotoxin);KW-0964 (Secreted);KW-0732 (Signal);KW-0800 (Toxin),Viperidae,Crotalus,,Phospholipase A2 crotoxin basic subunit CBc,PA2BC_CRODU
P62023,phospholipase A2 family|IC,PF00068 (Phospholip_A2_1)|115.7,CL0629 (PLA2),KW-0106 (Calcium);KW-0903 (Direct protein sequencing);KW-1015 (Disulfide bond);KW-0378 (Hydrolase);KW-0442 (Lipid degradation);KW-0443 (Lipid metabolism);KW-0479 (Metal-binding);KW-0528 (Neurotoxin);KW-0638 (Presynaptic neurotoxin);KW-0964 (Secreted);KW-0732 (Signal);KW-0800 (Toxin),Viperidae,Crotalus,,Basic phospholipase A2 Mtx-b,PA2B1_CROSS
P67861,PDGF/VEGF growth factor family|IC,PF00341 (PDGF)|82.9,CL0079 (Cystine-knot),KW-0002 (3D-structure);KW-0903 (Direct protein sequencing);KW-1015 (Disulfide bond);KW-0339 (Growth factor);KW-0873 (Pyrrolidone carboxylic acid);KW-0964 (Secreted);KW-0732 (Signal);KW-0800 (Toxin),Viperidae,Daboia,,Snake venom vascular endothelial growth factor toxin VR-1,TXVE_DABRR
P67863,PDGF/VEGF growth factor family|IC,PF00341 (PDGF)|87.0,CL0079 (Cystine-knot),KW-0002 (3D-structure);KW-0903 (Direct protein sequencing);KW-1015 (Disulfide bond);KW-0339 (Growth factor);KW-0873 (Pyrrolidone carboxylic acid);KW-0964 (Secreted);KW-0732 (Signal);KW-0800 (Toxin),Viperidae,Vipera,,Snake venom vascular endothelial growth factor toxin vammin,TXVE_VIPAA
P69657,conotoxin A superfamily|IC,PF07365 (Toxin_8)|81.7,,KW-0002 (3D-structure);KW-0008 (Acetylcholine receptor inhibiting toxin);KW-0027 (Amidation);KW-1015 (Disulfide bond);KW-0872 (Ion channel impairing toxin);KW-0528 (Neurotoxin);KW-0629 (Postsynaptic neurotoxin);KW-0964 (Secreted);KW-0732 (Signal);KW-0800 (Toxin),Conidae,Conus,,Alpha-conotoxin BuIA,CA1A_CONBU
P75409,bacterial exotoxin subunit A family|IC,PF02917 (Pertussis_S1)|432.8;PF22346 (CARDS_D3)|241.3;PF22509 (CARDS-D2_trefoil)|294.8,CL0066 (Trefoil);CL0084 (ADP-ribosyl),KW-0002 (3D-structure);KW-1003 (Cell membrane);KW-0966 (Cell projection);KW-0963 (Cytoplasm);KW-1015 (Disulfide bond);KW-0328 (Glycosyltransferase);KW-1035 (Host cytoplasm);KW-1038 (Host endoplasmic reticulum);KW-0446 (Lipid-binding);KW-0472 (Membrane);KW-0520 (NAD);KW-0548 (Nucleotidyltransferase);KW-1185 (Reference proteome);KW-0800 (Toxin);KW-0808 (Transferase);KW-0843 (Virulence),Mycoplasmoidaceae,Mycoplasmoides,cards,ADP-ribosylating toxin CARDS,CARDS_MYCPN
P81382,flavin monoamine oxidase family|IC,PF01593 (Amino_oxidase)|265.9,CL0063 (NADP_Rossmann),KW-0002 (3D-structure);KW-0044 (Antibiotic);KW-0929 (Antimicrobial);KW-0053 (Apoptosis);KW-0204 (Cytolysis);KW-0903 (Direct protein sequencing);KW-1015 (Disulfide bond);KW-0274 (FAD);KW-0285 (Flavoprotein);KW-0325 (Glycoprotein);KW-1199 (Hemostasis impairing toxin);KW-0560 (Oxidoreductase);KW-1201 (Platelet aggregation inhibiting toxin);KW-0964 (Secreted);KW-0732 (Signal);KW-0800 (Toxin),Viperidae,Calloselasma,,L-amino-acid oxidase,OXLA_CALRH
P82683,ribosome-inactivating protein family|IC,PF00161 (RIP)|135.2;PF00652 (Ricin_B_lectin)|167.0,CL0066 (Trefoil),KW-0903 (Direct protein sequencing);KW-1015 (Disulfide bond);KW-0325 (Glycoprotein);KW-0378 (Hydrolase);KW-0430 (Lectin);KW-0611 (Plant defense);KW-0652 (Protein synthesis inhibitor);KW-0677 (Repeat);KW-0732 (Signal);KW-0800 (Toxin),Viscaceae,Viscum,,Beta-galactoside-specific lectin 3,ML3_VISAL
P82807,peptidase S1 family|SAM,PF00008 (EGF)|32.0;PF00089 (Trypsin)|201.6;PF00594 (Gla)|72.7;PF14670 (FXa_inhibition)|35.9,CL0001 (EGF);CL0124 (Peptidase_PA),KW-1204 (Blood coagulation cascade activating toxin);KW-0106 (Calcium);KW-0165 (Cleavage on pair of basic residues);KW-0903 (Direct protein sequencing);KW-1015 (Disulfide bond);KW-0245 (EGF-like domain);KW-0301 (Gamma-carboxyglutamic acid);KW-0325 (Glycoprotein);KW-1199 (Hemostasis impairing toxin);KW-0378 (Hydrolase);KW-0645 (Protease);KW-0655 (Prothrombin activator);KW-0677 (Repeat);KW-0964 (Secreted);KW-0732 (Signal);KW-0800 (Toxin),Elapidae,Notechis,,Venom prothrombin activator notecarin-D1,FAXD1_NOTSC
P82972,natriuretic peptide family|SAM,PF00212 (ANP)|51.5,,KW-0903 (Direct protein sequencing);KW-1015 (Disulfide bond);KW-0382 (Hypotensive agent);KW-0964 (Secreted);KW-0800 (Toxin);KW-0838 (Vasoactive);KW-0840 (Vasodilator),Viperidae,Pseudocerastes,,Natriuretic peptide PNP,VNP_PSEPC
P83059,bradykinin-related peptide family|IC,PF06753 (Bradykinin)|91.4,,KW-0027 (Amidation);KW-0878 (Amphibian defense peptide);KW-1222 (Bradykinin receptor impairing toxin);KW-0903 (Direct protein sequencing);KW-1015 (Disulfide bond);KW-1213 (G-protein coupled receptor impairing toxin);KW-0677 (Repeat);KW-0964 (Secreted);KW-0732 (Signal);KW-0800 (Toxin),Bombinatoridae,Bombina,,Kininogen-2,BRK2_BOMOR
P83255,venom metalloproteinase (M12B) family|IC,PF01421 (Reprolysin)|203.2,CL0126 (Peptidase_MA),KW-0106 (Calcium);KW-0903 (Direct protein sequencing);KW-1015 (Disulfide bond);KW-1206 (Fibrinogenolytic toxin);KW-1205 (Fibrinolytic toxin);KW-0325 (Glycoprotein);KW-1199 (Hemostasis impairing toxin);KW-0378 (Hydrolase);KW-0460 (Magnesium);KW-0479 (Metal-binding);KW-0482 (Metalloprotease);KW-0617 (Plasminogen activation);KW-1201 (Platelet aggregation inhibiting toxin);KW-0645 (Protease);KW-0964 (Secreted);KW-0800 (Toxin);KW-0862 (Zinc),Viperidae,Macrovipera,,Snake venom metalloproteinase fibrolase,VM1F_MACLB
P83476,neurotoxin 30 (phrixotoxin) family|IC,,,KW-0002 (3D-structure);KW-0108 (Calcium channel impairing toxin);KW-0903 (Direct protein sequencing);KW-1015 (Disulfide bond);KW-0872 (Ion channel impairing toxin);KW-0960 (Knottin);KW-0446 (Lipid-binding);KW-0528 (Neurotoxin);KW-0582 (Pharmaceutical);KW-0964 (Secreted);KW-0800 (Toxin);KW-1218 (Voltage-gated calcium channel impairing toxin);KW-0738 (Voltage-gated sodium channel impairing toxin),Theraphosidae,Thrixopelma,,Beta/omega-theraphotoxin-Tp2a,TXPR2_THRPR
P83480,neurotoxin 10 (Hwtx-1) family|IC,,,KW-0002 (3D-structure);KW-0108 (Calcium channel impairing toxin);KW-0903 (Direct protein sequencing);KW-1015 (Disulfide bond);KW-0872 (Ion channel impairing toxin);KW-0960 (Knottin);KW-0528 (Neurotoxin);KW-0582 (Pharmaceutical);KW-0632 (Potassium channel impairing toxin);KW-0964 (Secreted);KW-0800 (Toxin);KW-1218 (Voltage-gated calcium channel impairing toxin);KW-1220 (Voltage-gated potassium channel impairing toxin);KW-0738 (Voltage-gated sodium channel impairing toxin),Theraphosidae,Thrixopelma,,Beta/omega-theraphotoxin-Tp1a,TXPR1_THRPR
P84508,neurotoxin 10 (Hwtx-1) family|IC,,,KW-0002 (3D-structure);KW-0027 (Amidation);KW-0108 (Calcium channel impairing toxin);KW-0903 (Direct protein sequencing);KW-1015 (Disulfide bond);KW-0872 (Ion channel impairing toxin);KW-0960 (Knottin);KW-0528 (Neurotoxin);KW-0964 (Secreted);KW-0800 (Toxin);KW-1218 (Voltage-gated calcium channel impairing toxin);KW-0738 (Voltage-gated sodium channel impairing toxin),Theraphosidae,Ceratogyrus,,Beta-theraphotoxin-Cm1b,TX2_CERMR
P84809,long (3 C-C) scorpion toxin superfamily|IC,,,KW-0903 (Direct protein sequencing);KW-1015 (Disulfide bond);KW-1213 (G-protein coupled receptor impairing toxin);KW-0872 (Ion channel impairing toxin);KW-0528 (Neurotoxin);KW-0632 (Potassium channel impairing toxin);KW-0691 (RNA editing);KW-0964 (Secreted);KW-0732 (Signal);KW-0800 (Toxin);KW-1220 (Voltage-gated potassium channel impairing toxin);KW-0738 (Voltage-gated sodium channel impairing toxin),Buthidae,Buthus,,Lipolysis-activating peptide 1-beta chain,LV1B_BUTOC
P85092,three-finger toxin family|IC,PF21947 (Toxin_cobra-type)|85.3,CL0117 (uPAR_Ly6_toxin),KW-0002 (3D-structure);KW-0903 (Direct protein sequencing);KW-1015 (Disulfide bond);KW-1213 (G-protein coupled receptor impairing toxin);KW-0582 (Pharmaceutical);KW-0964 (Secreted);KW-0800 (Toxin),Elapidae,Dendroaspis,,Toxin AdTx1,3SI1A_DENAN
P85314,venom metalloproteinase (M12B) family|IC,PF01421 (Reprolysin)|220.6,CL0126 (Peptidase_MA),KW-0002 (3D-structure);KW-0106 (Calcium);KW-0903 (Direct protein sequencing);KW-1015 (Disulfide bond);KW-1206 (Fibrinogenolytic toxin);KW-1205 (Fibrinolytic toxin);KW-1199 (Hemostasis impairing toxin);KW-0378 (Hydrolase);KW-0479 (Metal-binding);KW-0482 (Metalloprotease);KW-0645 (Protease);KW-0964 (Secreted);KW-0800 (Toxin);KW-0862 (Zinc),Viperidae,Bothrops,,Snake venom metalloproteinase BmooMPalpha-I,VM1BI_BOTMO
P86147,MCD family|SAM,,,KW-0027 (Amidation);KW-0044 (Antibiotic);KW-0929 (Antimicrobial);KW-0204 (Cytolysis);KW-0903 (Direct protein sequencing);KW-0295 (Fungicide);KW-0391 (Immunity);KW-0399 (Innate immunity);KW-0472 (Membrane);KW-0677 (Repeat);KW-0964 (Secreted);KW-0732 (Signal);KW-1052 (Target cell membrane);KW-1053 (Target membrane);KW-0800 (Toxin),Vespidae,Orancistrocerus,,Venom peptide 2-long,PROTO_ORADR
P86803,phospholipase A2 family|IC,PF00068 (Phospholip_A2_1)|101.9,CL0629 (PLA2),KW-0106 (Calcium);KW-0903 (Direct protein sequencing);KW-1015 (Disulfide bond);KW-0378 (Hydrolase);KW-0442 (Lipid degradation);KW-0443 (Lipid metabolism);KW-0479 (Metal-binding);KW-0959 (Myotoxin);KW-0528 (Neurotoxin);KW-0638 (Presynaptic neurotoxin);KW-0964 (Secreted);KW-0800 (Toxin),Viperidae,Bothrops,,Basic phospholipase A2 BmjeTX-I,PA2B1_BOTMA
P86907,phospholipase A2 family|SAM,PF00068 (Phospholip_A2_1)|109.1,CL0629 (PLA2),KW-0106 (Calcium);KW-0903 (Direct protein sequencing);KW-1015 (Disulfide bond);KW-0378 (Hydrolase);KW-0442 (Lipid degradation);KW-0443 (Lipid metabolism);KW-0479 (Metal-binding);KW-0964 (Secreted);KW-0800 (Toxin),Viperidae,Bothrops,,Acidic phospholipase A2,PA2A_BOTAM
Q02471,phospholipase A2 family|IC,PF00068 (Phospholip_A2_1)|114.4,CL0629 (PLA2),KW-0002 (3D-structure);KW-0106 (Calcium);KW-0903 (Direct protein sequencing);KW-1015 (Disulfide bond);KW-0378 (Hydrolase);KW-0442 (Lipid degradation);KW-0443 (Lipid metabolism);KW-0479 (Metal-binding);KW-0528 (Neurotoxin);KW-0638 (Presynaptic neurotoxin);KW-0964 (Secreted);KW-0732 (Signal);KW-0800 (Toxin),Viperidae,Daboia,,Basic phospholipase A2 RV-4,PA2B4_DABSI
Q04IN8,cholesterol-dependent cytolysin family|IC,PF01289 (Thiol_cytolysin)|547.4;PF17440 (Thiol_cytolys_C)|167.7,CL0293 (CDC),KW-0002 (3D-structure);KW-0204 (Cytolysis);KW-0903 (Direct protein sequencing);KW-0354 (Hemolysis);KW-1032 (Host cell membrane);KW-1043 (Host membrane);KW-0446 (Lipid-binding);KW-0472 (Membrane);KW-1185 (Reference proteome);KW-0964 (Secreted);KW-0800 (Toxin);KW-0812 (Transmembrane);KW-1134 (Transmembrane beta strand);KW-0843 (Virulence),Streptococcaceae,Streptococcus,ply,Pneumolysin,TACY_STRP2
Q06ZW0,three-finger toxin family|IC,PF21947 (Toxin_cobra-type)|31.3,CL0117 (uPAR_Ly6_toxin),KW-0002 (3D-structure);KW-0008 (Acetylcholine receptor inhibiting toxin);KW-0903 (Direct protein sequencing);KW-1015 (Disulfide bond);KW-0872 (Ion channel impairing toxin);KW-0528 (Neurotoxin);KW-0629 (Postsynaptic neurotoxin);KW-0873 (Pyrrolidone carboxylic acid);KW-0964 (Secreted);KW-0732 (Signal);KW-0800 (Toxin),Colubridae,Boiga,,Denmotoxin,3NB_BOIDE
Q07730,,,,KW-0165 (Cleavage on pair of basic residues);KW-1032 (Host cell membrane);KW-1043 (Host membrane);KW-0472 (Membrane);KW-1185 (Reference proteome);KW-0677 (Repeat);KW-0964 (Secreted);KW-0732 (Signal);KW-0800 (Toxin);KW-0812 (Transmembrane);KW-1133 (Transmembrane helix);KW-0843 (Virulence),Debaryomycetaceae,Candida,ECE1,Extent of cell elongation protein 1,CECE1_CANAL
Q0N4U8,conotoxin J superfamily|IC,,,KW-0002 (3D-structure);KW-0008 (Acetylcholine receptor inhibiting toxin);KW-0027 (Amidation);KW-0903 (Direct protein sequencing);KW-1015 (Disulfide bond);KW-0872 (Ion channel impairing toxin);KW-0528 (Neurotoxin);KW-0629 (Postsynaptic neurotoxin);KW-0632 (Potassium channel impairing toxin);KW-0964 (Secreted);KW-0732 (Signal);KW-0800 (Toxin);KW-1220 (Voltage-gated potassium channel impairing toxin),Conidae,Conus,,Alpha/kappa-conotoxin pl14a,CJEA_CONPO
Q0T963,In the N-terminal section|IC,PF04829 (PT-VENN)|58.6;PF05860 (TPS)|168.0;PF13332 (Fil_haemagg_2)|192.9;PF15605 (Ntox28)|48.6,CL0268 (Pec_lyase-like),KW-0002 (3D-structure);KW-0175 (Coiled coil);KW-0255 (Endonuclease);KW-0378 (Hydrolase);KW-0472 (Membrane);KW-0540 (Nuclease);KW-0694 (RNA-binding);KW-0964 (Secreted);KW-0732 (Signal);KW-1266 (Target cell cytoplasm);KW-1052 (Target cell membrane);KW-1053 (Target membrane);KW-0800 (Toxin);KW-0820 (tRNA-binding);KW-0843 (Virulence),Enterobacteriaceae,Escherichia,cdiA,tRNA nuclease CdiA,CDIA_ECOL5
Q10464,,PF00234 (Tryp_alpha_amyl)|49.0,CL0482 (Prolamin),KW-0044 (Antibiotic);KW-0929 (Antimicrobial);KW-0903 (Direct protein sequencing);KW-1015 (Disulfide bond);KW-0472 (Membrane);KW-0611 (Plant defense);KW-1185 (Reference proteome);KW-0964 (Secreted);KW-0732 (Signal);KW-0800 (Toxin),Poaceae,Triticum,PINB,Puroindoline-B,PUIB_WHEAT
Q1RP79,phospholipase A2 family|IC,PF00068 (Phospholip_A2_1)|115.3,CL0629 (PLA2),KW-0002 (3D-structure);KW-1203 (Blood coagulation cascade inhibiting toxin);KW-0903 (Direct protein sequencing);KW-1015 (Disulfide bond);KW-1199 (Hemostasis impairing toxin);KW-0378 (Hydrolase);KW-0479 (Metal-binding);KW-0528 (Neurotoxin);KW-1201 (Platelet aggregation inhibiting toxin);KW-0638 (Presynaptic neurotoxin);KW-0964 (Secreted);KW-0732 (Signal);KW-0800 (Toxin),Viperidae,Vipera,,Basic phospholipase A2 chain HDP-1P,PA2B1_VIPNI
Q27049,calycin superfamily|IC,PF03973 (Triabin)|214.1,CL0116 (Calycin),KW-0002 (3D-structure);KW-1203 (Blood coagulation cascade inhibiting toxin);KW-0903 (Direct protein sequencing);KW-1015 (Disulfide bond);KW-1199 (Hemostasis impairing toxin);KW-1201 (Platelet aggregation inhibiting toxin);KW-0646 (Protease inhibitor);KW-0964 (Secreted);KW-0722 (Serine protease inhibitor);KW-0732 (Signal);KW-0800 (Toxin);KW-0838 (Vasoactive),Reduviidae,Meccus,,Triabin,TRIA_MECPA
Q27J49,In the N-terminal section|IC,PF00212 (ANP)|46.6,,KW-0165 (Cleavage on pair of basic residues);KW-0903 (Direct protein sequencing);KW-1015 (Disulfide bond);KW-0382 (Hypotensive agent);KW-0481 (Metalloenzyme inhibitor);KW-0483 (Metalloprotease inhibitor);KW-0646 (Protease inhibitor);KW-0873 (Pyrrolidone carboxylic acid);KW-0964 (Secreted);KW-0732 (Signal);KW-0800 (Toxin);KW-0838 (Vasoactive);KW-0840 (Vasodilator),Viperidae,Lachesis,,Bradykinin-potentiating and C-type natriuretic peptides,BNP_LACMU
Q2YHJ6,phospholipase A2 family|IC,PF00068 (Phospholip_A2_1)|111.9,CL0629 (PLA2),KW-1203 (Blood coagulation cascade inhibiting toxin);KW-0106 (Calcium);KW-0903 (Direct protein sequencing);KW-1015 (Disulfide bond);KW-1199 (Hemostasis impairing toxin);KW-0378 (Hydrolase);KW-0442 (Lipid degradation);KW-0443 (Lipid metabolism);KW-0479 (Metal-binding);KW-1201 (Platelet aggregation inhibiting toxin);KW-0964 (Secreted);KW-0732 (Signal);KW-0800 (Toxin),Viperidae,Craspedocephalus,,Acidic phospholipase A2 Tpu-E6a,PA2AA_CRAPU
Q45894,peptidase M27 family|IC,PF01742 (Peptidase_M27)|739.0;PF07951 (Toxin_R_bind_C)|334.5;PF07952 (Toxin_trans)|529.1;PF07953 (Toxin_R_bind_N)|198.0,CL0004 (Concanavalin);CL0066 (Trefoil);CL0126 (Peptidase_MA),KW-0002 (3D-structure);KW-1015 (Disulfide bond);KW-1032 (Host cell membrane);KW-1035 (Host cytoplasm);KW-1036 (Host cytoplasmic vesicle);KW-1043 (Host membrane);KW-1051 (Host synapse);KW-0378 (Hydrolase);KW-0472 (Membrane);KW-0479 (Metal-binding);KW-0482 (Metalloprotease);KW-0528 (Neurotoxin);KW-0645 (Protease);KW-0964 (Secreted);KW-0800 (Toxin);KW-0812 (Transmembrane);KW-1133 (Transmembrane helix);KW-0843 (Virulence);KW-0862 (Zinc),Clostridiaceae,Clostridium,botA,Botulinum neurotoxin type A2,BXA2_CLOBJ
Q4PRD2,snaclec family|IC,PF00059 (Lectin_C)|61.9,CL0056 (C_Lectin),KW-0002 (3D-structure);KW-1204 (Blood coagulation cascade activating toxin);KW-0106 (Calcium);KW-0903 (Direct protein sequencing);KW-1015 (Disulfide bond);KW-0325 (Glycoprotein);KW-1199 (Hemostasis impairing toxin);KW-0479 (Metal-binding);KW-0964 (Secreted);KW-0732 (Signal);KW-0800 (Toxin),Viperidae,Daboia,LC2,Snaclec coagulation factor X-activating enzyme light chain 2,SLLC2_DABSI
Q4QXT9,peptidase S1 family|SAM,PF00008 (EGF)|32.8;PF00089 (Trypsin)|204.3;PF00594 (Gla)|68.5;PF14670 (FXa_inhibition)|41.1,CL0001 (EGF);CL0124 (Peptidase_PA),KW-0106 (Calcium);KW-0165 (Cleavage on pair of basic residues);KW-1015 (Disulfide bond);KW-0245 (EGF-like domain);KW-0301 (Gamma-carboxyglutamic acid);KW-0325 (Glycoprotein);KW-0356 (Hemostasis);KW-0378 (Hydrolase);KW-0379 (Hydroxylation);KW-0645 (Protease);KW-0655 (Prothrombin activator);KW-0677 (Repeat);KW-0964 (Secreted);KW-0720 (Serine protease);KW-0732 (Signal);KW-0800 (Toxin);KW-0865 (Zymogen),Elapidae,Tropidechis,F10,Coagulation factor X,FA10_TROCA
Q57506,In the N-terminal section|IC,PF00353 (HemolysinCabind)|204.5;PF02382 (RTX)|398.6;PF03497 (Anthrax_toxA)|147.2;PF06594 (HCBP_related)|25.0,CL0592 (beta_Roll),KW-0067 (ATP-binding);KW-0106 (Calcium);KW-0112 (Calmodulin-binding);KW-0115 (cAMP biosynthesis);KW-0204 (Cytolysis);KW-0354 (Hemolysis);KW-1032 (Host cell membrane);KW-1043 (Host membrane);KW-0449 (Lipoprotein);KW-0456 (Lyase);KW-0472 (Membrane);KW-0519 (Myristate);KW-0547 (Nucleotide-binding);KW-0564 (Palmitate);KW-0677 (Repeat);KW-0964 (Secreted);KW-0800 (Toxin);KW-0812 (Transmembrane);KW-0843 (Virulence);KW-0855 (Whooping cough),Alcaligenaceae,Bordetella,cya,Bifunctional hemolysin/adenylate cyclase,CYAA_BORBR
Q58L96,peptidase S1 family|SAM,PF00008 (EGF)|34.6;PF00089 (Trypsin)|193.1;PF00594 (Gla)|68.3;PF14670 (FXa_inhibition)|45.0,CL0001 (EGF);CL0124 (Peptidase_PA),KW-1204 (Blood coagulation cascade activating toxin);KW-0106 (Calcium);KW-0165 (Cleavage on pair of basic residues);KW-1015 (Disulfide bond);KW-0245 (EGF-like domain);KW-0301 (Gamma-carboxyglutamic acid);KW-0325 (Glycoprotein);KW-1199 (Hemostasis impairing toxin);KW-0378 (Hydrolase);KW-0645 (Protease);KW-0655 (Prothrombin activator);KW-0677 (Repeat);KW-0964 (Secreted);KW-0720 (Serine protease);KW-0732 (Signal);KW-0800 (Toxin),Elapidae,Oxyuranus,,Venom prothrombin activator oscutarin-C catalytic subunit,FAXC_OXYSU
Q5W959,peptidase S1 family|SAM,PF00089 (Trypsin)|186.6,CL0124 (Peptidase_PA),KW-0903 (Direct protein sequencing);KW-1015 (Disulfide bond);KW-1206 (Fibrinogenolytic toxin);KW-1205 (Fibrinolytic toxin);KW-0325 (Glycoprotein);KW-1199 (Hemostasis impairing toxin);KW-0378 (Hydrolase);KW-0645 (Protease);KW-0964 (Secreted);KW-0720 (Serine protease);KW-0732 (Signal);KW-0800 (Toxin);KW-0865 (Zymogen),Viperidae,Bothrops,,Snake venom serine protease HS114,VSP14_BOTJA
Q5X9P3,peptidase C10 family|IC,,,KW-0068 (Autocatalytic cleavage);KW-1035 (Host cytoplasm);KW-0378 (Hydrolase);KW-0488 (Methylation);KW-0645 (Protease);KW-0964 (Secreted);KW-0732 (Signal);KW-0788 (Thiol protease);KW-0800 (Toxin);KW-0843 (Virulence);KW-0865 (Zymogen),Streptococcaceae,Streptococcus,speB,Streptopain,SPEB_STRP6
Q5XUW8,venom metalloproteinase (M12B) family|IC,PF00200 (Disintegrin)|52.2;PF01421 (Reprolysin)|217.4;PF01562 (Pep_M12B_propep)|55.8,CL0126 (Peptidase_MA),KW-1204 (Blood coagulation cascade activating toxin);KW-0106 (Calcium);KW-1217 (Cell adhesion impairing toxin);KW-0903 (Direct protein sequencing);KW-1015 (Disulfide bond);KW-1199 (Hemostasis impairing toxin);KW-0378 (Hydrolase);KW-0479 (Metal-binding);KW-0482 (Metalloprotease);KW-1201 (Platelet aggregation inhibiting toxin);KW-0645 (Protease);KW-0655 (Prothrombin activator);KW-0873 (Pyrrolidone carboxylic acid);KW-0964 (Secreted);KW-0732 (Signal);KW-0800 (Toxin);KW-0862 (Zinc);KW-0865 (Zymogen),Viperidae,Bothrops,,Zinc metalloproteinase/disintegrin,VM2IA_BOTIN
Q6EER4,phospholipase A2 family|IC,PF00068 (Phospholip_A2_1)|116.9,CL0629 (PLA2),KW-0106 (Calcium);KW-0903 (Direct protein sequencing);KW-1015 (Disulfide bond);KW-0378 (Hydrolase);KW-0442 (Lipid degradation);KW-0443 (Lipid metabolism);KW-0479 (Metal-binding);KW-0959 (Myotoxin);KW-0964 (Secreted);KW-0732 (Signal);KW-0800 (Toxin),Viperidae,Bothriechis,,Basic phospholipase A2 Bs-N6,PA2B_BOTSC
Q6JK69,phospholipase A2 family|IC,PF00068 (Phospholip_A2_1)|112.7,CL0629 (PLA2),KW-0044 (Antibiotic);KW-0929 (Antimicrobial);KW-0204 (Cytolysis);KW-0903 (Direct protein sequencing);KW-1015 (Disulfide bond);KW-0959 (Myotoxin);KW-0964 (Secreted);KW-0732 (Signal);KW-0800 (Toxin),Viperidae,Bothrops,,Phospholipase A2 homolog 1,PA2H1_BOTAT
Q6PTD1,conotoxin A superfamily|IC,PF07365 (Toxin_8)|93.4,,KW-0008 (Acetylcholine receptor inhibiting toxin);KW-0027 (Amidation);KW-1015 (Disulfide bond);KW-0872 (Ion channel impairing toxin);KW-0528 (Neurotoxin);KW-0629 (Postsynaptic neurotoxin);KW-0964 (Secreted);KW-0732 (Signal);KW-0800 (Toxin),Conidae,Conus,,Alpha-conotoxin Mr1.1,CA11_CONMR
Q7T2R1,phospholipase A2 family|IC,PF00068 (Phospholip_A2_1)|117.3,CL0629 (PLA2),KW-0002 (3D-structure);KW-0106 (Calcium);KW-0903 (Direct protein sequencing);KW-1015 (Disulfide bond);KW-0378 (Hydrolase);KW-0442 (Lipid degradation);KW-0443 (Lipid metabolism);KW-0479 (Metal-binding);KW-0959 (Myotoxin);KW-0528 (Neurotoxin);KW-0593 (Phospholipase A2 inhibitor);KW-0638 (Presynaptic neurotoxin);KW-0964 (Secreted);KW-0732 (Signal);KW-0800 (Toxin),Viperidae,Daboia,,Acidic phospholipase A2 daboiatoxin A chain,PA2AA_DABSI
Q7YXD3,long (4 C-C) scorpion toxin superfamily|IC,PF00537 (Toxin_3)|74.1,CL0054 (Knottin_1),KW-0903 (Direct protein sequencing);KW-1015 (Disulfide bond);KW-0872 (Ion channel impairing toxin);KW-0528 (Neurotoxin);KW-0964 (Secreted);KW-0732 (Signal);KW-0800 (Toxin);KW-0738 (Voltage-gated sodium channel impairing toxin),Buthidae,Androctonus,,Alpha-toxin Amm8,SCX8_ANDMA
Q7ZZS9,venom metalloproteinase (M12B) family|IC,PF00200 (Disintegrin)|52.1;PF01421 (Reprolysin)|205.7;PF01562 (Pep_M12B_propep)|55.7,CL0126 (Peptidase_MA),KW-0106 (Calcium);KW-1217 (Cell adhesion impairing toxin);KW-0903 (Direct protein sequencing);KW-1015 (Disulfide bond);KW-1199 (Hemostasis impairing toxin);KW-0378 (Hydrolase);KW-0479 (Metal-binding);KW-0482 (Metalloprotease);KW-1201 (Platelet aggregation inhibiting toxin);KW-0645 (Protease);KW-0964 (Secreted);KW-0732 (Signal);KW-0800 (Toxin);KW-0862 (Zinc);KW-0865 (Zymogen),Viperidae,Protobothrops,,Zinc metalloproteinase/disintegrin,VM2J_PROJR
Q805A2,phospholipase A2 family|IC,PF00068 (Phospholip_A2_1)|118.2,CL0629 (PLA2),KW-0106 (Calcium);KW-0903 (Direct protein sequencing);KW-1015 (Disulfide bond);KW-0378 (Hydrolase);KW-0442 (Lipid degradation);KW-0443 (Lipid metabolism);KW-0479 (Metal-binding);KW-0959 (Myotoxin);KW-0528 (Neurotoxin);KW-0638 (Presynaptic neurotoxin);KW-0964 (Secreted);KW-0732 (Signal);KW-0800 (Toxin),Viperidae,Protobothrops,,Basic phospholipase A2 PLA-N,PA2BN_PROFL
Q8JIR2,venom metalloproteinase (M12B) family|IC,PF00200 (Disintegrin)|67.9;PF01421 (Reprolysin)|203.6;PF01562 (Pep_M12B_propep)|62.2;PF08516 (ADAM_CR)|69.5,CL0126 (Peptidase_MA);CL0750 (ADAM_CR_sf),KW-0106 (Calcium);KW-1217 (Cell adhesion impairing toxin);KW-0903 (Direct protein sequencing);KW-1015 (Disulfide bond);KW-0325 (Glycoprotein);KW-1200 (Hemorrhagic toxin);KW-1199 (Hemostasis impairing toxin);KW-0378 (Hydrolase);KW-0479 (Metal-binding);KW-0482 (Metalloprotease);KW-1201 (Platelet aggregation inhibiting toxin);KW-0645 (Protease);KW-0964 (Secreted);KW-0732 (Signal);KW-0800 (Toxin);KW-0862 (Zinc);KW-0865 (Zymogen),Viperidae,Protobothrops,,Zinc metalloproteinase/disintegrin-like HR1a,VM3HA_PROFL
Q8VSJ7,OspC family|IC,PF06128 (Shigella_OspC)|590.6,,KW-0040 (ANK repeat);KW-1048 (Host nucleus);KW-0456 (Lyase);KW-0520 (NAD);KW-0614 (Plasmid);KW-1185 (Reference proteome);KW-0677 (Repeat);KW-0964 (Secreted);KW-0800 (Toxin);KW-0843 (Virulence),Enterobacteriaceae,Shigella,ospC1,Arginine ADP-riboxanase OspC1,OSPC1_SHIFL
Q90249,phospholipase A2 family|IC,PF00068 (Phospholip_A2_1)|109.8,CL0629 (PLA2),KW-0002 (3D-structure);KW-0044 (Antibiotic);KW-0929 (Antimicrobial);KW-0903 (Direct protein sequencing);KW-1015 (Disulfide bond);KW-0358 (Heparin-binding);KW-0959 (Myotoxin);KW-0964 (Secreted);KW-0732 (Signal);KW-0800 (Toxin),Viperidae,Bothrops,,Basic phospholipase A2 homolog bothropstoxin-I,PA2H1_BOTJR
Q90495,venom metalloproteinase (M12B) family|IC,PF00200 (Disintegrin)|75.1;PF01421 (Reprolysin)|193.4;PF01562 (Pep_M12B_propep)|63.2;PF08516 (ADAM_CR)|60.1,CL0126 (Peptidase_MA);CL0750 (ADAM_CR_sf),KW-0002 (3D-structure);KW-1204 (Blood coagulation cascade activating toxin);KW-0106 (Calcium);KW-0903 (Direct protein sequencing);KW-1015 (Disulfide bond);KW-0325 (Glycoprotein);KW-1199 (Hemostasis impairing toxin);KW-0378 (Hydrolase);KW-0479 (Metal-binding);KW-0482 (Metalloprotease);KW-0645 (Protease);KW-0655 (Prothrombin activator);KW-0964 (Secreted);KW-0732 (Signal);KW-0800 (Toxin);KW-0862 (Zinc);KW-0865 (Zymogen),Viperidae,Echis,,Zinc metalloproteinase-disintegrin-like ecarin,VM3E_ECHCA
Q90WZ1,bradykinin-related peptide family|IC,PF06753 (Bradykinin)|158.0,,KW-0878 (Amphibian defense peptide);KW-0903 (Direct protein sequencing);KW-1213 (G-protein coupled receptor impairing toxin);KW-0677 (Repeat);KW-0964 (Secreted);KW-0732 (Signal);KW-0800 (Toxin);KW-0838 (Vasoactive);KW-0840 (Vasodilator),Bombinatoridae,Bombina,,Kininogen-1b,BRK1B_BOMMX
Q91132,venom complement C3 homolog family|IC,PF00207 (A2M)|94.1;PF01759 (NTR)|99.0;PF01821 (ANATO)|49.4;PF01835 (MG2)|47.9;PF07677 (A2M_recep)|100.3;PF07678 (TED_complement)|242.5;PF07703 (A2M_BRD)|116.7;PF17789 (MG4)|97.1;PF17790 (MG1)|97.4;PF17791 (MG3)|62.5;PF21308 (C3_CUB2)|100.8;PF21406 (C3_CUB1)|68.5,CL0059 (6_Hairpin);CL0159 (E-set);CL0164 (CUB);CL0353 (TIMP-like),KW-0002 (3D-structure);KW-0165 (Cleavage on pair of basic residues);KW-1216 (Complement system impairing toxin);KW-1015 (Disulfide bond);KW-0325 (Glycoprotein);KW-0395 (Inflammatory response);KW-0460 (Magnesium);KW-0479 (Metal-binding);KW-0964 (Secreted);KW-0732 (Signal);KW-0882 (Thioester bond);KW-0800 (Toxin),Elapidae,Naja,,Cobra venom factor,VCO3_NAJKA
Q91453,SNTX/VTX toxin family|IC,PF00622 (SPRY)|45.5;PF13765 (PRY)|42.1;PF18078 (Thioredoxin_11)|78.3;PF21109 (Stonustoxin_helical)|93.7;PF24674 (MACPF_SNTX)|32.9,CL0004 (Concanavalin);CL0172 (Thioredoxin);CL0293 (CDC),KW-0002 (3D-structure);KW-0204 (Cytolysis);KW-0903 (Direct protein sequencing);KW-1015 (Disulfide bond);KW-0354 (Hemolysis);KW-0872 (Ion channel impairing toxin);KW-0959 (Myotoxin);KW-0528 (Neurotoxin);KW-0632 (Potassium channel impairing toxin);KW-0964 (Secreted);KW-0800 (Toxin),Synanceiidae,Synanceia,,Stonustoxin subunit beta,STXB_SYNHO
Q92032,venom metalloproteinase (M12B) family|IC,PF01421 (Reprolysin)|198.7;PF01562 (Pep_M12B_propep)|61.6,CL0126 (Peptidase_MA),KW-0106 (Calcium);KW-1217 (Cell adhesion impairing toxin);KW-0903 (Direct protein sequencing);KW-1015 (Disulfide bond);KW-1206 (Fibrinogenolytic toxin);KW-1205 (Fibrinolytic toxin);KW-0325 (Glycoprotein);KW-1200 (Hemorrhagic toxin);KW-1199 (Hemostasis impairing toxin);KW-0378 (Hydrolase);KW-0479 (Metal-binding);KW-0482 (Metalloprotease);KW-0959 (Myotoxin);KW-0645 (Protease);KW-0964 (Secreted);KW-0730 (Sialic acid);KW-0732 (Signal);KW-0800 (Toxin);KW-0862 (Zinc);KW-0865 (Zymogen),Viperidae,Agkistrodon,,Snake venom metalloproteinase ACLH,VM1AH_AGKCL
Q9IAT9,phospholipase A2 family|IC,PF00068 (Phospholip_A2_1)|110.6,CL0629 (PLA2),KW-0002 (3D-structure);KW-0044 (Antibiotic);KW-0929 (Antimicrobial);KW-0903 (Direct protein sequencing);KW-1015 (Disulfide bond);KW-0959 (Myotoxin);KW-0528 (Neurotoxin);KW-0964 (Secreted);KW-0800 (Toxin),Viperidae,Bothrops,,Basic phospholipase A2 homolog BnSP-7,PA2H_BOTPA
Q9M654,ribosome-inactivating protein family|IC,PF00161 (RIP)|142.4;PF00652 (Ricin_B_lectin)|141.2,CL0066 (Trefoil),KW-0903 (Direct protein sequencing);KW-1015 (Disulfide bond);KW-0325 (Glycoprotein);KW-0378 (Hydrolase);KW-0430 (Lectin);KW-0611 (Plant defense);KW-0652 (Protein synthesis inhibitor);KW-0677 (Repeat);KW-0732 (Signal);KW-0800 (Toxin),Asparagaceae,Polygonatum,RIPm,Ribosome-inactivating protein PMRIPm,RIPM_POLML
Q9NII7,short scorpion toxin superfamily|IC,PF00451 (Toxin_2)|44.8,CL0054 (Knottin_1),KW-0002 (3D-structure);KW-0027 (Amidation);KW-0903 (Direct protein sequencing);KW-1015 (Disulfide bond);KW-0872 (Ion channel impairing toxin);KW-0528 (Neurotoxin);KW-0632 (Potassium channel impairing toxin);KW-0964 (Secreted);KW-0732 (Signal);KW-0800 (Toxin);KW-1220 (Voltage-gated potassium channel impairing toxin),Buthidae,Olivierus,,Potassium channel toxin alpha-KTx 3.6,KAX36_OLIMR
Q9NJC7,long (4 C-C) scorpion toxin superfamily|IC,PF00537 (Toxin_3)|83.0,CL0054 (Knottin_1),KW-0002 (3D-structure);KW-0903 (Direct protein sequencing);KW-1015 (Disulfide bond);KW-0872 (Ion channel impairing toxin);KW-0528 (Neurotoxin);KW-0964 (Secreted);KW-0732 (Signal);KW-0800 (Toxin);KW-0738 (Voltage-gated sodium channel impairing toxin),Buthidae,Olivierus,,BmK AGP-SYPU2,SC11_OLIMR
Q9PT41,peptidase S1 family|SAM,PF00089 (Trypsin)|193.5,CL0124 (Peptidase_PA),KW-1204 (Blood coagulation cascade activating toxin);KW-0903 (Direct protein sequencing);KW-1015 (Disulfide bond);KW-0325 (Glycoprotein);KW-1199 (Hemostasis impairing toxin);KW-0378 (Hydrolase);KW-0645 (Protease);KW-0964 (Secreted);KW-0720 (Serine protease);KW-0730 (Sialic acid);KW-0732 (Signal);KW-0800 (Toxin),Viperidae,Macrovipera,,Factor V activator,VSPF5_MACLB
Q9PVF0,phospholipase A2 family|IC,PF00068 (Phospholip_A2_1)|105.3,CL0629 (PLA2),KW-0106 (Calcium);KW-1015 (Disulfide bond);KW-1199 (Hemostasis impairing toxin);KW-0378 (Hydrolase);KW-0442 (Lipid degradation);KW-0443 (Lipid metabolism);KW-0479 (Metal-binding);KW-1201 (Platelet aggregation inhibiting toxin);KW-0964 (Secreted);KW-0732 (Signal);KW-0800 (Toxin),Viperidae,Calloselasma,,Acidic phospholipase A2 S1E6-b,PA2AB_CALRH
Q9U655,conotoxin O1 superfamily|IC,PF02950 (Conotoxin)|81.4,CL0083 (Omega_toxin),KW-0165 (Cleavage on pair of basic residues);KW-0903 (Direct protein sequencing);KW-1015 (Disulfide bond);KW-0872 (Ion channel impairing toxin);KW-0960 (Knottin);KW-0528 (Neurotoxin);KW-0558 (Oxidation);KW-0964 (Secreted);KW-0732 (Signal);KW-0800 (Toxin);KW-0738 (Voltage-gated sodium channel impairing toxin),Conidae,Conus,,Delta-conotoxin TxVIA,O16K0_CONTE
Q9UAD0,short scorpion toxin superfamily|SAM,PF05294 (Toxin_5)|66.3,CL0054 (Knottin_1),KW-1265 (Chloride channel impairing toxin);KW-0903 (Direct protein sequencing);KW-1015 (Disulfide bond);KW-0872 (Ion channel impairing toxin);KW-0960 (Knottin);KW-0481 (Metalloenzyme inhibitor);KW-0483 (Metalloprotease inhibitor);KW-0582 (Pharmaceutical);KW-0646 (Protease inhibitor);KW-0964 (Secreted);KW-0732 (Signal);KW-0800 (Toxin);KW-0870 (Voltage-gated chloride channel impairing toxin),Buthidae,Olivierus,,Chlorotoxin-like BmK CT,CTXL_OLIMR
T0D3N5,clostridial glucosylating toxin (LCGT) family|IC,PF01473 (Choline_bind_1)|81.5;PF11713 (Peptidase_C80)|141.0;PF12918 (TcdB_N)|53.9;PF12919 (TcdA_TcdB)|456.3;PF12920 (TcdA_TcdB_pore)|703.1;PF19127 (Choline_bind_3)|142.0,CL0093 (Peptidase_CD);CL0110 (GT-A);CL0694 (Choline_binding),KW-0002 (3D-structure);KW-0068 (Autocatalytic cleavage);KW-0328 (Glycosyltransferase);KW-1032 (Host cell membrane);KW-1035 (Host cytoplasm);KW-1039 (Host endosome);KW-1043 (Host membrane);KW-0378 (Hydrolase);KW-0446 (Lipid-binding);KW-0460 (Magnesium);KW-0464 (Manganese);KW-0472 (Membrane);KW-0479 (Metal-binding);KW-0645 (Protease);KW-0677 (Repeat);KW-0964 (Secreted);KW-0788 (Thiol protease);KW-0800 (Toxin);KW-0808 (Transferase);KW-0843 (Virulence);KW-0862 (Zinc),Peptostreptococcaceae,Paraclostridium,tcsL,Cytotoxin-L,TCSL3_PARS9
U5PZ28,venom metalloproteinase (M12B) family|IC,PF00200 (Disintegrin)|52.1;PF01421 (Reprolysin)|211.9;PF01562 (Pep_M12B_propep)|62.8,CL0126 (Peptidase_MA),KW-0106 (Calcium);KW-0903 (Direct protein sequencing);KW-1015 (Disulfide bond);KW-0325 (Glycoprotein);KW-1200 (Hemorrhagic toxin);KW-1199 (Hemostasis impairing toxin);KW-0378 (Hydrolase);KW-0479 (Metal-binding);KW-0482 (Metalloprotease);KW-1201 (Platelet aggregation inhibiting toxin);KW-0645 (Protease);KW-0873 (Pyrrolidone carboxylic acid);KW-0964 (Secreted);KW-0732 (Signal);KW-0800 (Toxin);KW-0862 (Zinc);KW-0865 (Zymogen),Viperidae,Bothriechis,,Zinc metalloproteinase-disintegrin BlatH1,VM2H1_BOTLA
W8E7D1,nucleotide pyrophosphatase/phosphodiesterase family|IC,PF01033 (Somatomedin_B)|62.3;PF01223 (Endonuclease_NS)|35.1;PF01663 (Phosphodiest)|341.3,CL0088 (Alk_phosphatase);CL0263 (His-Me_finger),KW-0903 (Direct protein sequencing);KW-1015 (Disulfide bond);KW-0325 (Glycoprotein);KW-1199 (Hemostasis impairing toxin);KW-0378 (Hydrolase);KW-0479 (Metal-binding);KW-1201 (Platelet aggregation inhibiting toxin);KW-0677 (Repeat);KW-0964 (Secreted);KW-0732 (Signal);KW-0800 (Toxin),Viperidae,Macrovipera,,Venom phosphodiesterase,PDE_MACLB
X2JCV5,flavin monoamine oxidase family|ISS,PF01593 (Amino_oxidase)|252.1,CL0063 (NADP_Rossmann),KW-0044 (Antibiotic);KW-0929 (Antimicrobial);KW-0903 (Direct protein sequencing);KW-1015 (Disulfide bond);KW-0274 (FAD);KW-0285 (Flavoprotein);KW-0325 (Glycoprotein);KW-1199 (Hemostasis impairing toxin);KW-0560 (Oxidoreductase);KW-1202 (Platelet aggregation activating toxin);KW-0964 (Secreted);KW-0732 (Signal);KW-0800 (Toxin),Viperidae,Cerastes,,L-amino acid oxidase,OXLAA_CERCE
P42296,In the N-terminal section|TAS,PF04740 (LXG)|229.8;PF14449 (PT-TG)|66.3,CL0352 (EsxAB),KW-0175 (Coiled coil);KW-0378 (Hydrolase);KW-0540 (Nuclease);KW-1185 (Reference proteome);KW-0964 (Secreted);KW-0800 (Toxin),Bacillaceae,Bacillus,yxiD,Toxin YxiD,YXID_BACSU
O34330,In the N-terminal section|TAS,PF04740 (LXG)|199.0;PF14411 (LHH)|122.1,CL0263 (His-Me_finger);CL0352 (EsxAB),KW-0175 (Coiled coil);KW-0378 (Hydrolase);KW-0540 (Nuclease);KW-1185 (Reference proteome);KW-0964 (Secreted);KW-0800 (Toxin),Bacillaceae,Bacillus,yobL,Toxin YobL,YOBL_BACSU
P45942,In the N-terminal section|TAS,PF04740 (LXG)|193.6;PF14410 (GH-E)|91.7;PF14449 (PT-TG)|91.5,CL0263 (His-Me_finger);CL0352 (EsxAB),KW-0175 (Coiled coil);KW-0378 (Hydrolase);KW-0540 (Nuclease);KW-1185 (Reference proteome);KW-0964 (Secreted);KW-0800 (Toxin),Bacillaceae,Bacillus,yqcG,Toxin YqcG,YQCG_BACSU
A0A088BP94,neurotoxin 10 (Hwtx-1) family|IC,PF07740 (Toxin_12)|30.2,CL0083 (Omega_toxin),KW-0027 (Amidation);KW-0903 (Direct protein sequencing);KW-1015 (Disulfide bond);KW-0872 (Ion channel impairing toxin);KW-0528 (Neurotoxin);KW-0964 (Secreted);KW-0732 (Signal);KW-0800 (Toxin);KW-0738 (Voltage-gated sodium channel impairing toxin),Sparassidae,Heteropoda,,Mu-sparatoxin-Hv2,TXHV2_HETVE
A0A1L2FZD4,short scorpion toxin superfamily|IC,PF05453 (Toxin_6)|52.0,CL0054 (Knottin_1),KW-0903 (Direct protein sequencing);KW-1015 (Disulfide bond);KW-0872 (Ion channel impairing toxin);KW-0632 (Potassium channel impairing toxin);KW-0964 (Secreted);KW-0732 (Signal);KW-0800 (Toxin);KW-1220 (Voltage-gated potassium channel impairing toxin),Buthidae,Orthochirus,,Potassium channel toxin alpha-KTx 8.8,KAX88_ORTSC
A0A1P8NVR5,O2 superfamily|IC,PF02950 (Conotoxin)|38.4,CL0083 (Omega_toxin),KW-0027 (Amidation);KW-0208 (D-amino acid);KW-0903 (Direct protein sequencing);KW-1015 (Disulfide bond);KW-0301 (Gamma-carboxyglutamic acid);KW-0872 (Ion channel impairing toxin);KW-0528 (Neurotoxin);KW-0964 (Secreted);KW-0732 (Signal);KW-0800 (Toxin),Conidae,Conus,,Contryphan-Ar2,COW1_CONAO
A0A242DI27,peptidase M27 family|IC,PF01742 (Peptidase_M27)|180.5;PF07952 (Toxin_trans)|274.7;PF07953 (Toxin_R_bind_N)|96.1,CL0004 (Concanavalin);CL0126 (Peptidase_MA),KW-0002 (3D-structure);KW-1015 (Disulfide bond);KW-1032 (Host cell membrane);KW-1035 (Host cytoplasm);KW-1036 (Host cytoplasmic vesicle);KW-1043 (Host membrane);KW-0378 (Hydrolase);KW-0472 (Membrane);KW-0479 (Metal-binding);KW-0482 (Metalloprotease);KW-0528 (Neurotoxin);KW-0645 (Protease);KW-0964 (Secreted);KW-0800 (Toxin);KW-0862 (Zinc),Enterococcaceae,Enterococcus,,Botulinum-like toxin eBoNT/J,BXJ_ENTS3
A0A2I6EDN5,conotoxin M superfamily|IC,PF02950 (Conotoxin)|42.8,CL0083 (Omega_toxin),KW-0027 (Amidation);KW-0903 (Direct protein sequencing);KW-1015 (Disulfide bond);KW-0379 (Hydroxylation);KW-0964 (Secreted);KW-0732 (Signal);KW-0800 (Toxin),Conidae,Conus,,Conotoxin reg3a,CM3A_CONRE
A0A3G3C7U9,conotoxin M superfamily|IC,PF02950 (Conotoxin)|52.2,CL0083 (Omega_toxin),KW-0027 (Amidation);KW-0165 (Cleavage on pair of basic residues);KW-0903 (Direct protein sequencing);KW-1015 (Disulfide bond);KW-0379 (Hydroxylation);KW-0872 (Ion channel impairing toxin);KW-0528 (Neurotoxin);KW-0964 (Secreted);KW-0732 (Signal);KW-0800 (Toxin);KW-0738 (Voltage-gated sodium channel impairing toxin),Conidae,Conus,,Mu-conotoxin-like Am3.4,CM34_CONAA
A0A3G6IHA6,conotoxin O1 superfamily|IC,,,KW-0165 (Cleavage on pair of basic residues);KW-0903 (Direct protein sequencing);KW-1015 (Disulfide bond);KW-0872 (Ion channel impairing toxin);KW-0960 (Knottin);KW-0528 (Neurotoxin);KW-0873 (Pyrrolidone carboxylic acid);KW-0964 (Secreted);KW-0800 (Toxin);KW-0738 (Voltage-gated sodium channel impairing toxin),Conidae,Conus,,Delta-conotoxin AtVIA,O16A_CONAD
A0A447CCJ8,,PF27653 (SPOK2_N)|767.3,,KW-0175 (Coiled coil);KW-0963 (Cytoplasm);KW-0539 (Nucleus);KW-1185 (Reference proteome);KW-0800 (Toxin),Podosporaceae,Podospora,SPOK1,Meiotic driver SPOK1,SPOK1_PODCO
A0A482APN3,WTF family|IC,PF03303 (WTF)|345.8,,KW-0024 (Alternative initiation);KW-0963 (Cytoplasm);KW-0256 (Endoplasmic reticulum);KW-0472 (Membrane);KW-0800 (Toxin);KW-0812 (Transmembrane);KW-1133 (Transmembrane helix);KW-0926 (Vacuole),Schizosaccharomycetaceae,Schizosaccharomyces,wtf19,Meiotic driver wtf19,WTF19_SCHKA
A0A516F180,,PF27653 (SPOK2_N)|758.2,,KW-0175 (Coiled coil);KW-0963 (Cytoplasm);KW-0539 (Nucleus);KW-0800 (Toxin),Podosporaceae,Podospora,SPOK3,Meiotic driver SPOK3,SPOK3_PODAS
A0A5C1ZW08,phospholipase A2 family|IC,,,KW-0106 (Calcium);KW-0903 (Direct protein sequencing);KW-1015 (Disulfide bond);KW-0378 (Hydrolase);KW-0379 (Hydroxylation);KW-0873 (Pyrrolidone carboxylic acid);KW-0964 (Secreted);KW-0732 (Signal);KW-0800 (Toxin),Conidae,Conus,,Conodipine-P3,COP3_CONPU
A0A5C1ZXT8,phospholipase A2 family|IC,,,KW-0106 (Calcium);KW-1015 (Disulfide bond);KW-0378 (Hydrolase);KW-0379 (Hydroxylation);KW-0873 (Pyrrolidone carboxylic acid);KW-0964 (Secreted);KW-0732 (Signal);KW-0800 (Toxin),Conidae,Conus,,Conodipine-P2,COP2_CONPU
A0A6G9KJK9,formicidae venom precursor-01 superfamily|IC,PF17499 (Pilosulin)|69.3,,KW-0027 (Amidation);KW-0929 (Antimicrobial);KW-0964 (Secreted);KW-0732 (Signal);KW-0800 (Toxin),Formicidae,Manica,,U10-myrmicitoxin-Mri1a,TX10A_MANRB
A0A6G9KJV6,formicidae venom precursor-01 superfamily|IC,PF17499 (Pilosulin)|68.9,,KW-0027 (Amidation);KW-0929 (Antimicrobial);KW-0964 (Secreted);KW-0732 (Signal);KW-0800 (Toxin),Formicidae,Manica,,U10-myrmicitoxin-Mri1b,TX10B_MANRB
A0A6P8HC43,venom Kunitz-type family|IC,PF00014 (Kunitz_BPTI)|254.4,CL0894 (BPTI),KW-0165 (Cleavage on pair of basic residues);KW-0903 (Direct protein sequencing);KW-1015 (Disulfide bond);KW-0872 (Ion channel impairing toxin);KW-0166 (Nematocyst);KW-0632 (Potassium channel impairing toxin);KW-0646 (Protease inhibitor);KW-1185 (Reference proteome);KW-0677 (Repeat);KW-0964 (Secreted);KW-0722 (Serine protease inhibitor);KW-0732 (Signal);KW-0800 (Toxin),Actiniidae,Actinia,,Actinia tenebrosa protease inhibitors,ATPI1_ACTTE
A6YR20,conotoxin O1 superfamily|IC,PF02950 (Conotoxin)|30.9,CL0083 (Omega_toxin),KW-0102 (Bromination);KW-0903 (Direct protein sequencing);KW-1015 (Disulfide bond);KW-0301 (Gamma-carboxyglutamic acid);KW-0379 (Hydroxylation);KW-0872 (Ion channel impairing toxin);KW-0528 (Neurotoxin);KW-0964 (Secreted);KW-0732 (Signal);KW-0800 (Toxin);KW-0738 (Voltage-gated sodium channel impairing toxin),Conidae,Californiconus,,Mu-conotoxin cal12a,COC1A_CONCL
A8QL48,venom metalloproteinase (M12B) family|IC,PF00200 (Disintegrin)|74.4;PF01421 (Reprolysin)|201.2;PF01562 (Pep_M12B_propep)|58.5;PF08516 (ADAM_CR)|57.9,CL0126 (Peptidase_MA);CL0750 (ADAM_CR_sf),KW-1217 (Cell adhesion impairing toxin);KW-1015 (Disulfide bond);KW-1206 (Fibrinogenolytic toxin);KW-0325 (Glycoprotein);KW-1199 (Hemostasis impairing toxin);KW-0378 (Hydrolase);KW-0479 (Metal-binding);KW-0482 (Metalloprotease);KW-1201 (Platelet aggregation inhibiting toxin);KW-0645 (Protease);KW-0964 (Secreted);KW-0732 (Signal);KW-0800 (Toxin);KW-0862 (Zinc);KW-0865 (Zymogen),Elapidae,Bungarus,,Zinc metalloproteinase-disintegrin-like BfMP,VM3_BUNFA
B0FXM1,peptidase S1 family|SAM,PF00089 (Trypsin)|183.9,CL0124 (Peptidase_PA),KW-1204 (Blood coagulation cascade activating toxin);KW-1015 (Disulfide bond);KW-0325 (Glycoprotein);KW-1199 (Hemostasis impairing toxin);KW-0378 (Hydrolase);KW-0872 (Ion channel impairing toxin);KW-0632 (Potassium channel impairing toxin);KW-0645 (Protease);KW-0964 (Secreted);KW-0720 (Serine protease);KW-0732 (Signal);KW-0800 (Toxin);KW-1220 (Voltage-gated potassium channel impairing toxin),Viperidae,Crotalus,,Thrombin-like enzyme gyroxin B1.3,VSP13_CRODU
B0FXM2,peptidase S1 family|SAM,PF00089 (Trypsin)|185.0,CL0124 (Peptidase_PA),KW-1204 (Blood coagulation cascade activating toxin);KW-1015 (Disulfide bond);KW-0325 (Glycoprotein);KW-1199 (Hemostasis impairing toxin);KW-0378 (Hydrolase);KW-0645 (Protease);KW-0964 (Secreted);KW-0720 (Serine protease);KW-0732 (Signal);KW-0800 (Toxin),Viperidae,Crotalus,,Thrombin-like enzyme gyroxin B1.4,VSP14_CRODU
B0VXV4,PDGF/VEGF growth factor family|IC,PF00341 (PDGF)|79.7,CL0079 (Cystine-knot),KW-1015 (Disulfide bond);KW-0339 (Growth factor);KW-0873 (Pyrrolidone carboxylic acid);KW-0964 (Secreted);KW-0732 (Signal);KW-0800 (Toxin),Viperidae,Sistrurus,,Snake venom vascular endothelial growth factor toxin 2,TXVE_SISCA
B1B5I8,venom Kunitz-type family|IC,PF00014 (Kunitz_BPTI)|72.3,CL0894 (BPTI),KW-0903 (Direct protein sequencing);KW-1015 (Disulfide bond);KW-0872 (Ion channel impairing toxin);KW-0166 (Nematocyst);KW-0632 (Potassium channel impairing toxin);KW-0646 (Protease inhibitor);KW-0964 (Secreted);KW-0722 (Serine protease inhibitor);KW-0732 (Signal);KW-0800 (Toxin);KW-1220 (Voltage-gated potassium channel impairing toxin),Stichodactylidae,Stichodactyla,,KappaPI-stichotoxin-Shd2a,VKT3_STIHA
B1NWS8,sea anemone sodium channel inhibitory toxin family|IC,PF00706 (Toxin_4)|77.9,CL0075 (Defensin),KW-0025 (Alternative splicing);KW-0165 (Cleavage on pair of basic residues);KW-1015 (Disulfide bond);KW-0872 (Ion channel impairing toxin);KW-0528 (Neurotoxin);KW-1185 (Reference proteome);KW-0964 (Secreted);KW-0732 (Signal);KW-0800 (Toxin);KW-0738 (Voltage-gated sodium channel impairing toxin),Edwardsiidae,Nematostella,,N.vectensis toxin 1 6,NA240_NEMVE
B1P1A4,neurotoxin 10 (Hwtx-1) family|IC,,,KW-0027 (Amidation);KW-0903 (Direct protein sequencing);KW-1015 (Disulfide bond);KW-0872 (Ion channel impairing toxin);KW-0960 (Knottin);KW-0964 (Secreted);KW-0732 (Signal);KW-0800 (Toxin),Theraphosidae,Chilobrachys,,U1-theraphotoxin-Cg1a 2,JZT7B_CHIGU
B1P1B9,neurotoxin 10 (Hwtx-1) family|IC,,,KW-0903 (Direct protein sequencing);KW-1015 (Disulfide bond);KW-0872 (Ion channel impairing toxin);KW-0960 (Knottin);KW-0528 (Neurotoxin);KW-0964 (Secreted);KW-0732 (Signal);KW-0800 (Toxin);KW-0738 (Voltage-gated sodium channel impairing toxin),Theraphosidae,Chilobrachys,,U7-theraphotoxin-Cg1a,JZTX2_CHIGU
B1P1D7,neurotoxin 10 (Hwtx-1) family|IC,PF07740 (Toxin_12)|28.2,CL0083 (Omega_toxin),KW-0903 (Direct protein sequencing);KW-1015 (Disulfide bond);KW-0872 (Ion channel impairing toxin);KW-0960 (Knottin);KW-0964 (Secreted);KW-0732 (Signal);KW-0800 (Toxin),Theraphosidae,Chilobrachys,,U13-theraphotoxin-Cg1a,JZT36_CHIGU
B1P1E5,neurotoxin 10 (Hwtx-1) family|IC,,,KW-0027 (Amidation);KW-0903 (Direct protein sequencing);KW-1015 (Disulfide bond);KW-0872 (Ion channel impairing toxin);KW-0960 (Knottin);KW-0964 (Secreted);KW-0732 (Signal);KW-0800 (Toxin),Theraphosidae,Chilobrachys,,U14-theraphotoxin-Cg1a 3,JZ21C_CHIGU
B1P1F4,neurotoxin 10 (Hwtx-1) family|IC,PF02950 (Conotoxin)|27.6,CL0083 (Omega_toxin),KW-0027 (Amidation);KW-0903 (Direct protein sequencing);KW-1015 (Disulfide bond);KW-0872 (Ion channel impairing toxin);KW-0960 (Knottin);KW-0964 (Secreted);KW-0732 (Signal);KW-0800 (Toxin);KW-0738 (Voltage-gated sodium channel impairing toxin),Theraphosidae,Chilobrachys,,Mu-theraphotoxin-Cg2a 1,JZ31A_CHIGU
B1P1G0,neurotoxin 10 (Hwtx-1) family|IC,PF07740 (Toxin_12)|31.1,CL0083 (Omega_toxin),KW-0027 (Amidation);KW-0903 (Direct protein sequencing);KW-1015 (Disulfide bond);KW-0872 (Ion channel impairing toxin);KW-0960 (Knottin);KW-0964 (Secreted);KW-0732 (Signal);KW-0800 (Toxin),Theraphosidae,Chilobrachys,,U21-theraphotoxin-Cg1a 2,JZ38B_CHIGU
B1P1G3,neurotoxin 10 (Hwtx-1) family|IC,PF07740 (Toxin_12)|31.1,CL0083 (Omega_toxin),KW-0027 (Amidation);KW-0903 (Direct protein sequencing);KW-1015 (Disulfide bond);KW-0872 (Ion channel impairing toxin);KW-0960 (Knottin);KW-0964 (Secreted);KW-0732 (Signal);KW-0800 (Toxin),Theraphosidae,Chilobrachys,,U21-theraphotoxin-Cg1a 3,JZ38C_CHIGU
B1P1G8,neurotoxin 10 (Hwtx-1) family|IC,PF07740 (Toxin_12)|32.0,CL0083 (Omega_toxin),KW-0027 (Amidation);KW-0903 (Direct protein sequencing);KW-1015 (Disulfide bond);KW-0872 (Ion channel impairing toxin);KW-0960 (Knottin);KW-0964 (Secreted);KW-0732 (Signal);KW-0800 (Toxin),Theraphosidae,Chilobrachys,,U22-theraphotoxin-Cg1a,JZT44_CHIGU
B3EWY4,neurotoxin 12 (Hwtx-2) family|IC,PF08089 (Toxin_20)|59.9,CL0083 (Omega_toxin),KW-0903 (Direct protein sequencing);KW-1015 (Disulfide bond);KW-0528 (Neurotoxin);KW-0964 (Secreted);KW-0732 (Signal);KW-0800 (Toxin),Theraphosidae,Acanthoscurria,,U1-theraphotoxin-Ap1a,TXA1_ACAPA
B3SRV6,rotavirus NSP4 family|SAM,PF01452 (Rota_NSP4)|328.2,,KW-1072 (Activation of host autophagy by virus);KW-0106 (Calcium);KW-0260 (Enterotoxin);KW-0325 (Glycoprotein);KW-1038 (Host endoplasmic reticulum);KW-1043 (Host membrane);KW-0945 (Host-virus interaction);KW-0407 (Ion channel);KW-0406 (Ion transport);KW-0472 (Membrane);KW-0479 (Metal-binding);KW-0964 (Secreted);KW-0735 (Signal-anchor);KW-0800 (Toxin);KW-0812 (Transmembrane);KW-1133 (Transmembrane helix);KW-0813 (Transport);KW-1182 (Viral ion channel);KW-0843 (Virulence),Sedoreoviridae,Rotavirus,,Non-structural glycoprotein 4,NSP4_ROTHP
B7FDP2,long (4 C-C) scorpion toxin superfamily|IC,PF00537 (Toxin_3)|42.3,CL0054 (Knottin_1),KW-0165 (Cleavage on pair of basic residues);KW-0903 (Direct protein sequencing);KW-1015 (Disulfide bond);KW-0872 (Ion channel impairing toxin);KW-0528 (Neurotoxin);KW-0964 (Secreted);KW-0732 (Signal);KW-0800 (Toxin);KW-0738 (Voltage-gated sodium channel impairing toxin),Buthidae,Centruroides,,Toxin Css39.8,SCX39_CENSU
B7U492,venom metalloproteinase (M12B) family|IC,PF01421 (Reprolysin)|208.8;PF01562 (Pep_M12B_propep)|64.7,CL0126 (Peptidase_MA),KW-0106 (Calcium);KW-1015 (Disulfide bond);KW-1206 (Fibrinogenolytic toxin);KW-1205 (Fibrinolytic toxin);KW-0325 (Glycoprotein);KW-1199 (Hemostasis impairing toxin);KW-0378 (Hydrolase);KW-0479 (Metal-binding);KW-0482 (Metalloprotease);KW-0645 (Protease);KW-0964 (Secreted);KW-0732 (Signal);KW-0800 (Toxin);KW-0862 (Zinc);KW-0865 (Zymogen),Viperidae,Agkistrodon,,Snake venom metalloproteinase VMP1,VM1V1_AGKPL
C0HJC3,sea anemone type 1 potassium channel toxin family|IC,PF01549 (ShK)|20.9,CL0213 (ShK-like),KW-0903 (Direct protein sequencing);KW-1015 (Disulfide bond);KW-0872 (Ion channel impairing toxin);KW-0166 (Nematocyst);KW-0528 (Neurotoxin);KW-0632 (Potassium channel impairing toxin);KW-0964 (Secreted);KW-0800 (Toxin);KW-1220 (Voltage-gated potassium channel impairing toxin),Actiniidae,Bunodosoma,,Kappa-actitoxin-Bcs3b,K1B2_BUNCI
C0HJM4,venom metalloproteinase (M12B) family|IC,PF00200 (Disintegrin)|61.4,,KW-1217 (Cell adhesion impairing toxin);KW-0903 (Direct protein sequencing);KW-1015 (Disulfide bond);KW-1199 (Hemostasis impairing toxin);KW-1201 (Platelet aggregation inhibiting toxin);KW-0964 (Secreted);KW-0800 (Toxin),Viperidae,Crotalus,,Disintegrin simusmin,VM2_CROSM
C0HJQ4,short scorpion toxin superfamily|TAS,PF00451 (Toxin_2)|43.1,CL0054 (Knottin_1),KW-0027 (Amidation);KW-0903 (Direct protein sequencing);KW-1015 (Disulfide bond);KW-0872 (Ion channel impairing toxin);KW-0632 (Potassium channel impairing toxin);KW-0964 (Secreted);KW-0732 (Signal);KW-0800 (Toxin);KW-1220 (Voltage-gated potassium channel impairing toxin),Buthidae,Mesobuthus,,Potassium channel toxin alpha-KTx 3.18,KAX3I_MESEU
C0HJQ7,short scorpion toxin superfamily|TAS,PF00451 (Toxin_2)|60.1,CL0054 (Knottin_1),KW-0903 (Direct protein sequencing);KW-1015 (Disulfide bond);KW-0872 (Ion channel impairing toxin);KW-0632 (Potassium channel impairing toxin);KW-0873 (Pyrrolidone carboxylic acid);KW-0964 (Secreted);KW-0800 (Toxin);KW-1220 (Voltage-gated potassium channel impairing toxin),Buthidae,Mesobuthus,,Potassium channel toxin alpha-KTx 1.17,KAX1H_MESEU
C0HJU6,venom Kunitz-type family|IC,PF00014 (Kunitz_BPTI)|81.2,CL0894 (BPTI),KW-0903 (Direct protein sequencing);KW-1015 (Disulfide bond);KW-0872 (Ion channel impairing toxin);KW-0166 (Nematocyst);KW-0632 (Potassium channel impairing toxin);KW-0646 (Protease inhibitor);KW-0964 (Secreted);KW-0722 (Serine protease inhibitor);KW-0800 (Toxin);KW-1220 (Voltage-gated potassium channel impairing toxin),Stichodactylidae,Radianthus,,PI-stichotoxin-Hcr2f,VKT2F_RADCR
C0HJV6,cationic peptide 06 (cytoinsectotoxin) family|IC,PF10279 (Latarcin)|27.2,,KW-0027 (Amidation);KW-0044 (Antibiotic);KW-0929 (Antimicrobial);KW-0903 (Direct protein sequencing);KW-0964 (Secreted);KW-0732 (Signal);KW-0800 (Toxin),Zodariidae,Lachesana,,Cytoinsectotoxin-4,CTX4_LACTA
C0HJX1,leguminous lectin family|IC,PF00139 (Lectin_legB)|216.5,CL0004 (Concanavalin),KW-0002 (3D-structure);KW-0106 (Calcium);KW-0903 (Direct protein sequencing);KW-0325 (Glycoprotein);KW-0430 (Lectin);KW-0464 (Manganese);KW-0465 (Mannose-binding);KW-0479 (Metal-binding);KW-0800 (Toxin),Fabaceae,Centrolobium,,Mannose/glucose-specific lectin,LECC1_CENTO
C0HKC2,phospholipase A2 family|IC,PF00068 (Phospholip_A2_1)|111.5,CL0629 (PLA2),KW-0903 (Direct protein sequencing);KW-1015 (Disulfide bond);KW-0959 (Myotoxin);KW-0964 (Secreted);KW-0732 (Signal);KW-0800 (Toxin),Viperidae,Agkistrodon,,Basic phospholipase A2 homolog APL-K49,PA2HB_AGKPL
C0HL38,,,,KW-0903 (Direct protein sequencing);KW-1015 (Disulfide bond);KW-0872 (Ion channel impairing toxin);KW-0528 (Neurotoxin);KW-0632 (Potassium channel impairing toxin);KW-0964 (Secreted);KW-0732 (Signal);KW-0800 (Toxin);KW-1220 (Voltage-gated potassium channel impairing toxin);KW-0738 (Voltage-gated sodium channel impairing toxin),Nephilidae,Trichonephila,,Insect toxin mu-NPTX-Nc1a,TX1A_TRICU
C0HLB2,venom Kunitz-type family|IC,PF00014 (Kunitz_BPTI)|78.5,CL0894 (BPTI),KW-0002 (3D-structure);KW-0903 (Direct protein sequencing);KW-1015 (Disulfide bond);KW-0872 (Ion channel impairing toxin);KW-0632 (Potassium channel impairing toxin);KW-0646 (Protease inhibitor);KW-0873 (Pyrrolidone carboxylic acid);KW-0964 (Secreted);KW-0722 (Serine protease inhibitor);KW-0800 (Toxin);KW-1220 (Voltage-gated potassium channel impairing toxin),Viperidae,Pseudocerastes,,Kunitz-type serine protease inhibitor PPTI,VKT_PSEPC
C0HLS2,,,,KW-0903 (Direct protein sequencing);KW-1015 (Disulfide bond);KW-0964 (Secreted);KW-0800 (Toxin),Formicidae,Pseudomyrmex,,DELTA-pseudomyrmecitoxin-Pp1a subunit A,PP1AA_PSEPY
C0JAQ5,arthropod phospholipase D family|IC,PF13653 (GDPD_2)|41.8,CL0036 (TIM_barrel),KW-0204 (Cytolysis);KW-1061 (Dermonecrotic toxin);KW-1015 (Disulfide bond);KW-0354 (Hemolysis);KW-0442 (Lipid degradation);KW-0443 (Lipid metabolism);KW-0456 (Lyase);KW-0460 (Magnesium);KW-0479 (Metal-binding);KW-0964 (Secreted);KW-0800 (Toxin),Sicariidae,Loxosceles,,Dermonecrotic toxin LhSicTox-alphaIA2ai,A1IA1_LOXHI
C0JAR7,arthropod phospholipase D family|IC,PF13653 (GDPD_2)|37.5,CL0036 (TIM_barrel),KW-0204 (Cytolysis);KW-1061 (Dermonecrotic toxin);KW-1015 (Disulfide bond);KW-0354 (Hemolysis);KW-0442 (Lipid degradation);KW-0443 (Lipid metabolism);KW-0456 (Lyase);KW-0460 (Magnesium);KW-0479 (Metal-binding);KW-0964 (Secreted);KW-0800 (Toxin),Sicariidae,Loxosceles,,Dermonecrotic toxin LhSicTox-alphaIA2avii,A1IA7_LOXHI
C0JAS0,arthropod phospholipase D family|IC,PF13653 (GDPD_2)|41.8,CL0036 (TIM_barrel),KW-0204 (Cytolysis);KW-1061 (Dermonecrotic toxin);KW-1015 (Disulfide bond);KW-0354 (Hemolysis);KW-0442 (Lipid degradation);KW-0443 (Lipid metabolism);KW-0456 (Lyase);KW-0460 (Magnesium);KW-0479 (Metal-binding);KW-0964 (Secreted);KW-0800 (Toxin),Sicariidae,Loxosceles,,Dermonecrotic toxin LhSicTox-alphaIA2bii,A1IB2_LOXHI
C0JAU2,arthropod phospholipase D family|IC,PF13653 (GDPD_2)|41.5,CL0036 (TIM_barrel),KW-0204 (Cytolysis);KW-1061 (Dermonecrotic toxin);KW-1015 (Disulfide bond);KW-0354 (Hemolysis);KW-0442 (Lipid degradation);KW-0443 (Lipid metabolism);KW-0456 (Lyase);KW-0460 (Magnesium);KW-0479 (Metal-binding);KW-0964 (Secreted);KW-0800 (Toxin),Sicariidae,Loxosceles,,Dermonecrotic toxin LspaSicTox-alphaIA1iii,A1H3_LOXSP
C0JAU7,arthropod phospholipase D family|IC,PF13653 (GDPD_2)|40.6,CL0036 (TIM_barrel),KW-0204 (Cytolysis);KW-1061 (Dermonecrotic toxin);KW-1015 (Disulfide bond);KW-0325 (Glycoprotein);KW-0354 (Hemolysis);KW-0442 (Lipid degradation);KW-0443 (Lipid metabolism);KW-0456 (Lyase);KW-0460 (Magnesium);KW-0479 (Metal-binding);KW-0964 (Secreted);KW-0800 (Toxin),Sicariidae,Loxosceles,,Dermonecrotic toxin LsaSicTox-alphaIB2i,A1L1_LOXSA
C0JAW2,arthropod phospholipase D family|IC,PF13653 (GDPD_2)|44.4,CL0036 (TIM_barrel),KW-0204 (Cytolysis);KW-1061 (Dermonecrotic toxin);KW-1015 (Disulfide bond);KW-0325 (Glycoprotein);KW-0354 (Hemolysis);KW-0442 (Lipid degradation);KW-0443 (Lipid metabolism);KW-0456 (Lyase);KW-0460 (Magnesium);KW-0479 (Metal-binding);KW-0964 (Secreted);KW-0800 (Toxin),Sicariidae,Loxosceles,,Dermonecrotic toxin LapSicTox-alphaIB1b3,A1KB3_LOXAP
C0JAW4,arthropod phospholipase D family|IC,PF13653 (GDPD_2)|45.9,CL0036 (TIM_barrel),KW-0204 (Cytolysis);KW-1061 (Dermonecrotic toxin);KW-1015 (Disulfide bond);KW-0325 (Glycoprotein);KW-0354 (Hemolysis);KW-0442 (Lipid degradation);KW-0443 (Lipid metabolism);KW-0456 (Lyase);KW-0460 (Magnesium);KW-0479 (Metal-binding);KW-0964 (Secreted);KW-0800 (Toxin),Sicariidae,Loxosceles,,Dermonecrotic toxin LdSicTox-alphaIB1bi,A1KB1_LOXDE
C0JAW7,arthropod phospholipase D family|IC,PF13653 (GDPD_2)|45.9,CL0036 (TIM_barrel),KW-0204 (Cytolysis);KW-1061 (Dermonecrotic toxin);KW-1015 (Disulfide bond);KW-0325 (Glycoprotein);KW-0354 (Hemolysis);KW-0442 (Lipid degradation);KW-0443 (Lipid metabolism);KW-0456 (Lyase);KW-0460 (Magnesium);KW-0479 (Metal-binding);KW-0964 (Secreted);KW-0800 (Toxin),Sicariidae,Loxosceles,,Dermonecrotic toxin LdSicTox-alphaIB1aii,A1KA2_LOXDE
C0JAX4,arthropod phospholipase D family|IC,PF13653 (GDPD_2)|42.4,CL0036 (TIM_barrel),KW-0204 (Cytolysis);KW-1061 (Dermonecrotic toxin);KW-1015 (Disulfide bond);KW-0354 (Hemolysis);KW-0442 (Lipid degradation);KW-0443 (Lipid metabolism);KW-0456 (Lyase);KW-0460 (Magnesium);KW-0479 (Metal-binding);KW-0964 (Secreted);KW-0800 (Toxin),Sicariidae,Loxosceles,,Dermonecrotic toxin LdSicTox-alphaIB3aii,A1MA2_LOXDE
C0JAY0,arthropod phospholipase D family|IC,,,KW-0204 (Cytolysis);KW-1061 (Dermonecrotic toxin);KW-1015 (Disulfide bond);KW-0354 (Hemolysis);KW-0442 (Lipid degradation);KW-0443 (Lipid metabolism);KW-0456 (Lyase);KW-0460 (Magnesium);KW-0479 (Metal-binding);KW-0964 (Secreted);KW-0800 (Toxin),Sicariidae,Loxosceles,,Dermonecrotic toxin LdSicTox-alphaIB3avi,A1MA6_LOXDE
C0JAY8,arthropod phospholipase D family|IC,PF13653 (GDPD_2)|45.1,CL0036 (TIM_barrel),KW-0204 (Cytolysis);KW-1061 (Dermonecrotic toxin);KW-1015 (Disulfide bond);KW-0354 (Hemolysis);KW-0442 (Lipid degradation);KW-0443 (Lipid metabolism);KW-0456 (Lyase);KW-0460 (Magnesium);KW-0479 (Metal-binding);KW-0964 (Secreted);KW-0800 (Toxin),Sicariidae,Loxosceles,,Dermonecrotic toxin LsaSicTox-alphaIB1aiv,A1KA4_LOXSA
C0JAZ4,arthropod phospholipase D family|IC,,,KW-0204 (Cytolysis);KW-1061 (Dermonecrotic toxin);KW-1015 (Disulfide bond);KW-0354 (Hemolysis);KW-0442 (Lipid degradation);KW-0443 (Lipid metabolism);KW-0456 (Lyase);KW-0460 (Magnesium);KW-0479 (Metal-binding);KW-0964 (Secreted);KW-0800 (Toxin),Sicariidae,Loxosceles,,Dermonecrotic toxin LvSicTox-alphaIC1bi,A1OB1_LOXVA
C0JAZ8,arthropod phospholipase D family|IC,,,KW-0204 (Cytolysis);KW-1061 (Dermonecrotic toxin);KW-1015 (Disulfide bond);KW-0354 (Hemolysis);KW-0442 (Lipid degradation);KW-0443 (Lipid metabolism);KW-0456 (Lyase);KW-0460 (Magnesium);KW-0479 (Metal-binding);KW-0964 (Secreted);KW-0800 (Toxin),Sicariidae,Loxosceles,,Dermonecrotic toxin LvSicTox-alphaIC1bv,A1OB5_LOXVA
C0JAZ9,arthropod phospholipase D family|IC,PF13653 (GDPD_2)|41.9,CL0036 (TIM_barrel),KW-0204 (Cytolysis);KW-1061 (Dermonecrotic toxin);KW-1015 (Disulfide bond);KW-0354 (Hemolysis);KW-0442 (Lipid degradation);KW-0443 (Lipid metabolism);KW-0456 (Lyase);KW-0460 (Magnesium);KW-0479 (Metal-binding);KW-0964 (Secreted);KW-0800 (Toxin),Sicariidae,Loxosceles,,Dermonecrotic toxin LamSicTox-alphaIC1,A1O_LOXAM
C0JB08,arthropod phospholipase D family|IC,PF13653 (GDPD_2)|44.3,CL0036 (TIM_barrel),KW-0204 (Cytolysis);KW-1061 (Dermonecrotic toxin);KW-1015 (Disulfide bond);KW-0354 (Hemolysis);KW-0442 (Lipid degradation);KW-0443 (Lipid metabolism);KW-0456 (Lyase);KW-0460 (Magnesium);KW-0479 (Metal-binding);KW-0964 (Secreted);KW-0800 (Toxin),Sicariidae,Loxosceles,,Dermonecrotic toxin LarSicTox-alphaII1,A21_LOXAR
C0JB15,arthropod phospholipase D family|IC,PF13653 (GDPD_2)|41.1,CL0036 (TIM_barrel),KW-0204 (Cytolysis);KW-1061 (Dermonecrotic toxin);KW-1015 (Disulfide bond);KW-0354 (Hemolysis);KW-0442 (Lipid degradation);KW-0443 (Lipid metabolism);KW-0456 (Lyase);KW-0460 (Magnesium);KW-0479 (Metal-binding);KW-0964 (Secreted);KW-0800 (Toxin),Sicariidae,Loxosceles,,Dermonecrotic toxin LhSicTox-alphaIV1ii,A412_LOXHI
C0JB17,arthropod phospholipase D family|IC,,,KW-0204 (Cytolysis);KW-1061 (Dermonecrotic toxin);KW-1015 (Disulfide bond);KW-0354 (Hemolysis);KW-0442 (Lipid degradation);KW-0443 (Lipid metabolism);KW-0456 (Lyase);KW-0460 (Magnesium);KW-0479 (Metal-binding);KW-0964 (Secreted);KW-0800 (Toxin),Sicariidae,Loxosceles,,Dermonecrotic toxin LhSicTox-alphaIV2,A42_LOXHI
C0JB18,arthropod phospholipase D family|IC,,,KW-0204 (Cytolysis);KW-1061 (Dermonecrotic toxin);KW-1015 (Disulfide bond);KW-0354 (Hemolysis);KW-0442 (Lipid degradation);KW-0443 (Lipid metabolism);KW-0456 (Lyase);KW-0460 (Magnesium);KW-0479 (Metal-binding);KW-0964 (Secreted);KW-0800 (Toxin),Sicariidae,Loxosceles,,Dermonecrotic toxin LamSicTox-alphaIV1i,A411_LOXAM
C0JB28,arthropod phospholipase D family|IC,,,KW-0204 (Cytolysis);KW-1061 (Dermonecrotic toxin);KW-1015 (Disulfide bond);KW-0354 (Hemolysis);KW-0442 (Lipid degradation);KW-0443 (Lipid metabolism);KW-0456 (Lyase);KW-0460 (Magnesium);KW-0479 (Metal-binding);KW-0964 (Secreted);KW-0800 (Toxin),Sicariidae,Loxosceles,,Dermonecrotic toxin LlSicTox-alphaIV2iv,A424_LOXLA
C0JB29,arthropod phospholipase D family|IC,PF13653 (GDPD_2)|38.7,CL0036 (TIM_barrel),KW-0204 (Cytolysis);KW-1061 (Dermonecrotic toxin);KW-1015 (Disulfide bond);KW-0354 (Hemolysis);KW-0442 (Lipid degradation);KW-0443 (Lipid metabolism);KW-0456 (Lyase);KW-0460 (Magnesium);KW-0479 (Metal-binding);KW-0964 (Secreted);KW-0800 (Toxin),Sicariidae,Loxosceles,,Dermonecrotic toxin LlSicTox-alphaIV3,A43_LOXLA
C0JB33,arthropod phospholipase D family|IC,PF13653 (GDPD_2)|37.2,CL0036 (TIM_barrel),KW-0204 (Cytolysis);KW-1061 (Dermonecrotic toxin);KW-1015 (Disulfide bond);KW-0354 (Hemolysis);KW-0442 (Lipid degradation);KW-0443 (Lipid metabolism);KW-0456 (Lyase);KW-0460 (Magnesium);KW-0479 (Metal-binding);KW-0964 (Secreted);KW-0800 (Toxin),Sicariidae,Sicarius,,Dermonecrotic toxin SpeSicTox-betaIB3,B1M_SICPE
C0JB34,arthropod phospholipase D family|IC,PF13653 (GDPD_2)|37.2,CL0036 (TIM_barrel),KW-0204 (Cytolysis);KW-1061 (Dermonecrotic toxin);KW-1015 (Disulfide bond);KW-0354 (Hemolysis);KW-0442 (Lipid degradation);KW-0443 (Lipid metabolism);KW-0456 (Lyase);KW-0460 (Magnesium);KW-0479 (Metal-binding);KW-0964 (Secreted);KW-0800 (Toxin),Sicariidae,Sicarius,,Dermonecrotic toxin SpeSicTox-betaIB4,B1N_SICPE
C0JB35,arthropod phospholipase D family|IC,PF13653 (GDPD_2)|34.2,CL0036 (TIM_barrel),KW-0204 (Cytolysis);KW-1061 (Dermonecrotic toxin);KW-1015 (Disulfide bond);KW-0354 (Hemolysis);KW-0442 (Lipid degradation);KW-0443 (Lipid metabolism);KW-0456 (Lyase);KW-0460 (Magnesium);KW-0479 (Metal-binding);KW-0964 (Secreted);KW-0800 (Toxin),Sicariidae,Sicarius,,Dermonecrotic toxin SpeSicTox-betaIB1a,B1KA_SICPE
C0JB44,arthropod phospholipase D family|IC,,,KW-0204 (Cytolysis);KW-1061 (Dermonecrotic toxin);KW-1015 (Disulfide bond);KW-0354 (Hemolysis);KW-0442 (Lipid degradation);KW-0443 (Lipid metabolism);KW-0456 (Lyase);KW-0460 (Magnesium);KW-0479 (Metal-binding);KW-0964 (Secreted);KW-0800 (Toxin),Sicariidae,Loxosceles,,Dermonecrotic toxin LspiSicTox-betaIE3i,B1T1_LOXSN
C0JB53,arthropod phospholipase D family|IC,,,KW-0204 (Cytolysis);KW-1061 (Dermonecrotic toxin);KW-1015 (Disulfide bond);KW-0354 (Hemolysis);KW-0442 (Lipid degradation);KW-0443 (Lipid metabolism);KW-0456 (Lyase);KW-0460 (Magnesium);KW-0479 (Metal-binding);KW-0964 (Secreted);KW-0800 (Toxin),Sicariidae,Sicarius,,Dermonecrotic toxin SpeSicTox-betaIF1,B1V_SICPE
C0JB68,arthropod phospholipase D family|IC,,,KW-0204 (Cytolysis);KW-1061 (Dermonecrotic toxin);KW-1015 (Disulfide bond);KW-0354 (Hemolysis);KW-0442 (Lipid degradation);KW-0443 (Lipid metabolism);KW-0456 (Lyase);KW-0460 (Magnesium);KW-0479 (Metal-binding);KW-0964 (Secreted);KW-0800 (Toxin),Sicariidae,Sicarius,,Dermonecrotic toxin SpaSicTox-betaIIA1,B2H_SICPA
C0JB75,arthropod phospholipase D family|IC,,,KW-0204 (Cytolysis);KW-1061 (Dermonecrotic toxin);KW-1015 (Disulfide bond);KW-0354 (Hemolysis);KW-0442 (Lipid degradation);KW-0443 (Lipid metabolism);KW-0456 (Lyase);KW-0460 (Magnesium);KW-0479 (Metal-binding);KW-0964 (Secreted);KW-0800 (Toxin),Sicariidae,Sicarius,,Dermonecrotic toxin SdSicTox-betaIIB1bv,B2KB5_SICCD
C0JB79,arthropod phospholipase D family|IC,,,KW-0204 (Cytolysis);KW-1061 (Dermonecrotic toxin);KW-1015 (Disulfide bond);KW-0354 (Hemolysis);KW-0442 (Lipid degradation);KW-0443 (Lipid metabolism);KW-0456 (Lyase);KW-0460 (Magnesium);KW-0479 (Metal-binding);KW-0964 (Secreted);KW-0800 (Toxin),Sicariidae,Sicarius,,Dermonecrotic toxin SdSicTox-betaIIB1ai,B2KA4_SICCD
C0JB81,arthropod phospholipase D family|IC,,,KW-0204 (Cytolysis);KW-1061 (Dermonecrotic toxin);KW-1015 (Disulfide bond);KW-0354 (Hemolysis);KW-0442 (Lipid degradation);KW-0443 (Lipid metabolism);KW-0456 (Lyase);KW-0460 (Magnesium);KW-0479 (Metal-binding);KW-0964 (Secreted);KW-0800 (Toxin),Sicariidae,Sicarius,,Dermonecrotic toxin SdSicTox-betaIIB1bvii,B2KB7_SICCD
C0JB85,arthropod phospholipase D family|IC,,,KW-0204 (Cytolysis);KW-1061 (Dermonecrotic toxin);KW-1015 (Disulfide bond);KW-0354 (Hemolysis);KW-0442 (Lipid degradation);KW-0443 (Lipid metabolism);KW-0456 (Lyase);KW-0460 (Magnesium);KW-0479 (Metal-binding);KW-0964 (Secreted);KW-0800 (Toxin),Sicariidae,Sicarius,,Dermonecrotic toxin SdSicTox-betaIIB1bxi,B2KBB_SICCD
C0JB89,arthropod phospholipase D family|IC,,,KW-0204 (Cytolysis);KW-1061 (Dermonecrotic toxin);KW-1015 (Disulfide bond);KW-0354 (Hemolysis);KW-0442 (Lipid degradation);KW-0443 (Lipid metabolism);KW-0456 (Lyase);KW-0460 (Magnesium);KW-0479 (Metal-binding);KW-0964 (Secreted);KW-0800 (Toxin),Sicariidae,Sicarius,,Dermonecrotic toxin SdSicTox-betaIIB2i,B2L1_SICCD
C0JB90,arthropod phospholipase D family|IC,,,KW-0204 (Cytolysis);KW-1061 (Dermonecrotic toxin);KW-1015 (Disulfide bond);KW-0354 (Hemolysis);KW-0442 (Lipid degradation);KW-0443 (Lipid metabolism);KW-0456 (Lyase);KW-0460 (Magnesium);KW-0479 (Metal-binding);KW-0964 (Secreted);KW-0800 (Toxin),Sicariidae,Sicarius,,Dermonecrotic toxin SdSicTox-betaIIB2ii,B2L2_SICCD
C0JB94,arthropod phospholipase D family|IC,PF03009 (GDPD)|28.5,CL0036 (TIM_barrel),KW-0204 (Cytolysis);KW-1061 (Dermonecrotic toxin);KW-1015 (Disulfide bond);KW-0325 (Glycoprotein);KW-0354 (Hemolysis);KW-0442 (Lipid degradation);KW-0443 (Lipid metabolism);KW-0456 (Lyase);KW-0460 (Magnesium);KW-0479 (Metal-binding);KW-0964 (Secreted);KW-0800 (Toxin),Sicariidae,Loxosceles,,Dermonecrotic toxin LspiSicTox-betaIII1 B,B312_LOXSN
C0K3N1,PDGF/VEGF growth factor family|IC,PF00341 (PDGF)|84.9,CL0079 (Cystine-knot),KW-0903 (Direct protein sequencing);KW-1015 (Disulfide bond);KW-0339 (Growth factor);KW-0873 (Pyrrolidone carboxylic acid);KW-0964 (Secreted);KW-0732 (Signal);KW-0800 (Toxin),Viperidae,Bitis,,Snake venom vascular endothelial growth factor toxin barietin,TXVE_BITAR
C0K3N3,PDGF/VEGF growth factor family|IC,PF00341 (PDGF)|81.0,CL0079 (Cystine-knot),KW-1015 (Disulfide bond);KW-0339 (Growth factor);KW-0873 (Pyrrolidone carboxylic acid);KW-0964 (Secreted);KW-0732 (Signal);KW-0800 (Toxin),Viperidae,Crotalus,,Snake venom vascular endothelial growth factor toxin cratrin,TXVE_CROAT
C5H5D2,venom metalloproteinase (M12B) family|IC,PF00200 (Disintegrin)|73.8;PF01421 (Reprolysin)|203.1;PF08516 (ADAM_CR)|70.7,CL0126 (Peptidase_MA);CL0750 (ADAM_CR_sf),KW-0053 (Apoptosis);KW-0106 (Calcium);KW-1217 (Cell adhesion impairing toxin);KW-1015 (Disulfide bond);KW-1206 (Fibrinogenolytic toxin);KW-0325 (Glycoprotein);KW-1200 (Hemorrhagic toxin);KW-1199 (Hemostasis impairing toxin);KW-0378 (Hydrolase);KW-0479 (Metal-binding);KW-0482 (Metalloprotease);KW-0645 (Protease);KW-0964 (Secreted);KW-0800 (Toxin);KW-0862 (Zinc),Viperidae,Bothrops,,Zinc metalloproteinase-disintegrin-like batroxstatin-1,VM31_BOTAT
C5H5D4,venom metalloproteinase (M12B) family|IC,PF00200 (Disintegrin)|78.2;PF01421 (Reprolysin)|209.2;PF08516 (ADAM_CR)|62.1,CL0126 (Peptidase_MA);CL0750 (ADAM_CR_sf),KW-0053 (Apoptosis);KW-0106 (Calcium);KW-1217 (Cell adhesion impairing toxin);KW-1015 (Disulfide bond);KW-1206 (Fibrinogenolytic toxin);KW-0325 (Glycoprotein);KW-1200 (Hemorrhagic toxin);KW-1199 (Hemostasis impairing toxin);KW-0378 (Hydrolase);KW-0479 (Metal-binding);KW-0482 (Metalloprotease);KW-0645 (Protease);KW-0964 (Secreted);KW-0800 (Toxin);KW-0862 (Zinc),Viperidae,Bothrops,,Zinc metalloproteinase-disintegrin-like batroxstatin-3,VM33_BOTAT
C9DPL5,phospholipase A2 family|IC,PF00068 (Phospholip_A2_1)|111.7,CL0629 (PLA2),KW-0106 (Calcium);KW-0903 (Direct protein sequencing);KW-1015 (Disulfide bond);KW-1199 (Hemostasis impairing toxin);KW-0378 (Hydrolase);KW-0382 (Hypotensive agent);KW-0442 (Lipid degradation);KW-0443 (Lipid metabolism);KW-0479 (Metal-binding);KW-1201 (Platelet aggregation inhibiting toxin);KW-0964 (Secreted);KW-0800 (Toxin),Viperidae,Bothrops,,Acidic phospholipase A2 BpirPLA2-I,PA2A1_BOTPI
C9E1R7,venom metalloproteinase (M12B) family|IC,PF00200 (Disintegrin)|58.9;PF01421 (Reprolysin)|196.5;PF01562 (Pep_M12B_propep)|60.8,CL0126 (Peptidase_MA),KW-0106 (Calcium);KW-1217 (Cell adhesion impairing toxin);KW-1015 (Disulfide bond);KW-1199 (Hemostasis impairing toxin);KW-0378 (Hydrolase);KW-0479 (Metal-binding);KW-0482 (Metalloprotease);KW-1201 (Platelet aggregation inhibiting toxin);KW-0645 (Protease);KW-0873 (Pyrrolidone carboxylic acid);KW-0964 (Secreted);KW-0732 (Signal);KW-0800 (Toxin);KW-0862 (Zinc);KW-0865 (Zymogen),Viperidae,Crotalus,,Zinc metalloproteinase-disintegrin VMP-II,VM2V2_CROAT
C9E1S0,venom metalloproteinase (M12B) family|IC,PF00200 (Disintegrin)|72.7;PF01421 (Reprolysin)|199.4;PF01562 (Pep_M12B_propep)|61.2;PF08516 (ADAM_CR)|60.1,CL0126 (Peptidase_MA);CL0750 (ADAM_CR_sf),KW-0106 (Calcium);KW-1217 (Cell adhesion impairing toxin);KW-1015 (Disulfide bond);KW-0325 (Glycoprotein);KW-1199 (Hemostasis impairing toxin);KW-0378 (Hydrolase);KW-0479 (Metal-binding);KW-0482 (Metalloprotease);KW-0645 (Protease);KW-0964 (Secreted);KW-0732 (Signal);KW-0800 (Toxin);KW-0862 (Zinc);KW-0865 (Zymogen),Viperidae,Agkistrodon,,Zinc metalloproteinase-disintegrin-like VMP-III,VM3V3_AGKPL
D1FQ14,aegyptin family|IC,PF25001 (Aegyptin_C)|105.4,,KW-0325 (Glycoprotein);KW-1199 (Hemostasis impairing toxin);KW-1201 (Platelet aggregation inhibiting toxin);KW-0964 (Secreted);KW-0732 (Signal);KW-0800 (Toxin),Simuliidae,Simulium,,Simplagrin,ALL3_SIMNI
D2Y207,neurotoxin 12 (Hwtx-2) family|IC,PF08089 (Toxin_20)|61.0,CL0083 (Omega_toxin),KW-0903 (Direct protein sequencing);KW-1015 (Disulfide bond);KW-0528 (Neurotoxin);KW-0629 (Postsynaptic neurotoxin);KW-0964 (Secreted);KW-0732 (Signal);KW-0800 (Toxin),Theraphosidae,Cyriopagopus,,U4-theraphotoxin-Hhn1a,H2A04_CYRHA
D2Y208,neurotoxin 12 (Hwtx-2) family|IC,PF08089 (Toxin_20)|61.0,CL0083 (Omega_toxin),KW-0903 (Direct protein sequencing);KW-1015 (Disulfide bond);KW-0528 (Neurotoxin);KW-0629 (Postsynaptic neurotoxin);KW-0964 (Secreted);KW-0732 (Signal);KW-0800 (Toxin),Theraphosidae,Cyriopagopus,,U4-theraphotoxin-Hhn1a,H2A05_CYRHA
D2Y209,neurotoxin 12 (Hwtx-2) family|IC,PF08089 (Toxin_20)|61.0,CL0083 (Omega_toxin),KW-0903 (Direct protein sequencing);KW-1015 (Disulfide bond);KW-0528 (Neurotoxin);KW-0629 (Postsynaptic neurotoxin);KW-0964 (Secreted);KW-0732 (Signal);KW-0800 (Toxin),Theraphosidae,Cyriopagopus,,U4-theraphotoxin-Hhn1a,H2A06_CYRHA
D2Y2K5,neurotoxin 12 (Hwtx-2) family|IC,PF08089 (Toxin_20)|61.0,CL0083 (Omega_toxin),KW-0903 (Direct protein sequencing);KW-1015 (Disulfide bond);KW-0528 (Neurotoxin);KW-0629 (Postsynaptic neurotoxin);KW-0964 (Secreted);KW-0732 (Signal);KW-0800 (Toxin),Theraphosidae,Cyriopagopus,,U4-theraphotoxin-Hhn1a,H2A18_CYRHA
D2Y2K8,neurotoxin 12 (Hwtx-2) family|IC,PF08089 (Toxin_20)|61.0,CL0083 (Omega_toxin),KW-0903 (Direct protein sequencing);KW-1015 (Disulfide bond);KW-0528 (Neurotoxin);KW-0629 (Postsynaptic neurotoxin);KW-0964 (Secreted);KW-0732 (Signal);KW-0800 (Toxin),Theraphosidae,Cyriopagopus,,U4-theraphotoxin-Hhn1a,H2A21_CYRHA
D2YZQ3,actinoporin family|IC,PF06369 (Anemone_cytotox)|335.6,CL0872 (PfC-like),KW-0165 (Cleavage on pair of basic residues);KW-0204 (Cytolysis);KW-0406 (Ion transport);KW-0472 (Membrane);KW-0166 (Nematocyst);KW-0964 (Secreted);KW-0732 (Signal);KW-1052 (Target cell membrane);KW-1053 (Target membrane);KW-0800 (Toxin);KW-0812 (Transmembrane);KW-0813 (Transport),Aliciidae,Actineria,,DELTA-thalatoxin-Avl1b,ACTP2_ACTVL
D3JXM1,short scorpion toxin superfamily|IC,PF00451 (Toxin_2)|48.5,CL0054 (Knottin_1),KW-0903 (Direct protein sequencing);KW-1015 (Disulfide bond);KW-0872 (Ion channel impairing toxin);KW-0528 (Neurotoxin);KW-0632 (Potassium channel impairing toxin);KW-0964 (Secreted);KW-0732 (Signal);KW-0800 (Toxin);KW-1220 (Voltage-gated potassium channel impairing toxin),Buthidae,Mesobuthus,,Potassium channel toxin alpha-KTx 16.4,KA164_MESEU
D6MKR0,phospholipase A2 family|IC,PF00068 (Phospholip_A2_1)|110.7,CL0629 (PLA2),KW-1203 (Blood coagulation cascade inhibiting toxin);KW-0106 (Calcium);KW-1015 (Disulfide bond);KW-1199 (Hemostasis impairing toxin);KW-0378 (Hydrolase);KW-0442 (Lipid degradation);KW-0443 (Lipid metabolism);KW-0479 (Metal-binding);KW-1201 (Platelet aggregation inhibiting toxin);KW-0964 (Secreted);KW-0732 (Signal);KW-0800 (Toxin),Viperidae,Crotalus,,Acidic phospholipase A2 CH-E6',PA2A6_CROHD
D8VNS0,venom metalloproteinase (M12B) family|IC,PF00200 (Disintegrin)|69.2;PF01421 (Reprolysin)|202.7;PF01562 (Pep_M12B_propep)|65.1;PF08516 (ADAM_CR)|62.6,CL0126 (Peptidase_MA);CL0750 (ADAM_CR_sf),KW-0106 (Calcium);KW-1015 (Disulfide bond);KW-1199 (Hemostasis impairing toxin);KW-0378 (Hydrolase);KW-0479 (Metal-binding);KW-0482 (Metalloprotease);KW-1202 (Platelet aggregation activating toxin);KW-0645 (Protease);KW-0964 (Secreted);KW-0732 (Signal);KW-0800 (Toxin);KW-0862 (Zinc);KW-0865 (Zymogen),Homalopsidae,Cerberus,,Zinc metalloproteinase-disintegrin-like,VM3_CERRY
E2ITZ3,three-finger toxin family|IC,PF21947 (Toxin_cobra-type)|52.4,CL0117 (uPAR_Ly6_toxin),KW-0008 (Acetylcholine receptor inhibiting toxin);KW-0903 (Direct protein sequencing);KW-1015 (Disulfide bond);KW-0872 (Ion channel impairing toxin);KW-0528 (Neurotoxin);KW-0629 (Postsynaptic neurotoxin);KW-0964 (Secreted);KW-0732 (Signal);KW-0800 (Toxin),Elapidae,Naja,,Alpha-elapitoxin-Na1a,3S11A_NAJAT
E7CAU3,long (4 C-C) scorpion toxin superfamily|SAM,PF00537 (Toxin_3)|82.3,CL0054 (Knottin_1),KW-0903 (Direct protein sequencing);KW-1015 (Disulfide bond);KW-0872 (Ion channel impairing toxin);KW-0528 (Neurotoxin);KW-0964 (Secreted);KW-0800 (Toxin);KW-0738 (Voltage-gated sodium channel impairing toxin),Buthidae,Olivierus,AGP-SYPU1,Neurotoxin BmK AGP-SYPU1,SCU1_OLIMR
E9NW27,venom metalloproteinase (M12B) family|IC,PF00200 (Disintegrin)|53.9;PF01421 (Reprolysin)|203.4;PF01562 (Pep_M12B_propep)|61.8,CL0126 (Peptidase_MA),KW-1217 (Cell adhesion impairing toxin);KW-1015 (Disulfide bond);KW-0325 (Glycoprotein);KW-1199 (Hemostasis impairing toxin);KW-0378 (Hydrolase);KW-0479 (Metal-binding);KW-0482 (Metalloprotease);KW-1201 (Platelet aggregation inhibiting toxin);KW-0645 (Protease);KW-0964 (Secreted);KW-0732 (Signal);KW-0800 (Toxin);KW-0862 (Zinc);KW-0865 (Zymogen),Viperidae,Protobothrops,,Zinc metalloproteinase/disintegrin PMMP-2,VM2P2_PROMU
F8RKW0,venom metalloproteinase (M12B) family|IC,PF00200 (Disintegrin)|73.7;PF01421 (Reprolysin)|222.3;PF01562 (Pep_M12B_propep)|65.4;PF08516 (ADAM_CR)|55.9,CL0126 (Peptidase_MA);CL0750 (ADAM_CR_sf),KW-0106 (Calcium);KW-1015 (Disulfide bond);KW-0325 (Glycoprotein);KW-1199 (Hemostasis impairing toxin);KW-0378 (Hydrolase);KW-0479 (Metal-binding);KW-0482 (Metalloprotease);KW-0645 (Protease);KW-0964 (Secreted);KW-0732 (Signal);KW-0800 (Toxin);KW-0862 (Zinc);KW-0865 (Zymogen),Elapidae,Drysdalia,,Zinc metalloproteinase-disintegrin-like MTP8,VM38_DRYCN
F8RKW1,venom metalloproteinase (M12B) family|IC,PF00200 (Disintegrin)|70.4;PF01421 (Reprolysin)|224.1;PF01562 (Pep_M12B_propep)|65.4;PF08516 (ADAM_CR)|56.5,CL0126 (Peptidase_MA);CL0750 (ADAM_CR_sf),KW-0106 (Calcium);KW-1015 (Disulfide bond);KW-0325 (Glycoprotein);KW-1199 (Hemostasis impairing toxin);KW-0378 (Hydrolase);KW-0479 (Metal-binding);KW-0482 (Metalloprotease);KW-0645 (Protease);KW-0964 (Secreted);KW-0732 (Signal);KW-0800 (Toxin);KW-0862 (Zinc);KW-0865 (Zymogen),Elapidae,Drysdalia,,Zinc metalloproteinase-disintegrin-like MTP4,VM34_DRYCN
G0LXV8,cationic peptide 01 (latrotoxin) family|IC,PF12796 (Ank_2)|386.2;PF13637 (Ank_4)|279.9,CL0465 (Ank),KW-0040 (ANK repeat);KW-0165 (Cleavage on pair of basic residues);KW-0903 (Direct protein sequencing);KW-1015 (Disulfide bond);KW-0268 (Exocytosis);KW-0472 (Membrane);KW-0528 (Neurotoxin);KW-0638 (Presynaptic neurotoxin);KW-0677 (Repeat);KW-0964 (Secreted);KW-0732 (Signal);KW-1052 (Target cell membrane);KW-1053 (Target membrane);KW-0800 (Toxin);KW-0812 (Transmembrane),Theridiidae,Latrodectus,,Alpha-latrotoxin-Lh1a,LATA_LATHA
H6VC05,venom Kunitz-type family|IC,PF00014 (Kunitz_BPTI)|67.3,CL0894 (BPTI),KW-1204 (Blood coagulation cascade activating toxin);KW-1015 (Disulfide bond);KW-1199 (Hemostasis impairing toxin);KW-0646 (Protease inhibitor);KW-0873 (Pyrrolidone carboxylic acid);KW-0964 (Secreted);KW-0722 (Serine protease inhibitor);KW-0732 (Signal);KW-0800 (Toxin),Viperidae,Daboia,,Kunitz-type serine protease inhibitor DrKIn-I,VKTK1_DABRR
I6RA66,scoloptoxin-07 family|IC,,,KW-0165 (Cleavage on pair of basic residues);KW-0903 (Direct protein sequencing);KW-1015 (Disulfide bond);KW-0872 (Ion channel impairing toxin);KW-0528 (Neurotoxin);KW-0632 (Potassium channel impairing toxin);KW-0964 (Secreted);KW-0732 (Signal);KW-0800 (Toxin);KW-1220 (Voltage-gated potassium channel impairing toxin),Scolopendridae,Scolopendra,,Kappa-scoloptoxin(07)-Ssm2a,TX72A_SCOMU
J3S829,venom metalloproteinase (M12B) family|IC,PF00200 (Disintegrin)|73.8;PF01421 (Reprolysin)|201.1;PF01562 (Pep_M12B_propep)|61.5;PF08516 (ADAM_CR)|68.6,CL0126 (Peptidase_MA);CL0750 (ADAM_CR_sf),KW-0106 (Calcium);KW-1217 (Cell adhesion impairing toxin);KW-1015 (Disulfide bond);KW-0325 (Glycoprotein);KW-1199 (Hemostasis impairing toxin);KW-0378 (Hydrolase);KW-0479 (Metal-binding);KW-0482 (Metalloprotease);KW-0645 (Protease);KW-0964 (Secreted);KW-0732 (Signal);KW-0800 (Toxin);KW-0862 (Zinc);KW-0865 (Zymogen),Viperidae,Crotalus,,Zinc metalloproteinase-disintegrin-like 2a,VM32A_CROAD
J3S830,venom metalloproteinase (M12B) family|IC,PF00200 (Disintegrin)|67.9;PF01421 (Reprolysin)|209.2;PF01562 (Pep_M12B_propep)|62.4;PF08516 (ADAM_CR)|67.6,CL0126 (Peptidase_MA);CL0750 (ADAM_CR_sf),KW-0106 (Calcium);KW-1217 (Cell adhesion impairing toxin);KW-1015 (Disulfide bond);KW-0325 (Glycoprotein);KW-1199 (Hemostasis impairing toxin);KW-0378 (Hydrolase);KW-0479 (Metal-binding);KW-0482 (Metalloprotease);KW-0645 (Protease);KW-0964 (Secreted);KW-0732 (Signal);KW-0800 (Toxin);KW-0862 (Zinc);KW-0865 (Zymogen),Viperidae,Crotalus,,Zinc metalloproteinase-disintegrin-like 3a,VM33_CROAD
J3SDW6,venom metalloproteinase (M12B) family|IC,PF00200 (Disintegrin)|73.8;PF01421 (Reprolysin)|201.1;PF01562 (Pep_M12B_propep)|61.5;PF08516 (ADAM_CR)|65.6,CL0126 (Peptidase_MA);CL0750 (ADAM_CR_sf),KW-0106 (Calcium);KW-1217 (Cell adhesion impairing toxin);KW-0903 (Direct protein sequencing);KW-1015 (Disulfide bond);KW-0325 (Glycoprotein);KW-1199 (Hemostasis impairing toxin);KW-0378 (Hydrolase);KW-0479 (Metal-binding);KW-0482 (Metalloprotease);KW-0645 (Protease);KW-0964 (Secreted);KW-0732 (Signal);KW-0800 (Toxin);KW-0862 (Zinc);KW-0865 (Zymogen),Viperidae,Crotalus,,Zinc metalloproteinase-disintegrin-like 2d,VM32D_CROAD
J3SEZ3,nucleotide pyrophosphatase/phosphodiesterase family|IC,PF01033 (Somatomedin_B)|63.8;PF01223 (Endonuclease_NS)|33.9;PF01663 (Phosphodiest)|348.0,CL0088 (Alk_phosphatase);CL0263 (His-Me_finger),KW-1015 (Disulfide bond);KW-0325 (Glycoprotein);KW-1199 (Hemostasis impairing toxin);KW-0378 (Hydrolase);KW-0479 (Metal-binding);KW-1201 (Platelet aggregation inhibiting toxin);KW-0677 (Repeat);KW-0964 (Secreted);KW-0732 (Signal);KW-0800 (Toxin),Viperidae,Crotalus,,Venom phosphodiesterase 1,PDE1_CROAD
J9Z332,venom metalloproteinase (M12B) family|IC,PF00200 (Disintegrin)|58.4;PF01421 (Reprolysin)|197.2;PF01562 (Pep_M12B_propep)|60.5,CL0126 (Peptidase_MA),KW-0106 (Calcium);KW-1217 (Cell adhesion impairing toxin);KW-1015 (Disulfide bond);KW-0325 (Glycoprotein);KW-1199 (Hemostasis impairing toxin);KW-0378 (Hydrolase);KW-0479 (Metal-binding);KW-0482 (Metalloprotease);KW-1201 (Platelet aggregation inhibiting toxin);KW-0645 (Protease);KW-0964 (Secreted);KW-0732 (Signal);KW-0800 (Toxin);KW-0862 (Zinc);KW-0865 (Zymogen),Viperidae,Crotalus,,Zinc metalloproteinase-disintegrin VMP-II,VM2_CROAD
K7N5K9,neurotoxin 14 (magi-1) family,,,KW-0002 (3D-structure);KW-0027 (Amidation);KW-0903 (Direct protein sequencing);KW-1015 (Disulfide bond);KW-0872 (Ion channel impairing toxin);KW-0960 (Knottin);KW-0964 (Secreted);KW-0732 (Signal);KW-0800 (Toxin),Theraphosidae,Selenotypus,,U1-theraphotoxin-Sp1a,TX1_SELPU
M1JBC0,long (4 C-C) scorpion toxin superfamily|IC,PF00537 (Toxin_3)|77.8,CL0054 (Knottin_1),KW-0903 (Direct protein sequencing);KW-1015 (Disulfide bond);KW-0872 (Ion channel impairing toxin);KW-0528 (Neurotoxin);KW-0964 (Secreted);KW-0800 (Toxin);KW-0738 (Voltage-gated sodium channel impairing toxin),Buthidae,Androctonus,,Sodium channel alpha-toxin Acra4,SCX4_ANDCR
O42138,venom metalloproteinase (M12B) family|IC,PF00200 (Disintegrin)|74.1;PF01421 (Reprolysin)|212.8;PF01562 (Pep_M12B_propep)|58.8;PF08516 (ADAM_CR)|63.8,CL0126 (Peptidase_MA);CL0750 (ADAM_CR_sf),KW-1204 (Blood coagulation cascade activating toxin);KW-0106 (Calcium);KW-1217 (Cell adhesion impairing toxin);KW-1015 (Disulfide bond);KW-0325 (Glycoprotein);KW-1199 (Hemostasis impairing toxin);KW-0378 (Hydrolase);KW-0479 (Metal-binding);KW-0482 (Metalloprotease);KW-1201 (Platelet aggregation inhibiting toxin);KW-0645 (Protease);KW-0655 (Prothrombin activator);KW-0964 (Secreted);KW-0732 (Signal);KW-0800 (Toxin);KW-0862 (Zinc);KW-0865 (Zymogen),Viperidae,Agkistrodon,,Zinc metalloproteinase-disintegrin-like ACLD,VM3AD_AGKCL
O96559,apyrase family|IC,PF06079 (Apyrase)|391.7,CL0143 (B_Fructosidase),KW-0067 (ATP-binding);KW-0106 (Calcium);KW-0903 (Direct protein sequencing);KW-1199 (Hemostasis impairing toxin);KW-0378 (Hydrolase);KW-0479 (Metal-binding);KW-0547 (Nucleotide-binding);KW-1201 (Platelet aggregation inhibiting toxin);KW-1185 (Reference proteome);KW-0964 (Secreted);KW-0732 (Signal);KW-0800 (Toxin),Cimicidae,Cimex,APY,Apyrase,APY_CIMLE
P01443,three-finger toxin family|IC,PF21947 (Toxin_cobra-type)|43.3,CL0117 (uPAR_Ly6_toxin),KW-0002 (3D-structure);KW-0123 (Cardiotoxin);KW-0204 (Cytolysis);KW-0903 (Direct protein sequencing);KW-1015 (Disulfide bond);KW-0354 (Hemolysis);KW-0472 (Membrane);KW-0649 (Protein kinase inhibitor);KW-0964 (Secreted);KW-0732 (Signal);KW-1052 (Target cell membrane);KW-1053 (Target membrane);KW-0800 (Toxin),Elapidae,Naja,,Cytotoxin 4,3SA4_NAJAT
P01481,long (4 C-C) scorpion toxin superfamily|IC,PF00537 (Toxin_3)|85.6,CL0054 (Knottin_1),KW-0027 (Amidation);KW-0903 (Direct protein sequencing);KW-1015 (Disulfide bond);KW-0872 (Ion channel impairing toxin);KW-0528 (Neurotoxin);KW-0964 (Secreted);KW-0800 (Toxin);KW-0738 (Voltage-gated sodium channel impairing toxin),Buthidae,Leiurus,,Alpha-mammal toxin Lqq5,SCX5_LEIQU
P04513,rotavirus NSP4 family|SAM,PF01452 (Rota_NSP4)|345.6,,KW-1072 (Activation of host autophagy by virus);KW-0106 (Calcium);KW-0260 (Enterotoxin);KW-0325 (Glycoprotein);KW-1038 (Host endoplasmic reticulum);KW-1043 (Host membrane);KW-0945 (Host-virus interaction);KW-0407 (Ion channel);KW-0406 (Ion transport);KW-0472 (Membrane);KW-0479 (Metal-binding);KW-0964 (Secreted);KW-0735 (Signal-anchor);KW-0800 (Toxin);KW-0812 (Transmembrane);KW-1133 (Transmembrane helix);KW-0813 (Transport);KW-1182 (Viral ion channel);KW-0843 (Virulence),Sedoreoviridae,Rotavirus,,Non-structural glycoprotein 4,NSP4_ROTBU
P07965,heat-stable enterotoxin family|IC,PF02048 (Enterotoxin_ST)|67.6,,KW-0002 (3D-structure);KW-0903 (Direct protein sequencing);KW-1015 (Disulfide bond);KW-0260 (Enterotoxin);KW-0582 (Pharmaceutical);KW-0964 (Secreted);KW-0732 (Signal);KW-0800 (Toxin);KW-0843 (Virulence),Enterobacteriaceae,Escherichia,sta3,Heat-stable enterotoxin A3/A4,HST3_ECOLX
P0A0L5,staphylococcal/streptococcal toxin family|IC,PF01123 (Stap_Strp_toxin)|82.8;PF02876 (Stap_Strp_tox_C)|78.9,CL0072 (Ubiquitin);CL0658 (OB_enterotoxin),KW-0002 (3D-structure);KW-1015 (Disulfide bond);KW-0260 (Enterotoxin);KW-0479 (Metal-binding);KW-0964 (Secreted);KW-0732 (Signal);KW-0766 (Superantigen);KW-0800 (Toxin);KW-0843 (Virulence);KW-0862 (Zinc),Staphylococcaceae,Staphylococcus,entC3,Enterotoxin type C-3,ENTC3_STAAU
P0C1F4,sea anemone sodium channel inhibitory toxin family|IC,PF00706 (Toxin_4)|66.7,CL0075 (Defensin),KW-0123 (Cardiotoxin);KW-0903 (Direct protein sequencing);KW-1015 (Disulfide bond);KW-0872 (Ion channel impairing toxin);KW-0166 (Nematocyst);KW-0528 (Neurotoxin);KW-0964 (Secreted);KW-0800 (Toxin);KW-0738 (Voltage-gated sodium channel impairing toxin),Actiniidae,Bunodosoma,,Delta-actitoxin-Bgr2a,NA12_BUNGR
P0C1M8,conotoxin O2 superfamily|IC,,,KW-0102 (Bromination);KW-0165 (Cleavage on pair of basic residues);KW-0903 (Direct protein sequencing);KW-1015 (Disulfide bond);KW-0301 (Gamma-carboxyglutamic acid);KW-0960 (Knottin);KW-0528 (Neurotoxin);KW-0964 (Secreted);KW-0800 (Toxin),Conidae,Conus,,Conotoxin r7a,O27A_CONRA
P0C1V1,delta-lysin family|IC,PF05372 (Delta_lysin)|73.9,,KW-0002 (3D-structure);KW-0204 (Cytolysis);KW-0903 (Direct protein sequencing);KW-0291 (Formylation);KW-0354 (Hemolysis);KW-1032 (Host cell membrane);KW-1043 (Host membrane);KW-0472 (Membrane);KW-0964 (Secreted);KW-0800 (Toxin);KW-0812 (Transmembrane);KW-0843 (Virulence),Staphylococcaceae,Staphylococcus,hld,Delta-hemolysin,HLD_STAAU
P0C1W8,conotoxin A superfamily|IC,,,KW-0008 (Acetylcholine receptor inhibiting toxin);KW-0027 (Amidation);KW-0903 (Direct protein sequencing);KW-1015 (Disulfide bond);KW-0379 (Hydroxylation);KW-0872 (Ion channel impairing toxin);KW-0528 (Neurotoxin);KW-0629 (Postsynaptic neurotoxin);KW-0964 (Secreted);KW-0800 (Toxin),Conidae,Conus,,Alpha-conotoxin OIVB,CA4B_CONOB
P0C2D5,flavin monoamine oxidase family|IC,PF01593 (Amino_oxidase)|286.7,CL0063 (NADP_Rossmann),KW-0044 (Antibiotic);KW-0929 (Antimicrobial);KW-0053 (Apoptosis);KW-0204 (Cytolysis);KW-0903 (Direct protein sequencing);KW-1015 (Disulfide bond);KW-0274 (FAD);KW-0285 (Flavoprotein);KW-0325 (Glycoprotein);KW-0354 (Hemolysis);KW-1199 (Hemostasis impairing toxin);KW-0560 (Oxidoreductase);KW-1201 (Platelet aggregation inhibiting toxin);KW-0964 (Secreted);KW-0732 (Signal);KW-0800 (Toxin),Viperidae,Protobothrops,,L-amino-acid oxidase,OXLA_PROFL
P0C2K0,arthropod phospholipase D family|IC,,,KW-0204 (Cytolysis);KW-1061 (Dermonecrotic toxin);KW-0903 (Direct protein sequencing);KW-1015 (Disulfide bond);KW-0354 (Hemolysis);KW-0442 (Lipid degradation);KW-0443 (Lipid metabolism);KW-0456 (Lyase);KW-0460 (Magnesium);KW-0479 (Metal-binding);KW-0964 (Secreted);KW-0800 (Toxin),Sicariidae,Loxosceles,,Dermonecrotic toxin LbSicTox-alphaIB1b,A1KB_LOXBO
P0C2L1,arthropod phospholipase D family|IC,,,KW-0204 (Cytolysis);KW-1061 (Dermonecrotic toxin);KW-0903 (Direct protein sequencing);KW-1015 (Disulfide bond);KW-0354 (Hemolysis);KW-0442 (Lipid degradation);KW-0443 (Lipid metabolism);KW-0456 (Lyase);KW-0460 (Magnesium);KW-0479 (Metal-binding);KW-0964 (Secreted);KW-0800 (Toxin),Sicariidae,Loxosceles,,Dermonecrotic toxin LlSicTox-alphaIII-1,A3X1_LOXLA
P0C5F2,,,,KW-0002 (3D-structure);KW-0108 (Calcium channel impairing toxin);KW-0903 (Direct protein sequencing);KW-1015 (Disulfide bond);KW-0872 (Ion channel impairing toxin);KW-1219 (Ryanodine-sensitive calcium-release channel impairing toxin);KW-0964 (Secreted);KW-0732 (Signal);KW-0800 (Toxin),Hemiscorpiidae,Liocheles,,Insecticidal toxin LaIT1,LAIT1_LIOAU
P0C6S6,venom metalloproteinase (M12B) family|IC,PF01421 (Reprolysin)|23.1,CL0126 (Peptidase_MA),KW-0106 (Calcium);KW-0903 (Direct protein sequencing);KW-1205 (Fibrinolytic toxin);KW-1200 (Hemorrhagic toxin);KW-1199 (Hemostasis impairing toxin);KW-0378 (Hydrolase);KW-0479 (Metal-binding);KW-0482 (Metalloprotease);KW-0645 (Protease);KW-0964 (Secreted);KW-0800 (Toxin);KW-0862 (Zinc),Viperidae,Bothrops,,Snake venom metalloproteinase jararafibrase-4,VMXJ4_BOTJA
P0C7X7,venom metalloproteinase (M12B) family|IC,PF00200 (Disintegrin)|63.0,,KW-1217 (Cell adhesion impairing toxin);KW-0903 (Direct protein sequencing);KW-1015 (Disulfide bond);KW-1199 (Hemostasis impairing toxin);KW-1201 (Platelet aggregation inhibiting toxin);KW-0964 (Secreted);KW-0800 (Toxin),Viperidae,Crotalus,,Disintegrin mojastin-2,VM212_CROSS
P0C8E2,conotoxin B superfamily|IC,PF10550 (Toxin_36)|32.0,,KW-0027 (Amidation);KW-0106 (Calcium);KW-0903 (Direct protein sequencing);KW-0301 (Gamma-carboxyglutamic acid);KW-0379 (Hydroxylation);KW-0872 (Ion channel impairing toxin);KW-1028 (Ionotropic glutamate receptor inhibitor);KW-0460 (Magnesium);KW-0479 (Metal-binding);KW-0528 (Neurotoxin);KW-0629 (Postsynaptic neurotoxin);KW-0964 (Secreted);KW-0800 (Toxin),Conidae,Conus,,Conantokin-Pr3,CKP3_CONPI
P0C8W0,,,,KW-0165 (Cleavage on pair of basic residues);KW-0903 (Direct protein sequencing);KW-1015 (Disulfide bond);KW-0301 (Gamma-carboxyglutamic acid);KW-0379 (Hydroxylation);KW-0528 (Neurotoxin);KW-0964 (Secreted);KW-0732 (Signal);KW-0800 (Toxin),Conidae,Conus,,Conotoxin Di19A,CJA_CONDI
P0C8W3,venom Kunitz-type family|IC,PF00014 (Kunitz_BPTI)|75.7,CL0894 (BPTI),KW-1015 (Disulfide bond);KW-0325 (Glycoprotein);KW-0872 (Ion channel impairing toxin);KW-0632 (Potassium channel impairing toxin);KW-0646 (Protease inhibitor);KW-0964 (Secreted);KW-0722 (Serine protease inhibitor);KW-0732 (Signal);KW-0800 (Toxin);KW-1220 (Voltage-gated potassium channel impairing toxin),Caraboctonidae,Hadrurus,,Kunitz-type serine protease inhibitor Hg1,VKT11_HOFGE
P0C933,phospholipase A2 family|IC,PF00068 (Phospholip_A2_1)|63.3,CL0629 (PLA2),KW-0106 (Calcium);KW-0903 (Direct protein sequencing);KW-1015 (Disulfide bond);KW-1199 (Hemostasis impairing toxin);KW-0378 (Hydrolase);KW-0442 (Lipid degradation);KW-0443 (Lipid metabolism);KW-0479 (Metal-binding);KW-0959 (Myotoxin);KW-1201 (Platelet aggregation inhibiting toxin);KW-0964 (Secreted);KW-0800 (Toxin),Viperidae,Lachesis,,Phospholipase A2 2,PA22_LACMU
P0C944,three-finger toxin family|IC,,,KW-0123 (Cardiotoxin);KW-0204 (Cytolysis);KW-0903 (Direct protein sequencing);KW-1015 (Disulfide bond);KW-0472 (Membrane);KW-0964 (Secreted);KW-1052 (Target cell membrane);KW-1053 (Target membrane);KW-0800 (Toxin),Elapidae,Naja,,Cytotoxin najalgesin,3SAG_NAJAT
P0CC15,conotoxin O1 superfamily|IC,,,KW-0903 (Direct protein sequencing);KW-1015 (Disulfide bond);KW-0379 (Hydroxylation);KW-0872 (Ion channel impairing toxin);KW-0960 (Knottin);KW-0528 (Neurotoxin);KW-0638 (Presynaptic neurotoxin);KW-0964 (Secreted);KW-0800 (Toxin);KW-0738 (Voltage-gated sodium channel impairing toxin),Conidae,Conus,,Delta-conotoxin-like CnVID,O16D_CONCN
P0CE77,conotoxin M superfamily|IC,,,KW-0027 (Amidation);KW-0903 (Direct protein sequencing);KW-1015 (Disulfide bond);KW-0872 (Ion channel impairing toxin);KW-0528 (Neurotoxin);KW-0873 (Pyrrolidone carboxylic acid);KW-0964 (Secreted);KW-0800 (Toxin);KW-0738 (Voltage-gated sodium channel impairing toxin),Conidae,Conus,,Mu-conotoxin SIIIB,CM3B_CONST
P0CH56,neurotoxin 10 (Hwtx-1) family|IC,PF02950 (Conotoxin)|26.8,CL0083 (Omega_toxin),KW-0027 (Amidation);KW-0903 (Direct protein sequencing);KW-1015 (Disulfide bond);KW-0872 (Ion channel impairing toxin);KW-0960 (Knottin);KW-0964 (Secreted);KW-0732 (Signal);KW-0800 (Toxin);KW-0738 (Voltage-gated sodium channel impairing toxin),Theraphosidae,Chilobrachys,,Mu-theraphotoxin-Cg2a 3,JZ31C_CHIGU
P0CI42,long chain scorpion toxin family|IC,PF14866 (Scorpion_toxin_alpha-beta)|82.2,CL0054 (Knottin_1),KW-0002 (3D-structure);KW-0025 (Alternative splicing);KW-1015 (Disulfide bond);KW-0872 (Ion channel impairing toxin);KW-0528 (Neurotoxin);KW-0632 (Potassium channel impairing toxin);KW-0964 (Secreted);KW-0732 (Signal);KW-0800 (Toxin);KW-1220 (Voltage-gated potassium channel impairing toxin),Buthidae,Lychas,,Neurotoxin beta-KTx 14.3,KBX23_LYCMC
P0DF97,cholesterol-dependent cytolysin family|IC,PF01289 (Thiol_cytolysin)|497.8;PF17440 (Thiol_cytolys_C)|136.6,CL0293 (CDC),KW-0002 (3D-structure);KW-0204 (Cytolysis);KW-0354 (Hemolysis);KW-1032 (Host cell membrane);KW-1043 (Host membrane);KW-0446 (Lipid-binding);KW-0472 (Membrane);KW-0964 (Secreted);KW-0732 (Signal);KW-0800 (Toxin);KW-0812 (Transmembrane);KW-1134 (Transmembrane beta strand);KW-0843 (Virulence),Streptococcaceae,Streptococcus,slo,Streptolysin O,TACY_STRPQ
P0DJ62,phospholipase A2 family|IC,PF00068 (Phospholip_A2_1)|77.7,CL0629 (PLA2),KW-0106 (Calcium);KW-0204 (Cytolysis);KW-0903 (Direct protein sequencing);KW-1015 (Disulfide bond);KW-0354 (Hemolysis);KW-0378 (Hydrolase);KW-0442 (Lipid degradation);KW-0443 (Lipid metabolism);KW-0479 (Metal-binding);KW-0959 (Myotoxin);KW-0964 (Secreted);KW-0800 (Toxin),Viperidae,Bothrops,,Acidic phospholipase A2,PA2A_BOTLC
P0DJG5,peptidase S1 family|SAM,,,KW-0903 (Direct protein sequencing);KW-1015 (Disulfide bond);KW-0325 (Glycoprotein);KW-0378 (Hydrolase);KW-0645 (Protease);KW-0964 (Secreted);KW-0720 (Serine protease);KW-0800 (Toxin),Viperidae,Gloydius,,Snake venom serine protease AHP-Ka,VSPKA_GLOHA
P0DJJ1,venom metalloproteinase (M12B) family|IC,,,KW-0106 (Calcium);KW-0903 (Direct protein sequencing);KW-1206 (Fibrinogenolytic toxin);KW-0325 (Glycoprotein);KW-1199 (Hemostasis impairing toxin);KW-0378 (Hydrolase);KW-0479 (Metal-binding);KW-0482 (Metalloprotease);KW-0645 (Protease);KW-0964 (Secreted);KW-0800 (Toxin);KW-0862 (Zinc),Elapidae,Naja,,Zinc metalloproteinase atrahagin,VM3AH_NAJAT
P0DJJ8,phospholipase A2 family|IC,PF00068 (Phospholip_A2_1)|109.2,CL0629 (PLA2),KW-0903 (Direct protein sequencing);KW-1015 (Disulfide bond);KW-0378 (Hydrolase);KW-0442 (Lipid degradation);KW-0443 (Lipid metabolism);KW-0479 (Metal-binding);KW-0959 (Myotoxin);KW-0964 (Secreted);KW-0732 (Signal);KW-0800 (Toxin),Viperidae,Protobothrops,,Basic phospholipase A2 BP-I,PA2B1_PROFL
P0DKQ3,conotoxin M superfamily|IC,PF02950 (Conotoxin)|60.3,CL0083 (Omega_toxin),KW-0027 (Amidation);KW-0108 (Calcium channel impairing toxin);KW-1015 (Disulfide bond);KW-0379 (Hydroxylation);KW-0872 (Ion channel impairing toxin);KW-0960 (Knottin);KW-0528 (Neurotoxin);KW-0964 (Secreted);KW-0732 (Signal);KW-0800 (Toxin);KW-1218 (Voltage-gated calcium channel impairing toxin),Conidae,Conus,,Omega-conotoxin-like CnVIIE,M7E_CONCN
P0DKS3,three-finger toxin family|IC,PF21947 (Toxin_cobra-type)|31.0,CL0117 (uPAR_Ly6_toxin),KW-0002 (3D-structure);KW-0903 (Direct protein sequencing);KW-1015 (Disulfide bond);KW-0872 (Ion channel impairing toxin);KW-0582 (Pharmaceutical);KW-1275 (Proton-gated sodium channel impairing toxin);KW-0964 (Secreted);KW-0800 (Toxin),Elapidae,Dendroaspis,,Mambalgin-2,3SX2_DENPO
P0DKT7,phospholipase A2 family|IC,,,KW-0106 (Calcium);KW-0903 (Direct protein sequencing);KW-1015 (Disulfide bond);KW-0378 (Hydrolase);KW-0442 (Lipid degradation);KW-0443 (Lipid metabolism);KW-0479 (Metal-binding);KW-0528 (Neurotoxin);KW-0638 (Presynaptic neurotoxin);KW-0964 (Secreted);KW-0800 (Toxin),Elapidae,Oxyuranus,,Basic phospholipase A2 cannitoxin alpha chain,PA2CA_OXYSA
P0DL42,PDGF/VEGF growth factor family|IC,PF00341 (PDGF)|84.0,CL0079 (Cystine-knot),KW-0903 (Direct protein sequencing);KW-1015 (Disulfide bond);KW-0339 (Growth factor);KW-0873 (Pyrrolidone carboxylic acid);KW-0964 (Secreted);KW-0800 (Toxin),Viperidae,Daboia,,Snake venom vascular endothelial growth factor toxin VR-1',TXVE_DABSI
P0DL64,neurotoxin 10 (Hwtx-1) family|IC,PF07740 (Toxin_12)|30.1,CL0083 (Omega_toxin),KW-0002 (3D-structure);KW-0027 (Amidation);KW-0903 (Direct protein sequencing);KW-1015 (Disulfide bond);KW-0872 (Ion channel impairing toxin);KW-0960 (Knottin);KW-0528 (Neurotoxin);KW-0964 (Secreted);KW-0800 (Toxin);KW-0738 (Voltage-gated sodium channel impairing toxin),Theraphosidae,Thrixopelma,,Mu-theraphotoxin-Tp1a,HPR3_THRPR
P0DL73,neurotoxin 10 (Hwtx-1) family|IC,,,KW-0027 (Amidation);KW-0108 (Calcium channel impairing toxin);KW-0903 (Direct protein sequencing);KW-1015 (Disulfide bond);KW-0872 (Ion channel impairing toxin);KW-0528 (Neurotoxin);KW-0964 (Secreted);KW-0800 (Toxin);KW-1218 (Voltage-gated calcium channel impairing toxin);KW-0738 (Voltage-gated sodium channel impairing toxin),Theraphosidae,Paraphysa,,Toxin GTx1-15,TX15_PARSR
P0DL83,long (4 C-C) scorpion toxin superfamily|IC,PF00537 (Toxin_3)|35.3,CL0054 (Knottin_1),KW-0027 (Amidation);KW-0903 (Direct protein sequencing);KW-1015 (Disulfide bond);KW-0528 (Neurotoxin);KW-0964 (Secreted);KW-0800 (Toxin),Buthidae,Centruroides,,Toxin Css8,SCX8_CENSU
P0DM24,nemertide family|IC,,,KW-0002 (3D-structure);KW-0165 (Cleavage on pair of basic residues);KW-0903 (Direct protein sequencing);KW-1015 (Disulfide bond);KW-0379 (Hydroxylation);KW-0872 (Ion channel impairing toxin);KW-0960 (Knottin);KW-0528 (Neurotoxin);KW-0964 (Secreted);KW-0732 (Signal);KW-0800 (Toxin);KW-0738 (Voltage-gated sodium channel impairing toxin),Lineidae,Lineus,,Nemertide alpha-1,NEMA1_LINLO
P0DM39,snaclec family|IC,PF00059 (Lectin_C)|56.2,CL0056 (C_Lectin),KW-1015 (Disulfide bond);KW-0325 (Glycoprotein);KW-1199 (Hemostasis impairing toxin);KW-1202 (Platelet aggregation activating toxin);KW-0964 (Secreted);KW-0732 (Signal);KW-0800 (Toxin),Viperidae,Trimeresurus,,Snaclec alboaggregin-D subunit beta,SLDB_TRIAB
P0DM50,phospholipase A2 family|IC,PF00068 (Phospholip_A2_1)|40.0,CL0629 (PLA2),KW-0106 (Calcium);KW-0903 (Direct protein sequencing);KW-1015 (Disulfide bond);KW-0378 (Hydrolase);KW-0442 (Lipid degradation);KW-0443 (Lipid metabolism);KW-0479 (Metal-binding);KW-0528 (Neurotoxin);KW-0638 (Presynaptic neurotoxin);KW-0964 (Secreted);KW-0800 (Toxin),Viperidae,Bothrops,,Phospholipase A2 neuwieditoxin-2,PA2X2_BOTPA
P0DMJ9,phospholipase A2 family|IC,PF00068 (Phospholip_A2_1)|63.2,CL0629 (PLA2),KW-0903 (Direct protein sequencing);KW-1015 (Disulfide bond);KW-0959 (Myotoxin);KW-0964 (Secreted);KW-0800 (Toxin),Viperidae,Bothrops,,Basic phospholipase A2 homolog BmatTX-I,PA2H1_BOTMT
P0DMK1,phospholipase A2 family|IC,PF00068 (Phospholip_A2_1)|34.1,CL0629 (PLA2),KW-0106 (Calcium);KW-0903 (Direct protein sequencing);KW-1015 (Disulfide bond);KW-0378 (Hydrolase);KW-0442 (Lipid degradation);KW-0443 (Lipid metabolism);KW-0479 (Metal-binding);KW-0959 (Myotoxin);KW-0964 (Secreted);KW-0800 (Toxin),Viperidae,Bothrops,,Basic phospholipase A2 BmatTX-III,PA23_BOTMT
P0DMT1,phospholipase A2 family|IC,PF00068 (Phospholip_A2_1)|110.7,CL0629 (PLA2),KW-1015 (Disulfide bond);KW-0959 (Myotoxin);KW-0964 (Secreted);KW-0800 (Toxin),Viperidae,Echis,,Phospholipase A2 homolog EPL_00195,PA2HS_ECHPL
P0DN15,venom Kunitz-type family|IC,PF00014 (Kunitz_BPTI)|67.6,CL0894 (BPTI),KW-0903 (Direct protein sequencing);KW-1015 (Disulfide bond);KW-0872 (Ion channel impairing toxin);KW-0166 (Nematocyst);KW-0632 (Potassium channel impairing toxin);KW-0646 (Protease inhibitor);KW-0964 (Secreted);KW-0722 (Serine protease inhibitor);KW-0732 (Signal);KW-0800 (Toxin);KW-1220 (Voltage-gated potassium channel impairing toxin),Actiniidae,Anemonia,,U-actitoxin-Avd3n,VKTB_ANEVI
P0DP10,conotoxin M superfamily|IC,,,KW-0903 (Direct protein sequencing);KW-1015 (Disulfide bond);KW-0379 (Hydroxylation);KW-0528 (Neurotoxin);KW-0964 (Secreted);KW-0800 (Toxin),Conidae,Conus,,Conotoxin Fi3a,M3A_CONFI
P0DQH5,long (4 C-C) scorpion toxin superfamily|IC,PF00537 (Toxin_3)|54.2,CL0054 (Knottin_1),KW-0027 (Amidation);KW-0903 (Direct protein sequencing);KW-1015 (Disulfide bond);KW-0872 (Ion channel impairing toxin);KW-0528 (Neurotoxin);KW-0964 (Secreted);KW-0732 (Signal);KW-0800 (Toxin);KW-0738 (Voltage-gated sodium channel impairing toxin),Buthidae,Tityus,,Beta-toxin Tf1a,SCX1A_TITFA
P0DQN8,long (4 C-C) scorpion toxin superfamily|IC,PF00537 (Toxin_3)|77.0,CL0054 (Knottin_1),KW-0002 (3D-structure);KW-0903 (Direct protein sequencing);KW-1015 (Disulfide bond);KW-0872 (Ion channel impairing toxin);KW-0528 (Neurotoxin);KW-0582 (Pharmaceutical);KW-0964 (Secreted);KW-0800 (Toxin);KW-0738 (Voltage-gated sodium channel impairing toxin),Buthidae,Hottentotta,,Delta-buthitoxin-Hj1a,DEL1A_HOTJU
P0DQN9,long (4 C-C) scorpion toxin superfamily|IC,PF00537 (Toxin_3)|86.5,CL0054 (Knottin_1),KW-0027 (Amidation);KW-0903 (Direct protein sequencing);KW-1015 (Disulfide bond);KW-0872 (Ion channel impairing toxin);KW-0528 (Neurotoxin);KW-0582 (Pharmaceutical);KW-0964 (Secreted);KW-0800 (Toxin);KW-0738 (Voltage-gated sodium channel impairing toxin),Buthidae,Hottentotta,,Delta-buthitoxin-Hj2a,DEL2A_HOTJU
P0DQO7,neurotoxin 30 (phrixotoxin) family|IC,,,KW-1221 (Calcium-activated potassium channel impairing toxin);KW-0903 (Direct protein sequencing);KW-1015 (Disulfide bond);KW-0872 (Ion channel impairing toxin);KW-0528 (Neurotoxin);KW-0632 (Potassium channel impairing toxin);KW-0964 (Secreted);KW-0800 (Toxin),Theraphosidae,Eucratoscelus,,Lambda-theraphotoxin-Ec2c,TX2C_EUCCO
P0DQS2,nemertide family|IC,,,KW-0165 (Cleavage on pair of basic residues);KW-1015 (Disulfide bond);KW-0379 (Hydroxylation);KW-0872 (Ion channel impairing toxin);KW-0960 (Knottin);KW-0528 (Neurotoxin);KW-0964 (Secreted);KW-0732 (Signal);KW-0800 (Toxin);KW-0738 (Voltage-gated sodium channel impairing toxin),Lineidae,Lineus,,Nemertide alpha-1,NEMA1_LINRU
P0DQT9,invertebrate defensin family|IC,PF01097 (Defensin_2)|50.8,CL0054 (Knottin_1),KW-0044 (Antibiotic);KW-0929 (Antimicrobial);KW-1221 (Calcium-activated potassium channel impairing toxin);KW-0211 (Defensin);KW-1015 (Disulfide bond);KW-0391 (Immunity);KW-0399 (Innate immunity);KW-0872 (Ion channel impairing toxin);KW-0528 (Neurotoxin);KW-0632 (Potassium channel impairing toxin);KW-0964 (Secreted);KW-0732 (Signal);KW-0800 (Toxin);KW-1220 (Voltage-gated potassium channel impairing toxin),Buthidae,Olivierus,,Defensin BmKDfsin4,DEF4_OLIMR
P0DQV6,actinoporin family|IC,PF06369 (Anemone_cytotox)|31.5,CL0872 (PfC-like),KW-0204 (Cytolysis);KW-0472 (Membrane);KW-0166 (Nematocyst);KW-0964 (Secreted);KW-0732 (Signal);KW-1052 (Target cell membrane);KW-1053 (Target membrane);KW-0800 (Toxin);KW-0812 (Transmembrane),Hydridae,Hydra,,Hydra actinoporin-like toxin 4,ACTL4_HYDVU
P0DQY0,conotoxin A superfamily|IC,,,KW-0008 (Acetylcholine receptor inhibiting toxin);KW-0027 (Amidation);KW-0903 (Direct protein sequencing);KW-1015 (Disulfide bond);KW-0528 (Neurotoxin);KW-0629 (Postsynaptic neurotoxin);KW-0964 (Secreted);KW-0800 (Toxin),Conidae,Conus,,Alpha-conotoxin OI,CA1A_CONOB
P0DRA1,MCD family|IC,,,KW-0027 (Amidation);KW-0044 (Antibiotic);KW-0929 (Antimicrobial);KW-0903 (Direct protein sequencing);KW-0295 (Fungicide);KW-1213 (G-protein coupled receptor impairing toxin);KW-0391 (Immunity);KW-0399 (Innate immunity);KW-0467 (Mast cell degranulation);KW-0472 (Membrane);KW-0677 (Repeat);KW-0964 (Secreted);KW-0732 (Signal);KW-1052 (Target cell membrane);KW-1053 (Target membrane);KW-0800 (Toxin),Vespidae,Vespa,,Mastoparan-VB1,MAST1_VESBI
P0DRI8,xibalbin-13 family|IC,,,KW-0002 (3D-structure);KW-0108 (Calcium channel impairing toxin);KW-1015 (Disulfide bond);KW-0872 (Ion channel impairing toxin);KW-0528 (Neurotoxin);KW-0677 (Repeat);KW-1219 (Ryanodine-sensitive calcium-release channel impairing toxin);KW-0964 (Secreted);KW-0732 (Signal);KW-0800 (Toxin),Speleonectidae,Xibalbanus,,Phi-xibalbin(3)-Xt3a,XIB3A_XIBTU
P0DRJ1,serine protease inhibitor-like (TIL domain-containing) family|IC,PF01826 (TIL)|37.1,CL0819 (TIL),KW-0044 (Antibiotic);KW-0929 (Antimicrobial);KW-1015 (Disulfide bond);KW-0295 (Fungicide);KW-1199 (Hemostasis impairing toxin);KW-0646 (Protease inhibitor);KW-0964 (Secreted);KW-0722 (Serine protease inhibitor);KW-0732 (Signal);KW-0800 (Toxin),Apidae,Bombus,,Serine protease inhibitor,TILI_BOMIG
P0DSJ4,formicidae venom precursor-01 superfamily|IC,PF17499 (Pilosulin)|103.6,,KW-0027 (Amidation);KW-0044 (Antibiotic);KW-0929 (Antimicrobial);KW-0204 (Cytolysis);KW-0472 (Membrane);KW-0964 (Secreted);KW-0732 (Signal);KW-1052 (Target cell membrane);KW-1053 (Target membrane);KW-0800 (Toxin),Formicidae,Myrmecia,,U-myrmeciitoxin(01)-Mg1a,TX11A_MYRGU
P0DUC0,neurotoxin 14 (magi-1) family|IC,PF08092 (Toxin_22)|53.2,CL0083 (Omega_toxin),KW-0027 (Amidation);KW-0165 (Cleavage on pair of basic residues);KW-0903 (Direct protein sequencing);KW-1015 (Disulfide bond);KW-0872 (Ion channel impairing toxin);KW-0960 (Knottin);KW-0528 (Neurotoxin);KW-0964 (Secreted);KW-0732 (Signal);KW-0800 (Toxin),Theraphosidae,Brachypelma,,U1-theraphotoxin-Tal1a,TX1A_TLIAL
P10454,sea anemone sodium channel inhibitory toxin family|IC,PF00706 (Toxin_4)|83.9,CL0075 (Defensin),KW-0123 (Cardiotoxin);KW-0903 (Direct protein sequencing);KW-1015 (Disulfide bond);KW-0872 (Ion channel impairing toxin);KW-0166 (Nematocyst);KW-0528 (Neurotoxin);KW-0964 (Secreted);KW-0800 (Toxin);KW-0738 (Voltage-gated sodium channel impairing toxin),Actiniidae,Anthopleura,,Delta-actitoxin-Afv1b,NA12_ANTFU
P10565,toxin_10 family|IC,,,KW-0002 (3D-structure);KW-1015 (Disulfide bond);KW-0749 (Sporulation);KW-0800 (Toxin);KW-0843 (Virulence),Bacillaceae,Lysinibacillus,binB,Binary larvicide subunit BinB,BINB1_LYSSH
P11060,neurotoxin 07 (Beta/delta-agtx) family|IC,PF05980 (Toxin_7)|71.2,CL0083 (Omega_toxin),KW-0027 (Amidation);KW-0903 (Direct protein sequencing);KW-1015 (Disulfide bond);KW-0872 (Ion channel impairing toxin);KW-0960 (Knottin);KW-0528 (Neurotoxin);KW-0638 (Presynaptic neurotoxin);KW-0964 (Secreted);KW-0800 (Toxin);KW-0738 (Voltage-gated sodium channel impairing toxin),Agelenidae,Agelenopsis,,Mu-agatoxin-Aa1d,T4G1D_AGEAP
P14411,phospholipase A2 family|IC,PF00068 (Phospholip_A2_1)|116.7,CL0629 (PLA2),KW-0106 (Calcium);KW-0903 (Direct protein sequencing);KW-1015 (Disulfide bond);KW-0378 (Hydrolase);KW-0442 (Lipid degradation);KW-0443 (Lipid metabolism);KW-0479 (Metal-binding);KW-0528 (Neurotoxin);KW-0638 (Presynaptic neurotoxin);KW-0964 (Secreted);KW-0732 (Signal);KW-0800 (Toxin),Elapidae,Bungarus,,Basic phospholipase A2 10,PA2BA_BUNFA
P15503,venom metalloproteinase (M12B) family|IC,PF00200 (Disintegrin)|57.5;PF01421 (Reprolysin)|196.3;PF01562 (Pep_M12B_propep)|57.1,CL0126 (Peptidase_MA),KW-1217 (Cell adhesion impairing toxin);KW-0903 (Direct protein sequencing);KW-1015 (Disulfide bond);KW-0325 (Glycoprotein);KW-1199 (Hemostasis impairing toxin);KW-0378 (Hydrolase);KW-0479 (Metal-binding);KW-0482 (Metalloprotease);KW-1201 (Platelet aggregation inhibiting toxin);KW-0645 (Protease);KW-0964 (Secreted);KW-0732 (Signal);KW-0800 (Toxin);KW-0862 (Zinc);KW-0865 (Zymogen),Viperidae,Craspedocephalus,,Zinc metalloproteinase/disintegrin,VM2TA_CRAGM
P18329,three-finger toxin family|IC,PF21947 (Toxin_cobra-type)|37.1,CL0117 (uPAR_Ly6_toxin),KW-0903 (Direct protein sequencing);KW-1015 (Disulfide bond);KW-0964 (Secreted);KW-0732 (Signal);KW-0800 (Toxin),Elapidae,Dendroaspis,,Toxin C13S1C1,3SOA1_DENAN
P19651,sea anemone sodium channel inhibitory toxin family|IC,PF00706 (Toxin_4)|87.6,CL0075 (Defensin),KW-0002 (3D-structure);KW-0903 (Direct protein sequencing);KW-1015 (Disulfide bond);KW-0872 (Ion channel impairing toxin);KW-0166 (Nematocyst);KW-0528 (Neurotoxin);KW-0964 (Secreted);KW-0800 (Toxin);KW-0738 (Voltage-gated sodium channel impairing toxin),Stichodactylidae,Stichodactyla,,Delta-stichotoxin-She1a,NA21_STIHL
P19855,long (4 C-C) scorpion toxin superfamily|IC,PF00537 (Toxin_3)|67.5,CL0054 (Knottin_1),KW-0903 (Direct protein sequencing);KW-1015 (Disulfide bond);KW-0872 (Ion channel impairing toxin);KW-0528 (Neurotoxin);KW-0964 (Secreted);KW-0732 (Signal);KW-0800 (Toxin);KW-0738 (Voltage-gated sodium channel impairing toxin),Buthidae,Leiurus,,Beta-insect depressant toxin LqqIT2,SIX2_LEIQU
P20419,bacterial zinc-metallophospholipase C family|SAM,PF00882 (Zn_dep_PLPC)|78.9;PF01477 (PLAT)|59.4,CL0321 (PLAT);CL0368 (PhosC-NucP1),KW-0106 (Calcium);KW-0204 (Cytolysis);KW-0354 (Hemolysis);KW-0378 (Hydrolase);KW-0479 (Metal-binding);KW-0964 (Secreted);KW-0732 (Signal);KW-0800 (Toxin);KW-0843 (Virulence);KW-0862 (Zinc),Peptostreptococcaceae,Paraclostridium,plc,Phospholipase C,PHLC_PARBF
P21326,ribosome-inactivating protein family|IC,PF00161 (RIP)|108.1,,KW-0051 (Antiviral defense);KW-0903 (Direct protein sequencing);KW-1015 (Disulfide bond);KW-0378 (Hydrolase);KW-0611 (Plant defense);KW-0652 (Protein synthesis inhibitor);KW-0732 (Signal);KW-0800 (Toxin),Nyctaginaceae,Mirabilis,,Antiviral protein MAP,RIPP_MIRJA
P23564,cholesterol-dependent cytolysin family|IC,PF01289 (Thiol_cytolysin)|497.5;PF17440 (Thiol_cytolys_C)|155.9,CL0293 (CDC),KW-0204 (Cytolysis);KW-0903 (Direct protein sequencing);KW-0354 (Hemolysis);KW-1032 (Host cell membrane);KW-1043 (Host membrane);KW-0446 (Lipid-binding);KW-0472 (Membrane);KW-0964 (Secreted);KW-0732 (Signal);KW-0800 (Toxin);KW-0812 (Transmembrane);KW-1134 (Transmembrane beta strand);KW-0843 (Virulence),Paenibacillaceae,Paenibacillus,alv,Alveolysin,TACY_PAEAL
P24817,ribosome-inactivating protein family|IC,PF00161 (RIP)|141.1,,KW-0002 (3D-structure);KW-0930 (Antiviral protein);KW-0903 (Direct protein sequencing);KW-0325 (Glycoprotein);KW-0378 (Hydrolase);KW-0611 (Plant defense);KW-0652 (Protein synthesis inhibitor);KW-1185 (Reference proteome);KW-0732 (Signal);KW-0800 (Toxin),Cucurbitaceae,Momordica,MAP30,Ribosome-inactivating protein beta-momorcharin,RIP3_MOMCH
P29425,neurotoxin 03 (Tx2) family|IC,PF17492 (D_CNTX)|99.3,CL0079 (Cystine-knot),KW-0903 (Direct protein sequencing);KW-1015 (Disulfide bond);KW-0872 (Ion channel impairing toxin);KW-0960 (Knottin);KW-0528 (Neurotoxin);KW-0582 (Pharmaceutical);KW-0964 (Secreted);KW-0732 (Signal);KW-0800 (Toxin);KW-0738 (Voltage-gated sodium channel impairing toxin),Ctenidae,Phoneutria,,Delta-ctenitoxin-Pn2a,TX36A_PHONI
P30031,rotavirus NSP4 family|SAM,PF01452 (Rota_NSP4)|331.6,,KW-1072 (Activation of host autophagy by virus);KW-0106 (Calcium);KW-0260 (Enterotoxin);KW-0325 (Glycoprotein);KW-1038 (Host endoplasmic reticulum);KW-1043 (Host membrane);KW-0945 (Host-virus interaction);KW-0407 (Ion channel);KW-0406 (Ion transport);KW-0472 (Membrane);KW-0479 (Metal-binding);KW-0964 (Secreted);KW-0735 (Signal-anchor);KW-0800 (Toxin);KW-0812 (Transmembrane);KW-1133 (Transmembrane helix);KW-0813 (Transport);KW-1182 (Viral ion channel);KW-0843 (Virulence),Sedoreoviridae,Rotavirus,,Non-structural glycoprotein 4,NSP4_ROTH7
P30894,NGF-beta family|IC,PF00243 (NGF)|168.3,CL0079 (Cystine-knot),KW-0903 (Direct protein sequencing);KW-1015 (Disulfide bond);KW-0325 (Glycoprotein);KW-0339 (Growth factor);KW-0446 (Lipid-binding);KW-0481 (Metalloenzyme inhibitor);KW-0483 (Metalloprotease inhibitor);KW-0646 (Protease inhibitor);KW-0964 (Secreted);KW-0800 (Toxin),Viperidae,Daboia,,Venom nerve growth factor,NGFV_DABRR
P31719,short scorpion toxin superfamily|IC,PF00451 (Toxin_2)|27.4,CL0054 (Knottin_1),KW-0002 (3D-structure);KW-1221 (Calcium-activated potassium channel impairing toxin);KW-0903 (Direct protein sequencing);KW-1015 (Disulfide bond);KW-0872 (Ion channel impairing toxin);KW-0528 (Neurotoxin);KW-0632 (Potassium channel impairing toxin);KW-0964 (Secreted);KW-0800 (Toxin),Buthidae,Androctonus,,Potassium channel toxin alpha-KTx 5.2,KAX52_ANDMA
P31989,venom metalloproteinase (M12B) family|IC,PF00200 (Disintegrin)|55.5;PF01421 (Reprolysin)|63.0,CL0126 (Peptidase_MA),KW-1217 (Cell adhesion impairing toxin);KW-0903 (Direct protein sequencing);KW-1015 (Disulfide bond);KW-1199 (Hemostasis impairing toxin);KW-0378 (Hydrolase);KW-0479 (Metal-binding);KW-0482 (Metalloprotease);KW-1201 (Platelet aggregation inhibiting toxin);KW-0645 (Protease);KW-0964 (Secreted);KW-0800 (Toxin);KW-0862 (Zinc);KW-0865 (Zymogen),Viperidae,Bothrops,,Zinc metalloproteinase/disintegrin,VM2JC_BOTJA
P43528,enterotoxin A family|IC,PF01375 (Enterotoxin_a)|429.8,CL0084 (ADP-ribosyl),KW-0002 (3D-structure);KW-1015 (Disulfide bond);KW-0260 (Enterotoxin);KW-0732 (Signal);KW-0800 (Toxin);KW-0843 (Virulence),Enterobacteriaceae,Escherichia,,"Heat-labile enterotoxin IIB, A chain",E2BA_ECOLX
P50985,conotoxin A superfamily|IC,PF07365 (Toxin_8)|77.5,,KW-0002 (3D-structure);KW-0008 (Acetylcholine receptor inhibiting toxin);KW-0027 (Amidation);KW-0903 (Direct protein sequencing);KW-1015 (Disulfide bond);KW-0872 (Ion channel impairing toxin);KW-0528 (Neurotoxin);KW-0629 (Postsynaptic neurotoxin);KW-0964 (Secreted);KW-0732 (Signal);KW-0765 (Sulfation);KW-0800 (Toxin),Conidae,Conus,,Alpha-conotoxin PnIB,CA1B_CONPE
P55128,RTX prokaryotic toxin (TC 1|IC,PF00353 (HemolysinCabind)|85.6;PF02382 (RTX)|318.2;PF08339 (RTX_C)|36.6,CL0592 (beta_Roll),KW-0106 (Calcium);KW-0204 (Cytolysis);KW-0354 (Hemolysis);KW-1032 (Host cell membrane);KW-1043 (Host membrane);KW-0449 (Lipoprotein);KW-0472 (Membrane);KW-0564 (Palmitate);KW-0677 (Repeat);KW-0964 (Secreted);KW-0800 (Toxin);KW-0812 (Transmembrane);KW-1133 (Transmembrane helix);KW-0843 (Virulence),Pasteurellaceae,Actinobacillus,apxIA,RTX-I toxin determinant A from serotypes 1/9,RTX11_ACTPL
P55903,long (4 C-C) scorpion toxin superfamily|IC,PF00537 (Toxin_3)|67.5,CL0054 (Knottin_1),KW-0027 (Amidation);KW-0903 (Direct protein sequencing);KW-1015 (Disulfide bond);KW-0872 (Ion channel impairing toxin);KW-0528 (Neurotoxin);KW-0964 (Secreted);KW-0800 (Toxin);KW-0738 (Voltage-gated sodium channel impairing toxin),Buthidae,Buthus,,Beta-insect depressant toxin BotIT4,SIX4_BUTOC
P55927,short scorpion toxin superfamily|IC,PF00451 (Toxin_2)|52.9,CL0054 (Knottin_1),KW-0002 (3D-structure);KW-0903 (Direct protein sequencing);KW-1015 (Disulfide bond);KW-0872 (Ion channel impairing toxin);KW-0528 (Neurotoxin);KW-0632 (Potassium channel impairing toxin);KW-0964 (Secreted);KW-0732 (Signal);KW-0800 (Toxin);KW-1220 (Voltage-gated potassium channel impairing toxin),Scorpionidae,Pandinus,PTX-1,Potassium channel toxin alpha-KTx 7.1,KAX71_PANIM
P56612,long (4 C-C) scorpion toxin superfamily|IC,PF00537 (Toxin_3)|54.8,CL0054 (Knottin_1),KW-0027 (Amidation);KW-0903 (Direct protein sequencing);KW-1015 (Disulfide bond);KW-0872 (Ion channel impairing toxin);KW-0528 (Neurotoxin);KW-0964 (Secreted);KW-0732 (Signal);KW-0800 (Toxin);KW-0738 (Voltage-gated sodium channel impairing toxin),Buthidae,Tityus,,Toxin Tst1,SCX1_TITST
P56639,conotoxin A superfamily|IC,PF07365 (Toxin_8)|74.7,,KW-0008 (Acetylcholine receptor inhibiting toxin);KW-0027 (Amidation);KW-0903 (Direct protein sequencing);KW-1015 (Disulfide bond);KW-0872 (Ion channel impairing toxin);KW-0528 (Neurotoxin);KW-0629 (Postsynaptic neurotoxin);KW-0964 (Secreted);KW-0732 (Signal);KW-0800 (Toxin),Conidae,Conus,,Alpha-conotoxin AuIA,CA1A_CONAL
P56641,conotoxin A superfamily|IC,,,KW-0008 (Acetylcholine receptor inhibiting toxin);KW-0027 (Amidation);KW-0903 (Direct protein sequencing);KW-1015 (Disulfide bond);KW-0872 (Ion channel impairing toxin);KW-0528 (Neurotoxin);KW-0629 (Postsynaptic neurotoxin);KW-0964 (Secreted);KW-0800 (Toxin),Conidae,Conus,,Alpha-conotoxin AuIC,CA1C_CONAL
P56712,conotoxin O1 superfamily|IC,PF02950 (Conotoxin)|62.3,CL0083 (Omega_toxin),KW-0027 (Amidation);KW-0108 (Calcium channel impairing toxin);KW-0903 (Direct protein sequencing);KW-1015 (Disulfide bond);KW-0872 (Ion channel impairing toxin);KW-0960 (Knottin);KW-0528 (Neurotoxin);KW-0638 (Presynaptic neurotoxin);KW-0964 (Secreted);KW-0732 (Signal);KW-0800 (Toxin);KW-1218 (Voltage-gated calcium channel impairing toxin),Conidae,Conus,,Omega-conotoxin PnVIA,O16A_CONPE
P56743,long (4 C-C) scorpion toxin superfamily|IC,PF00537 (Toxin_3)|52.1,CL0054 (Knottin_1),KW-0903 (Direct protein sequencing);KW-1015 (Disulfide bond);KW-0325 (Glycoprotein);KW-0964 (Secreted);KW-0800 (Toxin),Buthidae,Androctonus,,Toxin Aah6,SCX6_ANDAU
P58328,long (4 C-C) scorpion toxin superfamily|IC,PF00537 (Toxin_3)|87.0,CL0054 (Knottin_1),KW-0002 (3D-structure);KW-0903 (Direct protein sequencing);KW-1015 (Disulfide bond);KW-0872 (Ion channel impairing toxin);KW-0528 (Neurotoxin);KW-0964 (Secreted);KW-0800 (Toxin);KW-0738 (Voltage-gated sodium channel impairing toxin),Buthidae,Olivierus,,Alpha-like toxin BmK-M4,SCX4_OLIMR
P58498,short scorpion toxin superfamily|IC,PF00451 (Toxin_2)|49.2,CL0054 (Knottin_1),KW-0002 (3D-structure);KW-1221 (Calcium-activated potassium channel impairing toxin);KW-0903 (Direct protein sequencing);KW-1015 (Disulfide bond);KW-0872 (Ion channel impairing toxin);KW-0632 (Potassium channel impairing toxin);KW-0964 (Secreted);KW-0800 (Toxin);KW-1220 (Voltage-gated potassium channel impairing toxin),Scorpionidae,Pandinus,,Potassium channel toxin alpha-KTx 6.4,KAX64_PANIM
P58810,conotoxin T superfamily|IC,,,KW-0002 (3D-structure);KW-0903 (Direct protein sequencing);KW-1015 (Disulfide bond);KW-0379 (Hydroxylation);KW-0528 (Neurotoxin);KW-0964 (Secreted);KW-0800 (Toxin),Conidae,Conus,,Chi-conotoxin MrIB,CTA1B_CONMR
P58916,conotoxin O1 superfamily|IC,,,KW-0027 (Amidation);KW-0108 (Calcium channel impairing toxin);KW-0903 (Direct protein sequencing);KW-1015 (Disulfide bond);KW-0379 (Hydroxylation);KW-0872 (Ion channel impairing toxin);KW-0960 (Knottin);KW-0528 (Neurotoxin);KW-0558 (Oxidation);KW-0638 (Presynaptic neurotoxin);KW-0964 (Secreted);KW-0800 (Toxin);KW-1218 (Voltage-gated calcium channel impairing toxin),Conidae,Conus,,Omega-conotoxin-like CnVIIH,O17H_CONCN
P59070,phospholipase A2 family|IC,PF00068 (Phospholip_A2_1)|63.0,CL0629 (PLA2),KW-0106 (Calcium);KW-0903 (Direct protein sequencing);KW-1015 (Disulfide bond);KW-1199 (Hemostasis impairing toxin);KW-0378 (Hydrolase);KW-0442 (Lipid degradation);KW-0443 (Lipid metabolism);KW-0479 (Metal-binding);KW-1201 (Platelet aggregation inhibiting toxin);KW-0964 (Secreted);KW-0800 (Toxin),Elapidae,Austrelaps,,Phospholipase A2 superbin d,PA2SD_AUSSU
P59265,phospholipase A2 family|IC,PF00068 (Phospholip_A2_1)|119.8,CL0629 (PLA2),KW-0106 (Calcium);KW-0903 (Direct protein sequencing);KW-1015 (Disulfide bond);KW-0378 (Hydrolase);KW-0442 (Lipid degradation);KW-0443 (Lipid metabolism);KW-0479 (Metal-binding);KW-0964 (Secreted);KW-0800 (Toxin),Viperidae,Protobothrops,,Basic phospholipase A2 PLA-B,PA2BB_PROFL
P59355,long (4 C-C) scorpion toxin superfamily|IC,PF00537 (Toxin_3)|79.8,CL0054 (Knottin_1),KW-0027 (Amidation);KW-0903 (Direct protein sequencing);KW-1015 (Disulfide bond);KW-0872 (Ion channel impairing toxin);KW-0528 (Neurotoxin);KW-0964 (Secreted);KW-0800 (Toxin);KW-0738 (Voltage-gated sodium channel impairing toxin),Buthidae,Leiurus,,Alpha-mammal toxin Lqh2,SCX2_LEIHE
P59367,neurotoxin 03 (Tx2) family|IC,PF17492 (D_CNTX)|32.1,CL0079 (Cystine-knot),KW-0903 (Direct protein sequencing);KW-1015 (Disulfide bond);KW-0872 (Ion channel impairing toxin);KW-1028 (Ionotropic glutamate receptor inhibitor);KW-0960 (Knottin);KW-0528 (Neurotoxin);KW-0629 (Postsynaptic neurotoxin);KW-0964 (Secreted);KW-0732 (Signal);KW-0800 (Toxin);KW-0738 (Voltage-gated sodium channel impairing toxin),Ctenidae,Phoneutria,,GAMMA-ctenitoxin-Pn1a,TX35C_PHONI
P59869,short scorpion toxin superfamily|IC,PF00451 (Toxin_2)|27.5,CL0054 (Knottin_1),KW-0002 (3D-structure);KW-0027 (Amidation);KW-1221 (Calcium-activated potassium channel impairing toxin);KW-0903 (Direct protein sequencing);KW-1015 (Disulfide bond);KW-0872 (Ion channel impairing toxin);KW-0528 (Neurotoxin);KW-0632 (Potassium channel impairing toxin);KW-0964 (Secreted);KW-0800 (Toxin),Buthidae,Mesobuthus,,Potassium channel toxin alpha-KTx 5.4,KAX54_HOTTA
P60245,conotoxin M superfamily|IC,,,KW-0002 (3D-structure);KW-0008 (Acetylcholine receptor inhibiting toxin);KW-0027 (Amidation);KW-0903 (Direct protein sequencing);KW-1015 (Disulfide bond);KW-0379 (Hydroxylation);KW-0872 (Ion channel impairing toxin);KW-0528 (Neurotoxin);KW-0629 (Postsynaptic neurotoxin);KW-0964 (Secreted);KW-0800 (Toxin),Conidae,Conus,,Psi-conotoxin PIIIF,CM3F_CONPU
P60616,three-finger toxin family|IC,PF21947 (Toxin_cobra-type)|71.5,CL0117 (uPAR_Ly6_toxin),KW-0002 (3D-structure);KW-0008 (Acetylcholine receptor inhibiting toxin);KW-0903 (Direct protein sequencing);KW-1015 (Disulfide bond);KW-0872 (Ion channel impairing toxin);KW-0528 (Neurotoxin);KW-0629 (Postsynaptic neurotoxin);KW-0964 (Secreted);KW-0732 (Signal);KW-0800 (Toxin),Elapidae,Bungarus,,Alpha-bungarotoxin isoform V31,3L21V_BUNMU
P67862,PDGF/VEGF growth factor family|IC,PF00341 (PDGF)|83.4,CL0079 (Cystine-knot),KW-1015 (Disulfide bond);KW-0339 (Growth factor);KW-0873 (Pyrrolidone carboxylic acid);KW-0964 (Secreted);KW-0732 (Signal);KW-0800 (Toxin),Viperidae,Protobothrops,,Snake venom vascular endothelial growth factor toxin TfsvVEGF,TXVE_PROFL
P69930,sea anemone type 3 (BDS) potassium channel toxin family|IC,PF07936 (Defensin_4)|53.4,CL0075 (Defensin),KW-0165 (Cleavage on pair of basic residues);KW-1015 (Disulfide bond);KW-0379 (Hydroxylation);KW-0166 (Nematocyst);KW-0528 (Neurotoxin);KW-0964 (Secreted);KW-0732 (Signal);KW-0800 (Toxin),Actiniidae,Antheopsis,,Delta-actitoxin-Amc2a,BDS2A_ANTMC
P69939,long chain scorpion toxin family|IC,PF14866 (Scorpion_toxin_alpha-beta)|77.5,CL0054 (Knottin_1),KW-0903 (Direct protein sequencing);KW-1015 (Disulfide bond);KW-0872 (Ion channel impairing toxin);KW-0528 (Neurotoxin);KW-0632 (Potassium channel impairing toxin);KW-0964 (Secreted);KW-0732 (Signal);KW-0800 (Toxin);KW-1220 (Voltage-gated potassium channel impairing toxin),Buthidae,Androctonus,,Potassium channel toxin AaTXK-beta,KBX1_ANDAU
P81166,phospholipase A2 family|IC,PF00068 (Phospholip_A2_1)|117.6,CL0629 (PLA2),KW-0106 (Calcium);KW-0903 (Direct protein sequencing);KW-1015 (Disulfide bond);KW-0378 (Hydrolase);KW-0442 (Lipid degradation);KW-0443 (Lipid metabolism);KW-0479 (Metal-binding);KW-0959 (Myotoxin);KW-0964 (Secreted);KW-0800 (Toxin),Elapidae,Micrurus,,Basic phospholipase A2 nigroxin A,PA2BA_MICNI
P81637,leguminous lectin family|IC,PF00139 (Lectin_legB)|173.2,CL0004 (Concanavalin),KW-0002 (3D-structure);KW-0106 (Calcium);KW-0903 (Direct protein sequencing);KW-0430 (Lectin);KW-0464 (Manganese);KW-0465 (Mannose-binding);KW-0479 (Metal-binding);KW-0800 (Toxin),Fabaceae,Dioclea,,Lectin alpha chain,LECA_DIOGU
P81783,three-finger toxin family|IC,PF21947 (Toxin_cobra-type)|53.9,CL0117 (uPAR_Ly6_toxin),KW-0002 (3D-structure);KW-0008 (Acetylcholine receptor inhibiting toxin);KW-0903 (Direct protein sequencing);KW-1015 (Disulfide bond);KW-0872 (Ion channel impairing toxin);KW-0528 (Neurotoxin);KW-0629 (Postsynaptic neurotoxin);KW-0964 (Secreted);KW-0732 (Signal);KW-0800 (Toxin),Elapidae,Bungarus,,Candoxin,3NO4_BUNCA
P81883,peptidase S1 family|SAM,,,KW-1204 (Blood coagulation cascade activating toxin);KW-0903 (Direct protein sequencing);KW-0325 (Glycoprotein);KW-1199 (Hemostasis impairing toxin);KW-0378 (Hydrolase);KW-0645 (Protease);KW-0964 (Secreted);KW-0720 (Serine protease);KW-0800 (Toxin),Viperidae,Bothrops,,Thrombin-like enzyme TL-BJ 2,VSPT2_BOTJA
P82813,long (4 C-C) scorpion toxin superfamily|IC,PF00537 (Toxin_3)|63.6,CL0054 (Knottin_1),KW-0903 (Direct protein sequencing);KW-1015 (Disulfide bond);KW-0872 (Ion channel impairing toxin);KW-0528 (Neurotoxin);KW-0964 (Secreted);KW-0800 (Toxin);KW-0738 (Voltage-gated sodium channel impairing toxin),Buthidae,Mesobuthus,,Insect toxin BsIT3,SIX3_HOTTS
P82893,phospholipase A2 family|IC,PF00068 (Phospholip_A2_1)|79.2,CL0629 (PLA2),KW-0106 (Calcium);KW-0903 (Direct protein sequencing);KW-1015 (Disulfide bond);KW-0378 (Hydrolase);KW-0442 (Lipid degradation);KW-0443 (Lipid metabolism);KW-0479 (Metal-binding);KW-0959 (Myotoxin);KW-0964 (Secreted);KW-0800 (Toxin),Viperidae,Trimeresurus,,Basic phospholipase A2 2,PA2B2_TRIST
P83047,O2 superfamily|IC,,,KW-0002 (3D-structure);KW-0027 (Amidation);KW-1221 (Calcium-activated potassium channel impairing toxin);KW-0208 (D-amino acid);KW-0903 (Direct protein sequencing);KW-1015 (Disulfide bond);KW-0872 (Ion channel impairing toxin);KW-0528 (Neurotoxin);KW-0632 (Potassium channel impairing toxin);KW-0964 (Secreted);KW-0800 (Toxin);KW-1220 (Voltage-gated potassium channel impairing toxin),Conidae,Conus,,Contryphan-Vn,COW_CONVE
P83405,short scorpion toxin superfamily|IC,PF05453 (Toxin_6)|59.6,CL0054 (Knottin_1),KW-0108 (Calcium channel impairing toxin);KW-0903 (Direct protein sequencing);KW-1015 (Disulfide bond);KW-0872 (Ion channel impairing toxin);KW-0528 (Neurotoxin);KW-1219 (Ryanodine-sensitive calcium-release channel impairing toxin);KW-0964 (Secreted);KW-0800 (Toxin),Buthidae,Hottentotta,,Potassium channel toxin alpha-KTx 9.6,KAX96_HOTJU
P83407,short scorpion toxin superfamily|IC,PF00451 (Toxin_2)|36.7,CL0054 (Knottin_1),KW-0002 (3D-structure);KW-1221 (Calcium-activated potassium channel impairing toxin);KW-0903 (Direct protein sequencing);KW-1015 (Disulfide bond);KW-0872 (Ion channel impairing toxin);KW-0528 (Neurotoxin);KW-0632 (Potassium channel impairing toxin);KW-0964 (Secreted);KW-0800 (Toxin),Buthidae,Olivierus,,Potassium channel toxin alpha-KTx 19.1,KA191_OLIMR
P83469,disintegrin family|IC,,,KW-0002 (3D-structure);KW-0037 (Angiogenesis);KW-1217 (Cell adhesion impairing toxin);KW-0217 (Developmental protein);KW-0221 (Differentiation);KW-0903 (Direct protein sequencing);KW-1015 (Disulfide bond);KW-0964 (Secreted);KW-0800 (Toxin),Viperidae,Macrovipera,,Disintegrin obtustatin,DIS_MACLO
P83560,neurotoxin 06 (delta-actx) family|IC,PF05353 (Atracotoxin)|75.9,CL0083 (Omega_toxin),KW-0002 (3D-structure);KW-0165 (Cleavage on pair of basic residues);KW-0903 (Direct protein sequencing);KW-1015 (Disulfide bond);KW-0872 (Ion channel impairing toxin);KW-0960 (Knottin);KW-0528 (Neurotoxin);KW-0964 (Secreted);KW-0732 (Signal);KW-0800 (Toxin);KW-0738 (Voltage-gated sodium channel impairing toxin),Macrothelidae,Macrothele,,Delta-hexatoxin-Mg1a,TXMG4_MACGS
P83659,bradykinin-related peptide family|IC,PF06753 (Bradykinin)|21.2,,KW-1222 (Bradykinin receptor impairing toxin);KW-0903 (Direct protein sequencing);KW-1213 (G-protein coupled receptor impairing toxin);KW-0964 (Secreted);KW-0800 (Toxin),Pompilidae,Cyphononyx,,Cyphokinin,BRKC_CYPDO
P84701,conophan family|IC,,,KW-0208 (D-amino acid);KW-0903 (Direct protein sequencing);KW-0379 (Hydroxylation);KW-0528 (Neurotoxin);KW-0964 (Secreted);KW-0800 (Toxin),Conidae,Conus,,Conophan mus-V,CONO_CONMU
P84744,short scorpion toxin superfamily|IC,PF05453 (Toxin_6)|55.9,CL0054 (Knottin_1),KW-0027 (Amidation);KW-1221 (Calcium-activated potassium channel impairing toxin);KW-0903 (Direct protein sequencing);KW-1015 (Disulfide bond);KW-0872 (Ion channel impairing toxin);KW-0528 (Neurotoxin);KW-0632 (Potassium channel impairing toxin);KW-0964 (Secreted);KW-0800 (Toxin);KW-1220 (Voltage-gated potassium channel impairing toxin),Buthidae,Buthus,,Potassium channel toxin alpha-KTx 9.5,KAX95_BUTOC
P84805,CRISP family|SAM,PF00188 (CAP)|65.4;PF08562 (Crisp)|64.2,CL0213 (ShK-like);CL0659 (CAP),KW-0108 (Calcium channel impairing toxin);KW-1221 (Calcium-activated potassium channel impairing toxin);KW-0903 (Direct protein sequencing);KW-1015 (Disulfide bond);KW-0872 (Ion channel impairing toxin);KW-0632 (Potassium channel impairing toxin);KW-1219 (Ryanodine-sensitive calcium-release channel impairing toxin);KW-0964 (Secreted);KW-0732 (Signal);KW-0800 (Toxin);KW-1220 (Voltage-gated potassium channel impairing toxin),Elapidae,Naja,,Cysteine-rich venom protein kaouthin-1,CRVP1_NAJKA
P85021,conotoxin M superfamily|IC,,,KW-0002 (3D-structure);KW-0165 (Cleavage on pair of basic residues);KW-0903 (Direct protein sequencing);KW-1015 (Disulfide bond);KW-0964 (Secreted);KW-0732 (Signal);KW-0800 (Toxin),Conidae,Conus,,Conotoxin Reg3b,CM3B_CONRE
P85062,phospholipase A2 family|SAM,,,KW-0106 (Calcium);KW-0903 (Direct protein sequencing);KW-1015 (Disulfide bond);KW-0378 (Hydrolase);KW-0442 (Lipid degradation);KW-0443 (Lipid metabolism);KW-0479 (Metal-binding);KW-0959 (Myotoxin);KW-0964 (Secreted);KW-0800 (Toxin),Elapidae,Acanthophis,,Phospholipase A2 acanmyotoxin-1,PA21_ACASE
P85117,neurotoxin 30 (phrixotoxin) family|IC,,,KW-0903 (Direct protein sequencing);KW-1015 (Disulfide bond);KW-0872 (Ion channel impairing toxin);KW-0960 (Knottin);KW-0528 (Neurotoxin);KW-0632 (Potassium channel impairing toxin);KW-0964 (Secreted);KW-0800 (Toxin);KW-1220 (Voltage-gated potassium channel impairing toxin);KW-0738 (Voltage-gated sodium channel impairing toxin),Theraphosidae,Grammostola,,Beta-theraphotoxin-Gr1a,TX1_GRARO
P85259,cationic peptide 06 (cytoinsectotoxin) family|IC,PF10279 (Latarcin)|26.6,,KW-0044 (Antibiotic);KW-0929 (Antimicrobial);KW-0204 (Cytolysis);KW-0903 (Direct protein sequencing);KW-0354 (Hemolysis);KW-0964 (Secreted);KW-0732 (Signal);KW-0800 (Toxin),Zodariidae,Lachesana,cit 1-8,M-zodatoxin-Lt8g,CTX18_LACTA
P85871,FARP (FMRFamide related peptide) family|IC,,,KW-0027 (Amidation);KW-0903 (Direct protein sequencing);KW-0301 (Gamma-carboxyglutamic acid);KW-0528 (Neurotoxin);KW-0964 (Secreted);KW-0800 (Toxin),Conidae,Conus,,Conorfamide-Sr2,CRFA2_CONSP
P86261,conotoxin A superfamily|IC,,,KW-0008 (Acetylcholine receptor inhibiting toxin);KW-0027 (Amidation);KW-0903 (Direct protein sequencing);KW-1015 (Disulfide bond);KW-0872 (Ion channel impairing toxin);KW-0528 (Neurotoxin);KW-0629 (Postsynaptic neurotoxin);KW-0964 (Secreted);KW-0800 (Toxin),Conidae,Conus,,Alpha-conotoxin Tx1C,CA1C_CONTE
P86396,short scorpion toxin superfamily|SAM,PF00451 (Toxin_2)|47.6,CL0054 (Knottin_1),KW-0027 (Amidation);KW-0903 (Direct protein sequencing);KW-1015 (Disulfide bond);KW-0872 (Ion channel impairing toxin);KW-0528 (Neurotoxin);KW-0632 (Potassium channel impairing toxin);KW-0964 (Secreted);KW-0800 (Toxin);KW-1220 (Voltage-gated potassium channel impairing toxin),Buthidae,Mesobuthus,,Potassium channel toxin alpha-KTx 3.13,KAX3D_MESEU
P86407,non-disulfide-bridged peptide (NDBP) superfamily|IC,,,KW-0044 (Antibiotic);KW-0929 (Antimicrobial);KW-0165 (Cleavage on pair of basic residues);KW-0204 (Cytolysis);KW-0903 (Direct protein sequencing);KW-0295 (Fungicide);KW-0964 (Secreted);KW-0732 (Signal);KW-0800 (Toxin),Buthidae,Mesobuthus,,Meucin-49,NDB2_MESEU
P86524,phospholipase A2 family|SAM,,,KW-0903 (Direct protein sequencing);KW-1015 (Disulfide bond);KW-0528 (Neurotoxin);KW-0638 (Presynaptic neurotoxin);KW-0964 (Secreted);KW-0800 (Toxin),Elapidae,Acanthophis,,Phospholipase A2 homolog P-elapitoxin-Aa1a beta chain,PA2HB_ACAAN
P86862,venom Kunitz-type family|IC,PF00014 (Kunitz_BPTI)|78.2,CL0894 (BPTI),KW-0903 (Direct protein sequencing);KW-1015 (Disulfide bond);KW-0872 (Ion channel impairing toxin);KW-0166 (Nematocyst);KW-0632 (Potassium channel impairing toxin);KW-0646 (Protease inhibitor);KW-0964 (Secreted);KW-0722 (Serine protease inhibitor);KW-0800 (Toxin);KW-1220 (Voltage-gated potassium channel impairing toxin),Actiniidae,Anthopleura,,KappaPI-actitoxin-Ael3a,VKT1_ANTEL
P86974,phospholipase A2 family|IC,PF00068 (Phospholip_A2_1)|119.1,CL0629 (PLA2),KW-1203 (Blood coagulation cascade inhibiting toxin);KW-0106 (Calcium);KW-0903 (Direct protein sequencing);KW-1015 (Disulfide bond);KW-1199 (Hemostasis impairing toxin);KW-0378 (Hydrolase);KW-0442 (Lipid degradation);KW-0443 (Lipid metabolism);KW-0479 (Metal-binding);KW-0964 (Secreted);KW-0800 (Toxin),Viperidae,Bothrops,,Basic phospholipase A2,PA2BD_BOTLC
P9WJ62,TlyA family|IC,PF01479 (S4)|32.4;PF01728 (FtsJ)|156.3,CL0063 (NADP_Rossmann);CL0492 (S4),KW-0002 (3D-structure);KW-0134 (Cell wall);KW-0204 (Cytolysis);KW-0963 (Cytoplasm);KW-0354 (Hemolysis);KW-1032 (Host cell membrane);KW-1043 (Host membrane);KW-0472 (Membrane);KW-0489 (Methyltransferase);KW-1185 (Reference proteome);KW-0690 (Ribosome biogenesis);KW-0694 (RNA-binding);KW-0698 (rRNA processing);KW-0949 (S-adenosyl-L-methionine);KW-0964 (Secreted);KW-0800 (Toxin);KW-0808 (Transferase);KW-0843 (Virulence),Mycobacteriaceae,Mycobacterium,tlyA,16S/23S rRNA (cytidine-2'-O)-methyltransferase TlyA,TLYA_MYCTO
Q06077,In the N-terminal section|IC,PF00161 (RIP)|139.0;PF00652 (Ricin_B_lectin)|170.4,CL0066 (Trefoil),KW-0903 (Direct protein sequencing);KW-1015 (Disulfide bond);KW-0325 (Glycoprotein);KW-0378 (Hydrolase);KW-0430 (Lectin);KW-0611 (Plant defense);KW-0652 (Protein synthesis inhibitor);KW-0873 (Pyrrolidone carboxylic acid);KW-1185 (Reference proteome);KW-0677 (Repeat);KW-0800 (Toxin),Fabaceae,Abrus,,Abrin-b,ABRB_ABRPR
Q06B72,serpin family|IC,PF00079 (Serpin)|370.2,,KW-0002 (3D-structure);KW-1203 (Blood coagulation cascade inhibiting toxin);KW-1216 (Complement system impairing toxin);KW-0325 (Glycoprotein);KW-1199 (Hemostasis impairing toxin);KW-0391 (Immunity);KW-0646 (Protease inhibitor);KW-0964 (Secreted);KW-0722 (Serine protease inhibitor);KW-0732 (Signal);KW-0800 (Toxin),Ixodidae,Ixodes,,Iripin-8,IRS8_IXORI
Q06B74,serpin family|IC,PF00079 (Serpin)|388.0,,KW-0002 (3D-structure);KW-0325 (Glycoprotein);KW-1199 (Hemostasis impairing toxin);KW-0391 (Immunity);KW-1201 (Platelet aggregation inhibiting toxin);KW-0646 (Protease inhibitor);KW-0964 (Secreted);KW-0722 (Serine protease inhibitor);KW-0732 (Signal);KW-0800 (Toxin),Ixodidae,Ixodes,,Iripin-2,IRS2_IXORI
Q1ELU8,cationic peptide 03 (latarcin) family|IC,PF10279 (Latarcin)|83.4,,KW-0903 (Direct protein sequencing);KW-0873 (Pyrrolidone carboxylic acid);KW-0964 (Secreted);KW-0732 (Signal);KW-0800 (Toxin),Zodariidae,Lachesana,,M-zodatoxin-Lt6a/b,LAT61_LACTA
Q1PS45,venom metalloproteinase (M12B) family|IC,PF00200 (Disintegrin)|70.2;PF01421 (Reprolysin)|205.6;PF01562 (Pep_M12B_propep)|60.5;PF08516 (ADAM_CR)|70.7,CL0126 (Peptidase_MA);CL0750 (ADAM_CR_sf),KW-0053 (Apoptosis);KW-0106 (Calcium);KW-1217 (Cell adhesion impairing toxin);KW-1015 (Disulfide bond);KW-0325 (Glycoprotein);KW-1199 (Hemostasis impairing toxin);KW-0378 (Hydrolase);KW-0479 (Metal-binding);KW-0482 (Metalloprotease);KW-1201 (Platelet aggregation inhibiting toxin);KW-0645 (Protease);KW-0964 (Secreted);KW-0732 (Signal);KW-0800 (Toxin);KW-0862 (Zinc);KW-0865 (Zymogen),Viperidae,Deinagkistrodon,,Zinc metalloproteinase-disintegrin-like agkihagin,VM3AK_DEIAC
Q26443,conotoxin O1 superfamily|IC,PF02950 (Conotoxin)|68.7,CL0083 (Omega_toxin),KW-0002 (3D-structure);KW-0165 (Cleavage on pair of basic residues);KW-0903 (Direct protein sequencing);KW-1015 (Disulfide bond);KW-0872 (Ion channel impairing toxin);KW-0960 (Knottin);KW-0528 (Neurotoxin);KW-0964 (Secreted);KW-0732 (Signal);KW-0800 (Toxin);KW-0738 (Voltage-gated sodium channel impairing toxin),Conidae,Conus,,Mu-conotoxin MrVIB,O16B_CONMR
Q2YHJ5,phospholipase A2 family|IC,PF00068 (Phospholip_A2_1)|108.4,CL0629 (PLA2),KW-0903 (Direct protein sequencing);KW-1015 (Disulfide bond);KW-1199 (Hemostasis impairing toxin);KW-0378 (Hydrolase);KW-0442 (Lipid degradation);KW-0443 (Lipid metabolism);KW-0479 (Metal-binding);KW-1201 (Platelet aggregation inhibiting toxin);KW-0964 (Secreted);KW-0800 (Toxin),Viperidae,Craspedocephalus,,Acidic phospholipase A2 Tpu-E6b,PA2AB_CRAPU
Q3HTN2,venom metalloproteinase (M12B) family|IC,PF00200 (Disintegrin)|66.7;PF01421 (Reprolysin)|177.7;PF01562 (Pep_M12B_propep)|61.9;PF08516 (ADAM_CR)|68.4,CL0126 (Peptidase_MA);CL0750 (ADAM_CR_sf),KW-0106 (Calcium);KW-1217 (Cell adhesion impairing toxin);KW-1015 (Disulfide bond);KW-0325 (Glycoprotein);KW-1199 (Hemostasis impairing toxin);KW-0378 (Hydrolase);KW-0479 (Metal-binding);KW-0482 (Metalloprotease);KW-0645 (Protease);KW-0873 (Pyrrolidone carboxylic acid);KW-0964 (Secreted);KW-0732 (Signal);KW-0800 (Toxin);KW-0862 (Zinc);KW-0865 (Zymogen),Viperidae,Trimeresurus,,Zinc metalloproteinase-disintegrin-like stejnihagin-B,VM3SB_TRIST
Q3HXX4,NGF-beta family|IC,PF00243 (NGF)|164.6,CL0079 (Cystine-knot),KW-0165 (Cleavage on pair of basic residues);KW-1015 (Disulfide bond);KW-0325 (Glycoprotein);KW-0339 (Growth factor);KW-0446 (Lipid-binding);KW-0481 (Metalloenzyme inhibitor);KW-0483 (Metalloprotease inhibitor);KW-0646 (Protease inhibitor);KW-0964 (Secreted);KW-0732 (Signal);KW-0800 (Toxin),Elapidae,Tropidechis,,Venom nerve growth factor 5,NGFV5_TROCA
Q3HXX9,NGF-beta family|IC,PF00243 (NGF)|159.3,CL0079 (Cystine-knot),KW-0165 (Cleavage on pair of basic residues);KW-1015 (Disulfide bond);KW-0325 (Glycoprotein);KW-0339 (Growth factor);KW-0446 (Lipid-binding);KW-0481 (Metalloenzyme inhibitor);KW-0483 (Metalloprotease inhibitor);KW-0646 (Protease inhibitor);KW-0964 (Secreted);KW-0732 (Signal);KW-0800 (Toxin),Elapidae,Hoplocephalus,,Venom nerve growth factor 2,NGFV2_HOPST
Q3HXY8,NGF-beta family|IC,PF00243 (NGF)|161.9,CL0079 (Cystine-knot),KW-0165 (Cleavage on pair of basic residues);KW-1015 (Disulfide bond);KW-0325 (Glycoprotein);KW-0339 (Growth factor);KW-0446 (Lipid-binding);KW-0481 (Metalloenzyme inhibitor);KW-0483 (Metalloprotease inhibitor);KW-0646 (Protease inhibitor);KW-1185 (Reference proteome);KW-0964 (Secreted);KW-0732 (Signal);KW-0800 (Toxin),Elapidae,Pseudonaja,,Venom nerve growth factor 2,NGFV2_PSETE
Q3SAE9,natriuretic peptide family|IC,PF00212 (ANP)|37.5,,KW-0903 (Direct protein sequencing);KW-1015 (Disulfide bond);KW-0325 (Glycoprotein);KW-0382 (Hypotensive agent);KW-0964 (Secreted);KW-0800 (Toxin);KW-0838 (Vasoactive);KW-0840 (Vasodilator),Elapidae,Tropidechis,,Natriuretic peptide TcNPa,VNPA_TROCA
Q45Z25,phospholipase A2 family|IC,PF00068 (Phospholip_A2_1)|118.8,CL0629 (PLA2),KW-0106 (Calcium);KW-1015 (Disulfide bond);KW-0378 (Hydrolase);KW-0442 (Lipid degradation);KW-0443 (Lipid metabolism);KW-0479 (Metal-binding);KW-0964 (Secreted);KW-0732 (Signal);KW-0800 (Toxin),Elapidae,Tropidechis,,Acidic phospholipase A2 6,PA2A6_TROCA
Q45Z27,phospholipase A2 family|IC,PF00068 (Phospholip_A2_1)|118.6,CL0629 (PLA2),KW-0106 (Calcium);KW-1015 (Disulfide bond);KW-0378 (Hydrolase);KW-0442 (Lipid degradation);KW-0443 (Lipid metabolism);KW-0479 (Metal-binding);KW-0964 (Secreted);KW-0732 (Signal);KW-0800 (Toxin),Elapidae,Tropidechis,,Acidic phospholipase A2 4,PA2A4_TROCA
Q45Z28,phospholipase A2 family|IC,PF00068 (Phospholip_A2_1)|118.4,CL0629 (PLA2),KW-0106 (Calcium);KW-1015 (Disulfide bond);KW-0378 (Hydrolase);KW-0442 (Lipid degradation);KW-0443 (Lipid metabolism);KW-0479 (Metal-binding);KW-0964 (Secreted);KW-0732 (Signal);KW-0800 (Toxin),Elapidae,Tropidechis,,Acidic phospholipase A2 3,PA2A3_TROCA
Q45Z29,phospholipase A2 family|IC,PF00068 (Phospholip_A2_1)|119.2,CL0629 (PLA2),KW-0002 (3D-structure);KW-0106 (Calcium);KW-1015 (Disulfide bond);KW-0378 (Hydrolase);KW-0442 (Lipid degradation);KW-0443 (Lipid metabolism);KW-0479 (Metal-binding);KW-0964 (Secreted);KW-0732 (Signal);KW-0800 (Toxin),Elapidae,Tropidechis,,Acidic phospholipase A2 2,PA2A2_TROCA
Q45Z42,phospholipase A2 family|IC,PF00068 (Phospholip_A2_1)|113.3,CL0629 (PLA2),KW-0106 (Calcium);KW-1015 (Disulfide bond);KW-0378 (Hydrolase);KW-0442 (Lipid degradation);KW-0443 (Lipid metabolism);KW-0479 (Metal-binding);KW-0528 (Neurotoxin);KW-0638 (Presynaptic neurotoxin);KW-0964 (Secreted);KW-0732 (Signal);KW-0800 (Toxin),Elapidae,Oxyuranus,,Basic phospholipase A2 paradoxin-like alpha chain,PA2PA_OXYMI
Q4LCS8,long (3 C-C) scorpion toxin superfamily|IC,PF00537 (Toxin_3)|29.0,CL0054 (Knottin_1),KW-0903 (Direct protein sequencing);KW-1015 (Disulfide bond);KW-0872 (Ion channel impairing toxin);KW-0528 (Neurotoxin);KW-0964 (Secreted);KW-0732 (Signal);KW-0800 (Toxin);KW-0738 (Voltage-gated sodium channel impairing toxin),Buthidae,Androctonus,,Beta-insect toxin AaBTxL1,TXA25_ANDAU
Q56EB0,snaclec family|IC,PF00059 (Lectin_C)|69.2,CL0056 (C_Lectin),KW-1203 (Blood coagulation cascade inhibiting toxin);KW-0903 (Direct protein sequencing);KW-1015 (Disulfide bond);KW-1199 (Hemostasis impairing toxin);KW-1201 (Platelet aggregation inhibiting toxin);KW-0964 (Secreted);KW-0732 (Signal);KW-0800 (Toxin),Viperidae,Bothrops,,Snaclec bothrojaracin subunit beta,SLAB_BOTJA
Q56JA9,arthropod phospholipase D family|IC,PF13653 (GDPD_2)|41.5,CL0036 (TIM_barrel),KW-0204 (Cytolysis);KW-1061 (Dermonecrotic toxin);KW-1015 (Disulfide bond);KW-0354 (Hemolysis);KW-0442 (Lipid degradation);KW-0443 (Lipid metabolism);KW-0456 (Lyase);KW-0460 (Magnesium);KW-0479 (Metal-binding);KW-0964 (Secreted);KW-0800 (Toxin),Sicariidae,Loxosceles,,Dermonecrotic toxin LsSicTox-alphaIA1,A1H_LOXSM
Q58L90,multicopper oxidase family|IC,PF00754 (F5_F8_type_C)|184.7;PF07732 (Cu-oxidase_3)|90.3,CL0026 (CU_oxidase);CL0202 (GBD),KW-1204 (Blood coagulation cascade activating toxin);KW-0106 (Calcium);KW-1015 (Disulfide bond);KW-0325 (Glycoprotein);KW-1199 (Hemostasis impairing toxin);KW-0479 (Metal-binding);KW-0655 (Prothrombin activator);KW-0677 (Repeat);KW-0964 (Secreted);KW-0732 (Signal);KW-0800 (Toxin),Elapidae,Oxyuranus,,Venom prothrombin activator omicarin-C non-catalytic subunit,FA5V_OXYMI
Q5K0C7,conotoxin O1 superfamily|IC,PF02950 (Conotoxin)|55.7,CL0083 (Omega_toxin),KW-0903 (Direct protein sequencing);KW-1015 (Disulfide bond);KW-0379 (Hydroxylation);KW-0872 (Ion channel impairing toxin);KW-0960 (Knottin);KW-0964 (Secreted);KW-0732 (Signal);KW-0800 (Toxin),Conidae,Conus,,Conotoxin Vi6.1,O161_CONVR
Q5MJP5,long (4 C-C) scorpion toxin superfamily|IC,PF00537 (Toxin_3)|24.5,CL0054 (Knottin_1),KW-0903 (Direct protein sequencing);KW-1015 (Disulfide bond);KW-0872 (Ion channel impairing toxin);KW-0528 (Neurotoxin);KW-0964 (Secreted);KW-0732 (Signal);KW-0800 (Toxin);KW-0738 (Voltage-gated sodium channel impairing toxin),Chactidae,Anuroctonus,phtx,Phaiodotoxin,SCX1_ANUPH
Q5Y4U6,neurotoxin 07 (Beta/delta-agtx) family|IC,PF05980 (Toxin_7)|29.8,CL0083 (Omega_toxin),KW-0027 (Amidation);KW-0903 (Direct protein sequencing);KW-1015 (Disulfide bond);KW-0872 (Ion channel impairing toxin);KW-0960 (Knottin);KW-0528 (Neurotoxin);KW-0964 (Secreted);KW-0732 (Signal);KW-0800 (Toxin);KW-0738 (Voltage-gated sodium channel impairing toxin),Agelenidae,Agelena,,Mu-agatoxin-Ao1b,T5G1B_AGEOR
Q5Y4V2,neurotoxin 07 (Beta/delta-agtx) family|IC,PF05980 (Toxin_7)|64.2,CL0083 (Omega_toxin),KW-0027 (Amidation);KW-0903 (Direct protein sequencing);KW-1015 (Disulfide bond);KW-0872 (Ion channel impairing toxin);KW-0960 (Knottin);KW-0528 (Neurotoxin);KW-0964 (Secreted);KW-0732 (Signal);KW-0800 (Toxin);KW-0738 (Voltage-gated sodium channel impairing toxin),Agelenidae,Agelena,,U3-agatoxin-Ao1g,T4G1G_AGEOR
Q5Y4V6,neurotoxin 07 (Beta/delta-agtx) family|IC,PF05980 (Toxin_7)|69.9,CL0083 (Omega_toxin),KW-0027 (Amidation);KW-0903 (Direct protein sequencing);KW-1015 (Disulfide bond);KW-0872 (Ion channel impairing toxin);KW-0960 (Knottin);KW-0528 (Neurotoxin);KW-0964 (Secreted);KW-0732 (Signal);KW-0800 (Toxin);KW-0738 (Voltage-gated sodium channel impairing toxin),Agelenidae,Agelena,,U3-agatoxin-Ao1c,T4G1C_AGEOR
Q5YF89,NGF-beta family|IC,PF00243 (NGF)|152.5,CL0079 (Cystine-knot),KW-0165 (Cleavage on pair of basic residues);KW-1015 (Disulfide bond);KW-0339 (Growth factor);KW-0446 (Lipid-binding);KW-0481 (Metalloenzyme inhibitor);KW-0483 (Metalloprotease inhibitor);KW-0646 (Protease inhibitor);KW-0964 (Secreted);KW-0732 (Signal);KW-0800 (Toxin),Elapidae,Naja,,Venom nerve growth factor 2,NGFV2_NAJSP
Q6T178,phospholipase A2 family|IC,PF05826 (Phospholip_A2_2)|103.3,CL0629 (PLA2),KW-0106 (Calcium);KW-0108 (Calcium channel impairing toxin);KW-1015 (Disulfide bond);KW-0325 (Glycoprotein);KW-0378 (Hydrolase);KW-0872 (Ion channel impairing toxin);KW-0442 (Lipid degradation);KW-0443 (Lipid metabolism);KW-0479 (Metal-binding);KW-0528 (Neurotoxin);KW-1219 (Ryanodine-sensitive calcium-release channel impairing toxin);KW-0964 (Secreted);KW-0732 (Signal);KW-0800 (Toxin);KW-0865 (Zymogen),Buthidae,Mesobuthus,,Phospholipase A2,PA2_HOTTA
Q6T5L0,peptidase S1 family|SAM,PF00089 (Trypsin)|204.3,CL0124 (Peptidase_PA),KW-0903 (Direct protein sequencing);KW-1015 (Disulfide bond);KW-1206 (Fibrinogenolytic toxin);KW-1205 (Fibrinolytic toxin);KW-0325 (Glycoprotein);KW-1199 (Hemostasis impairing toxin);KW-0378 (Hydrolase);KW-0645 (Protease);KW-0964 (Secreted);KW-0720 (Serine protease);KW-0800 (Toxin),Viperidae,Gloydius,,Alpha-fibrinogenase shedaoenase,VSPSH_GLOSH
Q6TPH0,snaclec family|IC,PF00059 (Lectin_C)|59.9,CL0056 (C_Lectin),KW-0002 (3D-structure);KW-0903 (Direct protein sequencing);KW-1015 (Disulfide bond);KW-1199 (Hemostasis impairing toxin);KW-1202 (Platelet aggregation activating toxin);KW-0964 (Secreted);KW-0732 (Signal);KW-0800 (Toxin),Viperidae,Protobothrops,,Snaclec mucrocetin subunit alpha,SLOA_PROMU
Q6WP39,flavin monoamine oxidase family|IC,PF01593 (Amino_oxidase)|261.4,CL0063 (NADP_Rossmann),KW-0044 (Antibiotic);KW-0929 (Antimicrobial);KW-0053 (Apoptosis);KW-0204 (Cytolysis);KW-1015 (Disulfide bond);KW-0274 (FAD);KW-0285 (Flavoprotein);KW-0325 (Glycoprotein);KW-0354 (Hemolysis);KW-1199 (Hemostasis impairing toxin);KW-0560 (Oxidoreductase);KW-0964 (Secreted);KW-0732 (Signal);KW-0800 (Toxin),Viperidae,Trimeresurus,,L-amino-acid oxidase,OXLA_TRIST
Q6YIJ3,phospholipase A2 family|IC,PF00068 (Phospholip_A2_1)|106.2,CL0629 (PLA2),KW-0106 (Calcium);KW-1015 (Disulfide bond);KW-0378 (Hydrolase);KW-0442 (Lipid degradation);KW-0443 (Lipid metabolism);KW-0479 (Metal-binding);KW-0528 (Neurotoxin);KW-0638 (Presynaptic neurotoxin);KW-0964 (Secreted);KW-0732 (Signal);KW-0800 (Toxin),Elapidae,Bungarus,,Acidic phospholipase A2 beta-bungarotoxin A chain,PA2A_BUNCA
Q7LZQ4,phospholipase A2 family|IC,PF00068 (Phospholip_A2_1)|111.7,CL0629 (PLA2),KW-0106 (Calcium);KW-0903 (Direct protein sequencing);KW-1015 (Disulfide bond);KW-1199 (Hemostasis impairing toxin);KW-0378 (Hydrolase);KW-0442 (Lipid degradation);KW-0443 (Lipid metabolism);KW-0479 (Metal-binding);KW-1201 (Platelet aggregation inhibiting toxin);KW-0964 (Secreted);KW-0800 (Toxin),Viperidae,Gloydius,,Acidic phospholipase A2,PA2A_GLOUS
Q7M485,arthropod phospholipase D family|IC,,,KW-0204 (Cytolysis);KW-1061 (Dermonecrotic toxin);KW-0903 (Direct protein sequencing);KW-1015 (Disulfide bond);KW-0354 (Hemolysis);KW-0442 (Lipid degradation);KW-0443 (Lipid metabolism);KW-0456 (Lyase);KW-0460 (Magnesium);KW-0479 (Metal-binding);KW-0964 (Secreted);KW-0800 (Toxin),Sicariidae,Loxosceles,,Dermonecrotic toxin LrSicTox-alphaI-1,A1X1_LOXRE
Q7T1R0,phospholipase A2 family|IC,PF00068 (Phospholip_A2_1)|109.8,CL0629 (PLA2),KW-0106 (Calcium);KW-0903 (Direct protein sequencing);KW-1015 (Disulfide bond);KW-0378 (Hydrolase);KW-0442 (Lipid degradation);KW-0443 (Lipid metabolism);KW-0479 (Metal-binding);KW-0528 (Neurotoxin);KW-0638 (Presynaptic neurotoxin);KW-0964 (Secreted);KW-0732 (Signal);KW-0800 (Toxin),Elapidae,Bungarus,,Basic phospholipase A2 beta-bungarotoxin A1 chain,PA2B1_BUNFL
Q7T3J2,three-finger toxin family|IC,PF21947 (Toxin_cobra-type)|70.7,CL0117 (uPAR_Ly6_toxin),KW-0008 (Acetylcholine receptor inhibiting toxin);KW-0903 (Direct protein sequencing);KW-1015 (Disulfide bond);KW-0872 (Ion channel impairing toxin);KW-0528 (Neurotoxin);KW-0629 (Postsynaptic neurotoxin);KW-0964 (Secreted);KW-0732 (Signal);KW-0800 (Toxin),Elapidae,Bungarus,,"Alpha-bungarotoxin, isoform A31",3L2A_BUNCA
Q7Z092,conotoxin I1 superfamily|IC,PF08088 (Toxin_19)|74.6,CL0083 (Omega_toxin),KW-0208 (D-amino acid);KW-0903 (Direct protein sequencing);KW-1015 (Disulfide bond);KW-0379 (Hydroxylation);KW-0872 (Ion channel impairing toxin);KW-0528 (Neurotoxin);KW-0964 (Secreted);KW-0800 (Toxin);KW-0738 (Voltage-gated sodium channel impairing toxin),Conidae,Conus,,Iota-conotoxin-like r11b,I1BB_CONRA
Q7Z094,conotoxin I1 superfamily|IC,PF08088 (Toxin_19)|78.4,CL0083 (Omega_toxin),KW-0002 (3D-structure);KW-0208 (D-amino acid);KW-0903 (Direct protein sequencing);KW-1015 (Disulfide bond);KW-0379 (Hydroxylation);KW-0872 (Ion channel impairing toxin);KW-0528 (Neurotoxin);KW-0964 (Secreted);KW-0800 (Toxin);KW-0738 (Voltage-gated sodium channel impairing toxin),Conidae,Conus,,Iota-conotoxin RXIA,I1BA_CONRA
Q7ZZM2,disintegrin family|IC,,,KW-0002 (3D-structure);KW-1217 (Cell adhesion impairing toxin);KW-1015 (Disulfide bond);KW-0964 (Secreted);KW-0732 (Signal);KW-0800 (Toxin),Viperidae,Protobothrops,,Disintegrin jerdostatin,DIS_PROJR
Q7ZZN8,CRISP family|IC,PF00188 (CAP)|73.9;PF08562 (Crisp)|61.5,CL0213 (ShK-like);CL0659 (CAP),KW-0108 (Calcium channel impairing toxin);KW-0903 (Direct protein sequencing);KW-1015 (Disulfide bond);KW-0872 (Ion channel impairing toxin);KW-0528 (Neurotoxin);KW-0964 (Secreted);KW-0732 (Signal);KW-0800 (Toxin),Elapidae,Naja,,Cysteine-rich venom protein natrin-2,CRVP2_NAJAT
Q82030,rotavirus NSP4 family|SAM,PF01452 (Rota_NSP4)|339.3,,KW-1072 (Activation of host autophagy by virus);KW-0106 (Calcium);KW-0260 (Enterotoxin);KW-0325 (Glycoprotein);KW-1038 (Host endoplasmic reticulum);KW-1043 (Host membrane);KW-0945 (Host-virus interaction);KW-0407 (Ion channel);KW-0406 (Ion transport);KW-0472 (Membrane);KW-0479 (Metal-binding);KW-0964 (Secreted);KW-0735 (Signal-anchor);KW-0800 (Toxin);KW-0812 (Transmembrane);KW-1133 (Transmembrane helix);KW-0813 (Transport);KW-1182 (Viral ion channel);KW-0843 (Virulence),Sedoreoviridae,Rotavirus,,Non-structural glycoprotein 4,NSP4_ROTH1
Q86FQ0,actinoporin family|IC,PF06369 (Anemone_cytotox)|269.6,CL0872 (PfC-like),KW-0204 (Cytolysis);KW-0903 (Direct protein sequencing);KW-0406 (Ion transport);KW-0472 (Membrane);KW-0166 (Nematocyst);KW-0964 (Secreted);KW-0732 (Signal);KW-1052 (Target cell membrane);KW-1053 (Target membrane);KW-0800 (Toxin);KW-0812 (Transmembrane);KW-0813 (Transport),Sagartiidae,Sagartia,,DELTA-sagatoxin-Srs1a,ACTP1_SAGRO
Q86LR2,hydralysin family|SAM,PF03318 (ETX_MTX2)|24.2,CL0345 (Aerolisin_ETX),KW-0204 (Cytolysis);KW-0903 (Direct protein sequencing);KW-0354 (Hemolysis);KW-0472 (Membrane);KW-0528 (Neurotoxin);KW-0964 (Secreted);KW-1052 (Target cell membrane);KW-1053 (Target membrane);KW-0800 (Toxin),Hydridae,Hydra,Hln-1,Hydralysin-1,HLYS1_HYDVD
Q893D9,cholesterol-dependent cytolysin family|IC,PF01289 (Thiol_cytolysin)|574.1;PF17440 (Thiol_cytolys_C)|178.6,CL0293 (CDC),KW-0204 (Cytolysis);KW-0354 (Hemolysis);KW-1032 (Host cell membrane);KW-1043 (Host membrane);KW-0446 (Lipid-binding);KW-0472 (Membrane);KW-1185 (Reference proteome);KW-0964 (Secreted);KW-0732 (Signal);KW-0800 (Toxin);KW-0812 (Transmembrane);KW-1134 (Transmembrane beta strand);KW-0843 (Virulence),Clostridiaceae,Clostridium,,Tetanolysin,TACY_CLOTE
Q8AV97,snaclec family|IC,PF00059 (Lectin_C)|58.7,CL0056 (C_Lectin),KW-0002 (3D-structure);KW-0903 (Direct protein sequencing);KW-1015 (Disulfide bond);KW-1199 (Hemostasis impairing toxin);KW-1201 (Platelet aggregation inhibiting toxin);KW-0964 (Secreted);KW-0732 (Signal);KW-0800 (Toxin),Viperidae,Protobothrops,,Snaclec flavocetin-A subunit alpha,SLAA_PROFL
Q8I912,arthropod phospholipase D family|IC,PF13653 (GDPD_2)|34.0,CL0036 (TIM_barrel),KW-0204 (Cytolysis);KW-1061 (Dermonecrotic toxin);KW-1015 (Disulfide bond);KW-0354 (Hemolysis);KW-1199 (Hemostasis impairing toxin);KW-0442 (Lipid degradation);KW-0443 (Lipid metabolism);KW-0456 (Lyase);KW-0460 (Magnesium);KW-0479 (Metal-binding);KW-1202 (Platelet aggregation activating toxin);KW-0964 (Secreted);KW-0732 (Signal);KW-0800 (Toxin);KW-0865 (Zymogen),Sicariidae,Loxosceles,,Dermonecrotic toxin LlSicTox-betaIA1,B1H_LOXLA
Q8I913,arthropod phospholipase D family|IC,,,KW-0204 (Cytolysis);KW-1061 (Dermonecrotic toxin);KW-1015 (Disulfide bond);KW-0354 (Hemolysis);KW-0442 (Lipid degradation);KW-0443 (Lipid metabolism);KW-0456 (Lyase);KW-0460 (Magnesium);KW-0479 (Metal-binding);KW-0964 (Secreted);KW-0732 (Signal);KW-0800 (Toxin);KW-0865 (Zymogen),Sicariidae,Loxosceles,,Dermonecrotic toxin LlSicTox-alphaIII3i,A331_LOXLA
Q8JGT6,snaclec family|IC,PF00059 (Lectin_C)|56.6,CL0056 (C_Lectin),KW-0903 (Direct protein sequencing);KW-1015 (Disulfide bond);KW-0325 (Glycoprotein);KW-1199 (Hemostasis impairing toxin);KW-1202 (Platelet aggregation activating toxin);KW-0964 (Secreted);KW-0732 (Signal);KW-0800 (Toxin),Viperidae,Protobothrops,,Snaclec mucetin subunit beta,SLEB_PROMU
Q8JNB2,rotavirus NSP4 family|SAM,PF01452 (Rota_NSP4)|338.2,,KW-1072 (Activation of host autophagy by virus);KW-0106 (Calcium);KW-0260 (Enterotoxin);KW-0325 (Glycoprotein);KW-1038 (Host endoplasmic reticulum);KW-1043 (Host membrane);KW-0945 (Host-virus interaction);KW-0407 (Ion channel);KW-0406 (Ion transport);KW-0472 (Membrane);KW-0479 (Metal-binding);KW-0964 (Secreted);KW-0735 (Signal-anchor);KW-0800 (Toxin);KW-0812 (Transmembrane);KW-1133 (Transmembrane helix);KW-0813 (Transport);KW-1182 (Viral ion channel);KW-0843 (Virulence),Sedoreoviridae,Rotavirus,,Non-structural glycoprotein 4,NSP4_ROTW3
Q8UVU7,phospholipase A2 family|IC,PF00068 (Phospholip_A2_1)|109.5,CL0629 (PLA2),KW-0903 (Direct protein sequencing);KW-1015 (Disulfide bond);KW-0959 (Myotoxin);KW-0964 (Secreted);KW-0732 (Signal);KW-0800 (Toxin),Viperidae,Cerrophidion,,Basic phospholipase A2 homolog Pgo-K49,PA2HB_CERGO
Q8ZNP4,glycosyltransferase NleB family|IC,PF24688 (SseK_NleB)|598.4,CL0110 (GT-A),KW-0328 (Glycosyltransferase);KW-1040 (Host Golgi apparatus);KW-0464 (Manganese);KW-0479 (Metal-binding);KW-1185 (Reference proteome);KW-0964 (Secreted);KW-0800 (Toxin);KW-0808 (Transferase);KW-0843 (Virulence),Enterobacteriaceae,Salmonella,sseK2,Protein-arginine N-acetylglucosaminyltransferase SseK2,SSEK2_SALTY
Q90121,,PF09044 (Kp4)|71.7,CL0812 (YKT-like_S),KW-0002 (3D-structure);KW-0903 (Direct protein sequencing);KW-1015 (Disulfide bond);KW-0964 (Secreted);KW-0732 (Signal);KW-0800 (Toxin),Orthototiviridae,Totivirus,M2A,KP4 killer toxin,KP4T_UMV4
Q90WA7,phospholipase A2 family|IC,PF00068 (Phospholip_A2_1)|114.8,CL0629 (PLA2),KW-0106 (Calcium);KW-1015 (Disulfide bond);KW-0378 (Hydrolase);KW-0442 (Lipid degradation);KW-0443 (Lipid metabolism);KW-0479 (Metal-binding);KW-0528 (Neurotoxin);KW-0638 (Presynaptic neurotoxin);KW-0964 (Secreted);KW-0732 (Signal);KW-0800 (Toxin),Elapidae,Bungarus,,Basic phospholipase A2 1,PA2B1_BUNFA
Q90Y44,venom metalloproteinase (M12B) family|IC,PF00200 (Disintegrin)|74.3;PF08516 (ADAM_CR)|68.3,CL0750 (ADAM_CR_sf),KW-1217 (Cell adhesion impairing toxin);KW-0903 (Direct protein sequencing);KW-1015 (Disulfide bond);KW-1199 (Hemostasis impairing toxin);KW-1201 (Platelet aggregation inhibiting toxin);KW-0964 (Secreted);KW-0800 (Toxin),Viperidae,Gloydius,,Disintegrin-like halysetin,VM3H_GLOHA
Q92043,venom metalloproteinase (M12B) family|IC,PF00200 (Disintegrin)|72.8;PF01421 (Reprolysin)|212.1;PF08516 (ADAM_CR)|60.8,CL0126 (Peptidase_MA);CL0750 (ADAM_CR_sf),KW-0106 (Calcium);KW-0903 (Direct protein sequencing);KW-1015 (Disulfide bond);KW-0325 (Glycoprotein);KW-1200 (Hemorrhagic toxin);KW-1199 (Hemostasis impairing toxin);KW-0378 (Hydrolase);KW-0479 (Metal-binding);KW-0482 (Metalloprotease);KW-1201 (Platelet aggregation inhibiting toxin);KW-0645 (Protease);KW-0964 (Secreted);KW-0800 (Toxin);KW-0862 (Zinc),Viperidae,Crotalus,,Zinc metalloproteinase-disintegrin-like atrolysin-A,VM3AA_CROAT
Q92086,phospholipase A2 family|IC,PF00068 (Phospholip_A2_1)|118.4,CL0629 (PLA2),KW-0106 (Calcium);KW-1015 (Disulfide bond);KW-0378 (Hydrolase);KW-0442 (Lipid degradation);KW-0443 (Lipid metabolism);KW-0479 (Metal-binding);KW-0964 (Secreted);KW-0732 (Signal);KW-0800 (Toxin),Elapidae,Naja,,Acidic phospholipase A2 C,PA2AC_NAJSP
Q95NY5,PBP/GOBP family|IC,PF01395 (PBP_GOBP)|49.7,CL0803 (PBP_GOBP),KW-0002 (3D-structure);KW-0903 (Direct protein sequencing);KW-1015 (Disulfide bond);KW-1199 (Hemostasis impairing toxin);KW-1201 (Platelet aggregation inhibiting toxin);KW-1185 (Reference proteome);KW-0964 (Secreted);KW-0732 (Signal);KW-0800 (Toxin);KW-0838 (Vasoactive);KW-0840 (Vasodilator),Culicidae,Anopheles,D7L1,Long form salivary protein D7L1,D7L1_ANOST
Q9DF56,phospholipase A2 family|IC,PF00068 (Phospholip_A2_1)|118.4,CL0629 (PLA2),KW-0106 (Calcium);KW-1015 (Disulfide bond);KW-0378 (Hydrolase);KW-0442 (Lipid degradation);KW-0443 (Lipid metabolism);KW-0479 (Metal-binding);KW-0964 (Secreted);KW-0732 (Signal);KW-0800 (Toxin),Elapidae,Ophiophagus,,Acidic phospholipase A2,PA2A_OPHHA
Q9GTP7,apyrase family|IC,PF06079 (Apyrase)|322.9,CL0143 (B_Fructosidase),KW-0067 (ATP-binding);KW-0106 (Calcium);KW-0325 (Glycoprotein);KW-1199 (Hemostasis impairing toxin);KW-0378 (Hydrolase);KW-0391 (Immunity);KW-0479 (Metal-binding);KW-0547 (Nucleotide-binding);KW-1201 (Platelet aggregation inhibiting toxin);KW-1185 (Reference proteome);KW-0964 (Secreted);KW-0732 (Signal);KW-0800 (Toxin),Psychodidae,Phlebotomus,APY,Apyrase,APY_PHLPP
Q9I841,snaclec family|IC,PF00059 (Lectin_C)|60.1,CL0056 (C_Lectin),KW-0002 (3D-structure);KW-0903 (Direct protein sequencing);KW-1015 (Disulfide bond);KW-1199 (Hemostasis impairing toxin);KW-0479 (Metal-binding);KW-1202 (Platelet aggregation activating toxin);KW-0964 (Secreted);KW-0800 (Toxin),Viperidae,Calloselasma,,Snaclec rhodocytin subunit alpha,SLYA_CALRH
Q9I8X2,peptidase S1 family|SAM,PF00089 (Trypsin)|189.7,CL0124 (Peptidase_PA),KW-1204 (Blood coagulation cascade activating toxin);KW-0903 (Direct protein sequencing);KW-1015 (Disulfide bond);KW-0325 (Glycoprotein);KW-1199 (Hemostasis impairing toxin);KW-0378 (Hydrolase);KW-0645 (Protease);KW-0964 (Secreted);KW-0720 (Serine protease);KW-0732 (Signal);KW-0800 (Toxin);KW-0865 (Zymogen),Viperidae,Deinagkistrodon,,Thrombin-like enzyme acutobin,VSP1_DEIAC
Q9IAX6,venom metalloproteinase (M12B) family|IC,PF00200 (Disintegrin)|48.2;PF01421 (Reprolysin)|176.1;PF01562 (Pep_M12B_propep)|62.1,CL0126 (Peptidase_MA),KW-0106 (Calcium);KW-1217 (Cell adhesion impairing toxin);KW-1015 (Disulfide bond);KW-1199 (Hemostasis impairing toxin);KW-0378 (Hydrolase);KW-0479 (Metal-binding);KW-0482 (Metalloprotease);KW-1201 (Platelet aggregation inhibiting toxin);KW-0645 (Protease);KW-0964 (Secreted);KW-0732 (Signal);KW-0800 (Toxin);KW-0862 (Zinc);KW-0865 (Zymogen),Viperidae,Deinagkistrodon,,Zinc metalloproteinase/disintegrin,VM2M2_DEIAC
Q9NBW2,long (4 C-C) scorpion toxin superfamily|IC,PF00537 (Toxin_3)|31.2,CL0054 (Knottin_1),KW-0903 (Direct protein sequencing);KW-1015 (Disulfide bond);KW-0872 (Ion channel impairing toxin);KW-0528 (Neurotoxin);KW-0964 (Secreted);KW-0732 (Signal);KW-0800 (Toxin);KW-0738 (Voltage-gated sodium channel impairing toxin),Buthidae,Olivierus,,Toxin BmKBT,SCBT_OLIMR
Q9PRW2,peptidase S1 family|SAM,,,KW-0903 (Direct protein sequencing);KW-1015 (Disulfide bond);KW-1206 (Fibrinogenolytic toxin);KW-1199 (Hemostasis impairing toxin);KW-0378 (Hydrolase);KW-0645 (Protease);KW-0964 (Secreted);KW-0720 (Serine protease);KW-0800 (Toxin),Viperidae,Crotalus,,Alpha-fibrinogenase A3,VSP3_CROAT
Q9PRW4,peptidase S1 family|SAM,,,KW-0903 (Direct protein sequencing);KW-1015 (Disulfide bond);KW-1206 (Fibrinogenolytic toxin);KW-1199 (Hemostasis impairing toxin);KW-0378 (Hydrolase);KW-0645 (Protease);KW-0964 (Secreted);KW-0720 (Serine protease);KW-0800 (Toxin),Viperidae,Crotalus,,Alpha-fibrinogenase A1,VSPA1_CROAT
Q9PTA5,phospholipase A2 family|IC,PF00068 (Phospholip_A2_1)|108.3,CL0629 (PLA2),KW-0106 (Calcium);KW-1015 (Disulfide bond);KW-0378 (Hydrolase);KW-0442 (Lipid degradation);KW-0443 (Lipid metabolism);KW-0479 (Metal-binding);KW-0528 (Neurotoxin);KW-0638 (Presynaptic neurotoxin);KW-0964 (Secreted);KW-0732 (Signal);KW-0800 (Toxin),Elapidae,Bungarus,,Basic phospholipase A2 beta-bungarotoxin A-AL4 chain,PA2BD_BUNMU
Q9PW36,venom metalloproteinase (M12B) family|IC,PF01421 (Reprolysin)|197.0;PF01562 (Pep_M12B_propep)|63.4,CL0126 (Peptidase_MA),KW-1015 (Disulfide bond);KW-1200 (Hemorrhagic toxin);KW-1199 (Hemostasis impairing toxin);KW-0378 (Hydrolase);KW-0479 (Metal-binding);KW-0482 (Metalloprotease);KW-0645 (Protease);KW-0964 (Secreted);KW-0732 (Signal);KW-0800 (Toxin);KW-0862 (Zinc);KW-0865 (Zymogen),Viperidae,Deinagkistrodon,,Snake venom metalloproteinase acutolysin-C,VM1AC_DEIAC
Q9PWJ0,venom metalloproteinase (M12B) family|IC,PF00200 (Disintegrin)|48.7;PF01421 (Reprolysin)|185.2;PF01562 (Pep_M12B_propep)|59.6,CL0126 (Peptidase_MA),KW-0106 (Calcium);KW-1217 (Cell adhesion impairing toxin);KW-0903 (Direct protein sequencing);KW-1015 (Disulfide bond);KW-1199 (Hemostasis impairing toxin);KW-0378 (Hydrolase);KW-0479 (Metal-binding);KW-0482 (Metalloprotease);KW-1201 (Platelet aggregation inhibiting toxin);KW-0645 (Protease);KW-0964 (Secreted);KW-0732 (Signal);KW-0800 (Toxin);KW-0862 (Zinc);KW-0865 (Zymogen),Viperidae,Deinagkistrodon,wbfib4,Zinc metalloproteinase/disintegrin,VM2A2_DEIAC
Q9PYC7,rotavirus NSP4 family|SAM,PF01452 (Rota_NSP4)|330.2,,KW-1072 (Activation of host autophagy by virus);KW-0106 (Calcium);KW-0260 (Enterotoxin);KW-0325 (Glycoprotein);KW-1038 (Host endoplasmic reticulum);KW-1043 (Host membrane);KW-0945 (Host-virus interaction);KW-0407 (Ion channel);KW-0406 (Ion transport);KW-0472 (Membrane);KW-0479 (Metal-binding);KW-0964 (Secreted);KW-0735 (Signal-anchor);KW-0800 (Toxin);KW-0812 (Transmembrane);KW-1133 (Transmembrane helix);KW-0813 (Transport);KW-1182 (Viral ion channel);KW-0843 (Virulence),Sedoreoviridae,Rotavirus,,Non-structural glycoprotein 4,NSP4_ROTCU
Q9PYD0,rotavirus NSP4 family|SAM,PF01452 (Rota_NSP4)|339.7,,KW-1072 (Activation of host autophagy by virus);KW-0106 (Calcium);KW-0260 (Enterotoxin);KW-0325 (Glycoprotein);KW-1038 (Host endoplasmic reticulum);KW-1043 (Host membrane);KW-0945 (Host-virus interaction);KW-0407 (Ion channel);KW-0406 (Ion transport);KW-0472 (Membrane);KW-0479 (Metal-binding);KW-0964 (Secreted);KW-0735 (Signal-anchor);KW-0800 (Toxin);KW-0812 (Transmembrane);KW-1133 (Transmembrane helix);KW-0813 (Transport);KW-1182 (Viral ion channel);KW-0843 (Virulence),Sedoreoviridae,Rotavirus,,Non-structural glycoprotein 4,NSP4_ROTE1
Q9U6Z6,conotoxin T superfamily|IC,PF16981 (Chi-conotoxin)|124.0,CL0083 (Omega_toxin),KW-0027 (Amidation);KW-0165 (Cleavage on pair of basic residues);KW-0903 (Direct protein sequencing);KW-1015 (Disulfide bond);KW-0528 (Neurotoxin);KW-0964 (Secreted);KW-0732 (Signal);KW-0800 (Toxin),Conidae,Conus,,Conotoxin p5a,CT5A_CONPU
Q9U8D2,short scorpion toxin superfamily|IC,PF05453 (Toxin_6)|44.5,CL0054 (Knottin_1),KW-0002 (3D-structure);KW-0903 (Direct protein sequencing);KW-1015 (Disulfide bond);KW-0872 (Ion channel impairing toxin);KW-0528 (Neurotoxin);KW-0632 (Potassium channel impairing toxin);KW-0964 (Secreted);KW-0732 (Signal);KW-0800 (Toxin);KW-1220 (Voltage-gated potassium channel impairing toxin),Buthidae,Olivierus,,Potassium channel toxin alpha-KTx 8.2,KAX82_OLIMR
Q9W7S2,venom metalloproteinase (M12B) family|IC,PF01421 (Reprolysin)|197.2;PF01562 (Pep_M12B_propep)|63.3,CL0126 (Peptidase_MA),KW-1015 (Disulfide bond);KW-1200 (Hemorrhagic toxin);KW-1199 (Hemostasis impairing toxin);KW-0378 (Hydrolase);KW-0479 (Metal-binding);KW-0482 (Metalloprotease);KW-0645 (Protease);KW-0964 (Secreted);KW-0732 (Signal);KW-0800 (Toxin);KW-0862 (Zinc);KW-0865 (Zymogen),Viperidae,Deinagkistrodon,wbfib,Snake venom metalloproteinase aculysin-1,VM11_DEIAC
Q9WAI7,rotavirus NSP4 family|SAM,PF01452 (Rota_NSP4)|296.0,,KW-1072 (Activation of host autophagy by virus);KW-0106 (Calcium);KW-0260 (Enterotoxin);KW-0325 (Glycoprotein);KW-1038 (Host endoplasmic reticulum);KW-1043 (Host membrane);KW-0945 (Host-virus interaction);KW-0407 (Ion channel);KW-0406 (Ion transport);KW-0472 (Membrane);KW-0479 (Metal-binding);KW-0964 (Secreted);KW-0735 (Signal-anchor);KW-0800 (Toxin);KW-0812 (Transmembrane);KW-1133 (Transmembrane helix);KW-0813 (Transport);KW-1182 (Viral ion channel);KW-0843 (Virulence),Sedoreoviridae,Rotavirus,,Non-structural glycoprotein 4,NSP4_ROTHO
Q9XY87,long (4 C-C) scorpion toxin superfamily|IC,PF00537 (Toxin_3)|68.1,CL0054 (Knottin_1),KW-0027 (Amidation);KW-0903 (Direct protein sequencing);KW-1015 (Disulfide bond);KW-0872 (Ion channel impairing toxin);KW-0528 (Neurotoxin);KW-0964 (Secreted);KW-0732 (Signal);KW-0800 (Toxin);KW-0738 (Voltage-gated sodium channel impairing toxin),Buthidae,Olivierus,,Beta-insect depressant toxin BmKITa,SIXA_OLIMR
Q9XZK5,conotoxin O1 superfamily|IC,PF02950 (Conotoxin)|70.8,CL0083 (Omega_toxin),KW-0165 (Cleavage on pair of basic residues);KW-0903 (Direct protein sequencing);KW-1015 (Disulfide bond);KW-0379 (Hydroxylation);KW-0872 (Ion channel impairing toxin);KW-0960 (Knottin);KW-0528 (Neurotoxin);KW-0638 (Presynaptic neurotoxin);KW-0964 (Secreted);KW-0732 (Signal);KW-0800 (Toxin);KW-0738 (Voltage-gated sodium channel impairing toxin),Conidae,Conus,SO6,Delta-conotoxin SVIE,O16E_CONST
Q9YGJ8,peptidase S1 family|SAM,PF00089 (Trypsin)|201.4,CL0124 (Peptidase_PA),KW-1015 (Disulfide bond);KW-1205 (Fibrinolytic toxin);KW-0325 (Glycoprotein);KW-1199 (Hemostasis impairing toxin);KW-0378 (Hydrolase);KW-0617 (Plasminogen activation);KW-0645 (Protease);KW-0964 (Secreted);KW-0720 (Serine protease);KW-0732 (Signal);KW-0800 (Toxin);KW-0865 (Zymogen),Viperidae,Gloydius,,Venom plasminogen activator Haly-PA,VSPPA_GLOBR
A0A0G3F8Z3,,,,KW-0002 (3D-structure);KW-0108 (Calcium channel impairing toxin);KW-0903 (Direct protein sequencing);KW-1015 (Disulfide bond);KW-0872 (Ion channel impairing toxin);KW-0960 (Knottin);KW-0528 (Neurotoxin);KW-0638 (Presynaptic neurotoxin);KW-0964 (Secreted);KW-0732 (Signal);KW-0800 (Toxin);KW-1218 (Voltage-gated calcium channel impairing toxin),Philodromidae,Tibellus,,Omega-phylotoxin-To1a,TBO1_TIBOB
A0A0H3B1Q8,Cif family|IC,PF16374 (CIF)|87.9,CL0125 (Peptidase_CA),KW-0002 (3D-structure);KW-1048 (Host nucleus);KW-0378 (Hydrolase);KW-0964 (Secreted);KW-0800 (Toxin);KW-0843 (Virulence),Yersiniaceae,Yersinia,cif,Protein-glutamine deamidase Cif,CIF_YERPY
A0A0K8RCY5,serpin family|IC,PF00079 (Serpin)|375.3,,KW-0002 (3D-structure);KW-1203 (Blood coagulation cascade inhibiting toxin);KW-0325 (Glycoprotein);KW-1199 (Hemostasis impairing toxin);KW-0391 (Immunity);KW-0646 (Protease inhibitor);KW-0964 (Secreted);KW-0722 (Serine protease inhibitor);KW-0732 (Signal);KW-0800 (Toxin),Ixodidae,Ixodes,,Iripin-3,IRS3_IXORI
A0A0P0UTI6,sea anemone BBH family|IC,,,KW-0165 (Cleavage on pair of basic residues);KW-0903 (Direct protein sequencing);KW-1015 (Disulfide bond);KW-0379 (Hydroxylation);KW-0166 (Nematocyst);KW-0528 (Neurotoxin);KW-0677 (Repeat);KW-0964 (Secreted);KW-0732 (Signal);KW-0800 (Toxin),Stichodactylidae,Heteractis,HAUTX2,U-stichotoxin-Hau2a,BBH2A_HETAU
A0A1L1QJU3,psalmotoxin-1 family|IC,,,KW-0002 (3D-structure);KW-1015 (Disulfide bond);KW-0872 (Ion channel impairing toxin);KW-0582 (Pharmaceutical);KW-1275 (Proton-gated sodium channel impairing toxin);KW-0677 (Repeat);KW-0964 (Secreted);KW-0800 (Toxin),Hexathelidae,Hadronyche,,Pi-hexatoxin-Hi1a,TP1A_HADIN
A0A1P8NVT3,O2 superfamily|IC,PF02950 (Conotoxin)|41.8,CL0083 (Omega_toxin),KW-0027 (Amidation);KW-0208 (D-amino acid);KW-1015 (Disulfide bond);KW-0379 (Hydroxylation);KW-0872 (Ion channel impairing toxin);KW-0528 (Neurotoxin);KW-0964 (Secreted);KW-0732 (Signal);KW-0800 (Toxin),Conidae,Conus,,Contryphan-Fr1,COW_CONFG
A0A1X9Q9H1,WTF family|IC,PF03303 (WTF)|310.4,,KW-0024 (Alternative initiation);KW-0963 (Cytoplasm);KW-0256 (Endoplasmic reticulum);KW-0472 (Membrane);KW-0800 (Toxin);KW-0812 (Transmembrane);KW-1133 (Transmembrane helix);KW-0926 (Vacuole),Schizosaccharomycetaceae,Schizosaccharomyces,cw27,Meiotic driver cw27,WTF27_SCHPM
A0A218N035,WTF family|IC,PF03303 (WTF)|319.3,,KW-0024 (Alternative initiation);KW-0963 (Cytoplasm);KW-0256 (Endoplasmic reticulum);KW-0472 (Membrane);KW-0800 (Toxin);KW-0812 (Transmembrane);KW-1133 (Transmembrane helix);KW-0926 (Vacuole),Schizosaccharomycetaceae,Schizosaccharomyces,wtf28,Meiotic driver wtf28,WTF28_SCHKA
A0A2L2P6T9,conotoxin O1 family|IC,PF02950 (Conotoxin)|70.2,CL0083 (Omega_toxin),KW-0102 (Bromination);KW-0108 (Calcium channel impairing toxin);KW-0903 (Direct protein sequencing);KW-1015 (Disulfide bond);KW-0872 (Ion channel impairing toxin);KW-0960 (Knottin);KW-0964 (Secreted);KW-0732 (Signal);KW-0800 (Toxin),Conidae,Conus,,Omega-conotoxin-like Am6.2,O162_CONAA
A0A2R4SV19,serine protease inhibitor-like (TIL domain-containing) family|IC,PF01826 (TIL)|52.7,CL0819 (TIL),KW-0044 (Antibiotic);KW-0929 (Antimicrobial);KW-1015 (Disulfide bond);KW-0295 (Fungicide);KW-1199 (Hemostasis impairing toxin);KW-0646 (Protease inhibitor);KW-0964 (Secreted);KW-0722 (Serine protease inhibitor);KW-0732 (Signal);KW-0800 (Toxin),Apidae,Apis,,Venom serine protease inhibitor,TIL6_APICE
A0A3T2V133,NleE/OspZ family|IC,PF20798 (NleE)|409.9,,KW-1035 (Host cytoplasm);KW-1048 (Host nucleus);KW-0489 (Methyltransferase);KW-0949 (S-adenosyl-L-methionine);KW-0964 (Secreted);KW-0800 (Toxin);KW-0808 (Transferase);KW-0843 (Virulence),Enterobacteriaceae,Shigella,ospZ,Cysteine S-methyltransferase OspZ,OSPZ_SHIFL
A0A482AQK7,WTF family|IC,PF03303 (WTF)|321.2,,KW-0024 (Alternative initiation);KW-0963 (Cytoplasm);KW-0256 (Endoplasmic reticulum);KW-0472 (Membrane);KW-0800 (Toxin);KW-0812 (Transmembrane);KW-1133 (Transmembrane helix);KW-0926 (Vacuole),Schizosaccharomycetaceae,Schizosaccharomyces,wtf36,Meiotic driver wtf36,WTF36_SCHPM
A0A482ARP7,WTF family|IC,PF03303 (WTF)|234.3,,KW-0024 (Alternative initiation);KW-0963 (Cytoplasm);KW-0256 (Endoplasmic reticulum);KW-0472 (Membrane);KW-0800 (Toxin);KW-0812 (Transmembrane);KW-1133 (Transmembrane helix);KW-0926 (Vacuole),Schizosaccharomycetaceae,Schizosaccharomyces,wtf35,Meiotic driver wtf35,WTF35_SCHPM
A0A515MEM9,actinoporin family|IC,PF06369 (Anemone_cytotox)|331.5,CL0872 (PfC-like),KW-0002 (3D-structure);KW-0204 (Cytolysis);KW-0903 (Direct protein sequencing);KW-0406 (Ion transport);KW-0446 (Lipid-binding);KW-0472 (Membrane);KW-0166 (Nematocyst);KW-0964 (Secreted);KW-1052 (Target cell membrane);KW-1053 (Target membrane);KW-0800 (Toxin);KW-0812 (Transmembrane);KW-0813 (Transport),Actiniidae,Actinia,,DELTA-actitoxin-Afr1e,ACTPE_ACTFR
A0A515MEN7,actinoporin family|IC,PF06369 (Anemone_cytotox)|322.6,CL0872 (PfC-like),KW-0204 (Cytolysis);KW-0903 (Direct protein sequencing);KW-0406 (Ion transport);KW-0446 (Lipid-binding);KW-0472 (Membrane);KW-0166 (Nematocyst);KW-0964 (Secreted);KW-1052 (Target cell membrane);KW-1053 (Target membrane);KW-0800 (Toxin);KW-0812 (Transmembrane);KW-0813 (Transport),Actiniidae,Actinia,,DELTA-actitoxin-Afr1c,ACTPB_ACTFR
A0A656IJ15,glycosyltransferase NleB family|IC,PF24688 (SseK_NleB)|599.2,CL0110 (GT-A),KW-0325 (Glycoprotein);KW-0328 (Glycosyltransferase);KW-1035 (Host cytoplasm);KW-0464 (Manganese);KW-0479 (Metal-binding);KW-0964 (Secreted);KW-0800 (Toxin);KW-0808 (Transferase);KW-0843 (Virulence),Enterobacteriaceae,Salmonella,sseK1,Protein-arginine N-acetylglucosaminyltransferase SseK1,SSEK1_SALE2
A0A6G9KIT6,,,,KW-0027 (Amidation);KW-0929 (Antimicrobial);KW-0964 (Secreted);KW-0732 (Signal);KW-0800 (Toxin),Formicidae,Manica,,U13-myrmicitoxin-Mri1a,TX13A_MANRB
A1IVR8,three-finger toxin family|IC,PF21947 (Toxin_cobra-type)|75.4,CL0117 (uPAR_Ly6_toxin),KW-0008 (Acetylcholine receptor inhibiting toxin);KW-0903 (Direct protein sequencing);KW-1015 (Disulfide bond);KW-0872 (Ion channel impairing toxin);KW-0528 (Neurotoxin);KW-0629 (Postsynaptic neurotoxin);KW-0964 (Secreted);KW-0732 (Signal);KW-0800 (Toxin),Elapidae,Bungarus,,Alpha-elapitoxin-Bc2a,3L21_BUNCA
A2T3Q0,rotavirus NSP4 family|SAM,PF01452 (Rota_NSP4)|357.3,,KW-1072 (Activation of host autophagy by virus);KW-0106 (Calcium);KW-0260 (Enterotoxin);KW-0325 (Glycoprotein);KW-1038 (Host endoplasmic reticulum);KW-1043 (Host membrane);KW-0945 (Host-virus interaction);KW-0407 (Ion channel);KW-0406 (Ion transport);KW-0472 (Membrane);KW-0479 (Metal-binding);KW-1185 (Reference proteome);KW-0964 (Secreted);KW-0735 (Signal-anchor);KW-0800 (Toxin);KW-0812 (Transmembrane);KW-1133 (Transmembrane helix);KW-0813 (Transport);KW-1182 (Viral ion channel);KW-0843 (Virulence),Sedoreoviridae,Rotavirus,,Non-structural glycoprotein 4,NSP4_ROTSH
A6MFK8,peptidase S1 family|SAM,PF00008 (EGF)|38.2;PF00089 (Trypsin)|196.4;PF00594 (Gla)|73.0;PF14670 (FXa_inhibition)|37.5,CL0001 (EGF);CL0124 (Peptidase_PA),KW-1204 (Blood coagulation cascade activating toxin);KW-0106 (Calcium);KW-0165 (Cleavage on pair of basic residues);KW-0903 (Direct protein sequencing);KW-1015 (Disulfide bond);KW-0245 (EGF-like domain);KW-0301 (Gamma-carboxyglutamic acid);KW-0325 (Glycoprotein);KW-1199 (Hemostasis impairing toxin);KW-0378 (Hydrolase);KW-0645 (Protease);KW-0655 (Prothrombin activator);KW-0677 (Repeat);KW-0964 (Secreted);KW-0720 (Serine protease);KW-0732 (Signal);KW-0800 (Toxin),Elapidae,Demansia,,Venom prothrombin activator vestarin-D2,FAXD2_DEMVE
A7BJ45,calycin superfamily|IC,PF03973 (Triabin)|82.1,CL0116 (Calycin),KW-1203 (Blood coagulation cascade inhibiting toxin);KW-0325 (Glycoprotein);KW-1199 (Hemostasis impairing toxin);KW-0964 (Secreted);KW-0732 (Signal);KW-0800 (Toxin),Reduviidae,Triatoma,,Triafestin-1,TRIA1_TRIIF
A7SCE5,sea anemone sodium channel inhibitory toxin family|IC,PF00706 (Toxin_4)|77.9,CL0075 (Defensin),KW-0025 (Alternative splicing);KW-0165 (Cleavage on pair of basic residues);KW-1015 (Disulfide bond);KW-0872 (Ion channel impairing toxin);KW-0528 (Neurotoxin);KW-1185 (Reference proteome);KW-0964 (Secreted);KW-0732 (Signal);KW-0800 (Toxin);KW-0738 (Voltage-gated sodium channel impairing toxin),Edwardsiidae,Nematostella,,N.vectensis toxin 1 7,NA241_NEMVE
A8CG90,phospholipase A2 family|IC,PF00068 (Phospholip_A2_1)|122.2,CL0629 (PLA2),KW-0903 (Direct protein sequencing);KW-1015 (Disulfide bond);KW-0378 (Hydrolase);KW-0442 (Lipid degradation);KW-0443 (Lipid metabolism);KW-0479 (Metal-binding);KW-0964 (Secreted);KW-0732 (Signal);KW-0800 (Toxin),Viperidae,Daboia,,Basic phospholipase A2 Drk-b2,PA2B2_DABRR
B0ZT25,peptidase S1 family|IC,PF00089 (Trypsin)|185.0,CL0124 (Peptidase_PA),KW-0903 (Direct protein sequencing);KW-1015 (Disulfide bond);KW-0325 (Glycoprotein);KW-1199 (Hemostasis impairing toxin);KW-0964 (Secreted);KW-0721 (Serine protease homolog);KW-0732 (Signal);KW-0800 (Toxin),Viperidae,Protobothrops,,Snake venom serine protease homolog,VSPH_PROJR
B1P1E6,neurotoxin 10 (Hwtx-1) family|IC,,,KW-0027 (Amidation);KW-0903 (Direct protein sequencing);KW-1015 (Disulfide bond);KW-0872 (Ion channel impairing toxin);KW-0960 (Knottin);KW-0964 (Secreted);KW-0732 (Signal);KW-0800 (Toxin),Theraphosidae,Chilobrachys,,U14-theraphotoxin-Cg1a 1,JZ21A_CHIGU
B1P1F7,neurotoxin 10 (Hwtx-1) family|IC,PF02950 (Conotoxin)|26.5,CL0083 (Omega_toxin),KW-0002 (3D-structure);KW-0903 (Direct protein sequencing);KW-1015 (Disulfide bond);KW-0872 (Ion channel impairing toxin);KW-0960 (Knottin);KW-0528 (Neurotoxin);KW-0582 (Pharmaceutical);KW-0632 (Potassium channel impairing toxin);KW-0964 (Secreted);KW-0732 (Signal);KW-0800 (Toxin);KW-1220 (Voltage-gated potassium channel impairing toxin);KW-0738 (Voltage-gated sodium channel impairing toxin),Theraphosidae,Chilobrachys,,Mu-theraphotoxin-Cg1a,JZT34_CHIGU
B2DCR8,,PF00090 (TSP_1)|32.5;PF27742 (CTXL_M)|86.9;PF27743 (CTXL_C)|81.6,CL0692 (TSP1),KW-0175 (Coiled coil);KW-0903 (Direct protein sequencing);KW-1015 (Disulfide bond);KW-0245 (EGF-like domain);KW-0325 (Glycoprotein);KW-0964 (Secreted);KW-0732 (Signal);KW-0768 (Sushi);KW-0800 (Toxin),Sepiidae,Acanthosepion,,SE-cephalotoxin,CTX_ACAES
B2KKV6,arthropod phospholipase D family|IC,PF13653 (GDPD_2)|44.7,CL0036 (TIM_barrel),KW-0204 (Cytolysis);KW-1061 (Dermonecrotic toxin);KW-1015 (Disulfide bond);KW-0325 (Glycoprotein);KW-0354 (Hemolysis);KW-0442 (Lipid degradation);KW-0443 (Lipid metabolism);KW-0456 (Lyase);KW-0460 (Magnesium);KW-0479 (Metal-binding);KW-0964 (Secreted);KW-0732 (Signal);KW-0800 (Toxin);KW-0865 (Zymogen),Sicariidae,Loxosceles,,Dermonecrotic toxin LiSicTox-alphaIA2bi,A1IB1_LOXIN
B3EWF2,neurotoxin 19 (CSTX) family|SAM,PF10530 (Toxin_35)|75.8,CL0083 (Omega_toxin),KW-0903 (Direct protein sequencing);KW-1015 (Disulfide bond);KW-0960 (Knottin);KW-0528 (Neurotoxin);KW-0964 (Secreted);KW-0732 (Signal);KW-0800 (Toxin),Zodariidae,Lachesana,,Latartoxin-1a,LTX1A_LACTA
B5G6G5,peptidase S1 family|SAM,PF00008 (EGF)|30.1;PF00089 (Trypsin)|194.0;PF00594 (Gla)|70.1;PF14670 (FXa_inhibition)|37.3,CL0001 (EGF);CL0124 (Peptidase_PA),KW-1204 (Blood coagulation cascade activating toxin);KW-0106 (Calcium);KW-0165 (Cleavage on pair of basic residues);KW-1015 (Disulfide bond);KW-0245 (EGF-like domain);KW-0301 (Gamma-carboxyglutamic acid);KW-0325 (Glycoprotein);KW-1199 (Hemostasis impairing toxin);KW-0378 (Hydrolase);KW-0645 (Protease);KW-0655 (Prothrombin activator);KW-0677 (Repeat);KW-0964 (Secreted);KW-0720 (Serine protease);KW-0732 (Signal);KW-0800 (Toxin),Elapidae,Cryptophis,,Venom prothrombin activator nigrarin-D,FAXD_CRYNI
B8QG00,scorpion calcin family|SAM,PF08099 (Toxin_27)|55.5,CL0083 (Omega_toxin),KW-0108 (Calcium channel impairing toxin);KW-0903 (Direct protein sequencing);KW-1015 (Disulfide bond);KW-0872 (Ion channel impairing toxin);KW-0960 (Knottin);KW-0528 (Neurotoxin);KW-1219 (Ryanodine-sensitive calcium-release channel impairing toxin);KW-0964 (Secreted);KW-0732 (Signal);KW-0800 (Toxin),Caraboctonidae,Hadrurus,,Hadrucalcin,CAHAD_HOFGE
B8XH01,long (3 C-C) scorpion toxin superfamily|IC,PF00537 (Toxin_3)|33.3,CL0054 (Knottin_1),KW-0027 (Amidation);KW-1015 (Disulfide bond);KW-1213 (G-protein coupled receptor impairing toxin);KW-0872 (Ion channel impairing toxin);KW-0528 (Neurotoxin);KW-0632 (Potassium channel impairing toxin);KW-0691 (RNA editing);KW-0964 (Secreted);KW-0732 (Signal);KW-0800 (Toxin);KW-1220 (Voltage-gated potassium channel impairing toxin);KW-0738 (Voltage-gated sodium channel impairing toxin),Buthidae,Buthus,,Lipolysis-activating peptide 1-alpha chain,LV1A_BUTIS
C0HJC2,sea anemone type 1 potassium channel toxin family|IC,PF01549 (ShK)|29.4,CL0213 (ShK-like),KW-0903 (Direct protein sequencing);KW-1015 (Disulfide bond);KW-0872 (Ion channel impairing toxin);KW-0166 (Nematocyst);KW-0528 (Neurotoxin);KW-0632 (Potassium channel impairing toxin);KW-0964 (Secreted);KW-0800 (Toxin);KW-1220 (Voltage-gated potassium channel impairing toxin),Actiniidae,Bunodosoma,,Kappa-actitoxin-Bcs3a,K1B1_BUNCI
C0HJF3,venom Kunitz-type family|IC,PF00014 (Kunitz_BPTI)|79.1,CL0894 (BPTI),KW-0903 (Direct protein sequencing);KW-1015 (Disulfide bond);KW-0872 (Ion channel impairing toxin);KW-0166 (Nematocyst);KW-0528 (Neurotoxin);KW-0646 (Protease inhibitor);KW-0964 (Secreted);KW-0722 (Serine protease inhibitor);KW-0800 (Toxin),Stichodactylidae,Radianthus,,TauPI-stichotoxin-Hcr2d,VKT2D_RADCR
C0HJF4,venom Kunitz-type family|IC,PF00014 (Kunitz_BPTI)|79.8,CL0894 (BPTI),KW-0903 (Direct protein sequencing);KW-1015 (Disulfide bond);KW-0872 (Ion channel impairing toxin);KW-0166 (Nematocyst);KW-0528 (Neurotoxin);KW-0646 (Protease inhibitor);KW-0964 (Secreted);KW-0722 (Serine protease inhibitor);KW-0800 (Toxin),Stichodactylidae,Radianthus,,TauPI-stichotoxin-Hcr2c,VKT2C_RADCR
C0HJJ7,phrixotoxin family|IC,,,KW-0903 (Direct protein sequencing);KW-1015 (Disulfide bond);KW-0872 (Ion channel impairing toxin);KW-0960 (Knottin);KW-0528 (Neurotoxin);KW-0632 (Potassium channel impairing toxin);KW-0964 (Secreted);KW-0800 (Toxin);KW-1220 (Voltage-gated potassium channel impairing toxin);KW-0738 (Voltage-gated sodium channel impairing toxin),Theraphosidae,Grammostola,,Beta/kappa-theraphotoxin-Gi1a,TX1A_GRAIH
C0HJQ6,short scorpion toxin superfamily|TAS,PF00451 (Toxin_2)|46.5,CL0054 (Knottin_1),KW-0027 (Amidation);KW-0903 (Direct protein sequencing);KW-1015 (Disulfide bond);KW-0872 (Ion channel impairing toxin);KW-0632 (Potassium channel impairing toxin);KW-0964 (Secreted);KW-0800 (Toxin);KW-1220 (Voltage-gated potassium channel impairing toxin),Buthidae,Mesobuthus,,Potassium channel toxin alpha-KTx 3.19,KAX3J_MESEU
C0HKC1,phospholipase A2 family|IC,PF00068 (Phospholip_A2_1)|112.1,CL0629 (PLA2),KW-0903 (Direct protein sequencing);KW-1015 (Disulfide bond);KW-0959 (Myotoxin);KW-0964 (Secreted);KW-0800 (Toxin),Viperidae,Agkistrodon,,Basic phospholipase A2 homolog APC-K49,PA2HB_AGKCN
C0HLF2,long (4 C-C) scorpion toxin superfamily|IC,PF00537 (Toxin_3)|34.7,CL0054 (Knottin_1),KW-0903 (Direct protein sequencing);KW-1015 (Disulfide bond);KW-0872 (Ion channel impairing toxin);KW-0528 (Neurotoxin);KW-0964 (Secreted);KW-0800 (Toxin);KW-0738 (Voltage-gated sodium channel impairing toxin),Buthidae,Centruroides,,Beta-mammal toxin Co1,SCX1_CENOR
C0HLF3,long (4 C-C) scorpion toxin superfamily|IC,,,KW-0903 (Direct protein sequencing);KW-1015 (Disulfide bond);KW-0872 (Ion channel impairing toxin);KW-0528 (Neurotoxin);KW-0964 (Secreted);KW-0800 (Toxin);KW-0738 (Voltage-gated sodium channel impairing toxin),Buthidae,Centruroides,,Beta-mammal toxin Co2,SCX2_CENOR
C0HLG5,long (4 C-C) scorpion toxin superfamily|IC,PF00537 (Toxin_3)|77.7,CL0054 (Knottin_1),KW-0903 (Direct protein sequencing);KW-1015 (Disulfide bond);KW-0872 (Ion channel impairing toxin);KW-0528 (Neurotoxin);KW-0964 (Secreted);KW-0800 (Toxin);KW-0738 (Voltage-gated sodium channel impairing toxin),Buthidae,Androctonus,,Alpha-mammal toxin AnCra1,SCX9_ANDCR
C0HLR4,long (4 C-C) scorpion toxin superfamily|IC,,,KW-0903 (Direct protein sequencing);KW-1015 (Disulfide bond);KW-0872 (Ion channel impairing toxin);KW-0528 (Neurotoxin);KW-0964 (Secreted);KW-0800 (Toxin);KW-0738 (Voltage-gated sodium channel impairing toxin),Buthidae,Centruroides,,Beta-toxin Cb2,SCX2_CENBA
C0HLS4,sea anemone type 3 (BDS) potassium channel toxin family|IC,PF07936 (Defensin_4)|51.4,CL0075 (Defensin),KW-0008 (Acetylcholine receptor inhibiting toxin);KW-0165 (Cleavage on pair of basic residues);KW-0903 (Direct protein sequencing);KW-1015 (Disulfide bond);KW-0872 (Ion channel impairing toxin);KW-0166 (Nematocyst);KW-0528 (Neurotoxin);KW-0629 (Postsynaptic neurotoxin);KW-1275 (Proton-gated sodium channel impairing toxin);KW-0964 (Secreted);KW-0732 (Signal);KW-0800 (Toxin),Stichodactylidae,Heteractis,,Pi-stichotoxin-Hmg5a,BDSB5_HETMG
C0HM16,long (4 C-C) scorpion toxin superfamily|IC,PF00537 (Toxin_3)|33.7,CL0054 (Knottin_1),KW-0903 (Direct protein sequencing);KW-1015 (Disulfide bond);KW-0872 (Ion channel impairing toxin);KW-0528 (Neurotoxin);KW-0964 (Secreted);KW-0800 (Toxin);KW-0738 (Voltage-gated sodium channel impairing toxin),Buthidae,Centruroides,,Beta-toxin Chui3,SCX3_CENHU
C0HM42,sea anemone type 3 (BDS) potassium channel toxin family|IC,PF07936 (Defensin_4)|46.8,CL0075 (Defensin),KW-0027 (Amidation);KW-0903 (Direct protein sequencing);KW-1015 (Disulfide bond);KW-0528 (Neurotoxin);KW-0646 (Protease inhibitor);KW-0964 (Secreted);KW-0800 (Toxin),Actiniidae,Condylactis,,U-actitoxin-Cgg3,BDS3_CONGI
C0HM67,venom metalloproteinase (M12B) family|IC,PF01421 (Reprolysin)|229.7,CL0126 (Peptidase_MA),KW-0106 (Calcium);KW-0903 (Direct protein sequencing);KW-1015 (Disulfide bond);KW-1200 (Hemorrhagic toxin);KW-1199 (Hemostasis impairing toxin);KW-0378 (Hydrolase);KW-0479 (Metal-binding);KW-0482 (Metalloprotease);KW-0645 (Protease);KW-0964 (Secreted);KW-0800 (Toxin);KW-0862 (Zinc),Viperidae,Lachesis,,Snake venom metalloproteinase rhomb-I,VM1RI_LACMR
C0JAS1,arthropod phospholipase D family|IC,PF13653 (GDPD_2)|41.8,CL0036 (TIM_barrel),KW-0204 (Cytolysis);KW-1061 (Dermonecrotic toxin);KW-1015 (Disulfide bond);KW-0354 (Hemolysis);KW-0442 (Lipid degradation);KW-0443 (Lipid metabolism);KW-0456 (Lyase);KW-0460 (Magnesium);KW-0479 (Metal-binding);KW-0964 (Secreted);KW-0800 (Toxin),Sicariidae,Loxosceles,,Dermonecrotic toxin LhSicTox-alphaIA2biii,A1IB3_LOXHI
C0JAS7,arthropod phospholipase D family|IC,PF13653 (GDPD_2)|40.6,CL0036 (TIM_barrel),KW-0204 (Cytolysis);KW-1061 (Dermonecrotic toxin);KW-1015 (Disulfide bond);KW-0354 (Hemolysis);KW-0442 (Lipid degradation);KW-0443 (Lipid metabolism);KW-0456 (Lyase);KW-0460 (Magnesium);KW-0479 (Metal-binding);KW-0964 (Secreted);KW-0800 (Toxin),Sicariidae,Loxosceles,,Dermonecrotic toxin LspaSicTox-alphaIA2ii,A1I2_LOXSP
C0JAT3,arthropod phospholipase D family|IC,PF13653 (GDPD_2)|40.6,CL0036 (TIM_barrel),KW-0204 (Cytolysis);KW-1061 (Dermonecrotic toxin);KW-1015 (Disulfide bond);KW-0354 (Hemolysis);KW-0442 (Lipid degradation);KW-0443 (Lipid metabolism);KW-0456 (Lyase);KW-0460 (Magnesium);KW-0479 (Metal-binding);KW-0964 (Secreted);KW-0800 (Toxin),Sicariidae,Loxosceles,,Dermonecrotic toxin LspaSicTox-alphaIA2iv,A1I4_LOXSP
C0JAT4,arthropod phospholipase D family|IC,PF13653 (GDPD_2)|42.3,CL0036 (TIM_barrel),KW-0204 (Cytolysis);KW-1061 (Dermonecrotic toxin);KW-1015 (Disulfide bond);KW-0354 (Hemolysis);KW-0442 (Lipid degradation);KW-0443 (Lipid metabolism);KW-0456 (Lyase);KW-0460 (Magnesium);KW-0479 (Metal-binding);KW-0964 (Secreted);KW-0800 (Toxin),Sicariidae,Loxosceles,,Dermonecrotic toxin LhSicTox-alphaIA1i,A1H1_LOXHI
C0JAT8,arthropod phospholipase D family|IC,PF13653 (GDPD_2)|42.3,CL0036 (TIM_barrel),KW-0204 (Cytolysis);KW-1061 (Dermonecrotic toxin);KW-1015 (Disulfide bond);KW-0354 (Hemolysis);KW-0442 (Lipid degradation);KW-0443 (Lipid metabolism);KW-0456 (Lyase);KW-0460 (Magnesium);KW-0479 (Metal-binding);KW-0964 (Secreted);KW-0800 (Toxin),Sicariidae,Loxosceles,,Dermonecrotic toxin LhSicTox-alphaIA1iv,A1H4_LOXHI
C0JAV0,arthropod phospholipase D family|IC,PF13653 (GDPD_2)|44.4,CL0036 (TIM_barrel),KW-0204 (Cytolysis);KW-1061 (Dermonecrotic toxin);KW-1015 (Disulfide bond);KW-0325 (Glycoprotein);KW-0354 (Hemolysis);KW-0442 (Lipid degradation);KW-0443 (Lipid metabolism);KW-0456 (Lyase);KW-0460 (Magnesium);KW-0479 (Metal-binding);KW-0964 (Secreted);KW-0800 (Toxin),Sicariidae,Loxosceles,,Dermonecrotic toxin LarSicTox-alphaIB1aii,A1KA2_LOXAR
C0JAV1,arthropod phospholipase D family|IC,PF13653 (GDPD_2)|43.7,CL0036 (TIM_barrel),KW-0204 (Cytolysis);KW-1061 (Dermonecrotic toxin);KW-1015 (Disulfide bond);KW-0325 (Glycoprotein);KW-0354 (Hemolysis);KW-0442 (Lipid degradation);KW-0443 (Lipid metabolism);KW-0456 (Lyase);KW-0460 (Magnesium);KW-0479 (Metal-binding);KW-0964 (Secreted);KW-0800 (Toxin),Sicariidae,Loxosceles,,Dermonecrotic toxin LarSicTox-alphaIB1aiii,A1KA3_LOXAR
C0JAV2,arthropod phospholipase D family|IC,,,KW-0204 (Cytolysis);KW-1061 (Dermonecrotic toxin);KW-1015 (Disulfide bond);KW-0325 (Glycoprotein);KW-0354 (Hemolysis);KW-0442 (Lipid degradation);KW-0443 (Lipid metabolism);KW-0456 (Lyase);KW-0460 (Magnesium);KW-0479 (Metal-binding);KW-0964 (Secreted);KW-0800 (Toxin),Sicariidae,Loxosceles,,Dermonecrotic toxin LarSicTox-alphaIB1aiv,A1KA4_LOXAR
C0JAV3,arthropod phospholipase D family|IC,PF13653 (GDPD_2)|44.4,CL0036 (TIM_barrel),KW-0204 (Cytolysis);KW-1061 (Dermonecrotic toxin);KW-1015 (Disulfide bond);KW-0325 (Glycoprotein);KW-0354 (Hemolysis);KW-0442 (Lipid degradation);KW-0443 (Lipid metabolism);KW-0456 (Lyase);KW-0460 (Magnesium);KW-0479 (Metal-binding);KW-0964 (Secreted);KW-0800 (Toxin),Sicariidae,Loxosceles,,Dermonecrotic toxin LapSicTox-alphaIB1ai,A1KA1_LOXAP
C0JAV4,arthropod phospholipase D family|IC,PF13653 (GDPD_2)|41.0,CL0036 (TIM_barrel),KW-0204 (Cytolysis);KW-1061 (Dermonecrotic toxin);KW-1015 (Disulfide bond);KW-0325 (Glycoprotein);KW-0354 (Hemolysis);KW-0442 (Lipid degradation);KW-0443 (Lipid metabolism);KW-0456 (Lyase);KW-0460 (Magnesium);KW-0479 (Metal-binding);KW-0964 (Secreted);KW-0800 (Toxin),Sicariidae,Loxosceles,,Dermonecrotic toxin LapSicTox-alphaIB1aii,A1KA2_LOXAP
C0JAV5,arthropod phospholipase D family|IC,PF13653 (GDPD_2)|44.5,CL0036 (TIM_barrel),KW-0204 (Cytolysis);KW-1061 (Dermonecrotic toxin);KW-1015 (Disulfide bond);KW-0325 (Glycoprotein);KW-0354 (Hemolysis);KW-0442 (Lipid degradation);KW-0443 (Lipid metabolism);KW-0456 (Lyase);KW-0460 (Magnesium);KW-0479 (Metal-binding);KW-0964 (Secreted);KW-0800 (Toxin),Sicariidae,Loxosceles,,Dermonecrotic toxin LapSicTox-alphaIB1aiii,A1KA3_LOXAP
C0JAV6,arthropod phospholipase D family|IC,PF13653 (GDPD_2)|44.4,CL0036 (TIM_barrel),KW-0204 (Cytolysis);KW-1061 (Dermonecrotic toxin);KW-1015 (Disulfide bond);KW-0325 (Glycoprotein);KW-0354 (Hemolysis);KW-0442 (Lipid degradation);KW-0443 (Lipid metabolism);KW-0456 (Lyase);KW-0460 (Magnesium);KW-0479 (Metal-binding);KW-0964 (Secreted);KW-0800 (Toxin),Sicariidae,Loxosceles,,Dermonecrotic toxin LapSicTox-alphaIB1aiv,A1KA4_LOXAP
C0JAV8,arthropod phospholipase D family|IC,PF13653 (GDPD_2)|44.4,CL0036 (TIM_barrel),KW-0204 (Cytolysis);KW-1061 (Dermonecrotic toxin);KW-1015 (Disulfide bond);KW-0325 (Glycoprotein);KW-0354 (Hemolysis);KW-0442 (Lipid degradation);KW-0443 (Lipid metabolism);KW-0456 (Lyase);KW-0460 (Magnesium);KW-0479 (Metal-binding);KW-0964 (Secreted);KW-0800 (Toxin),Sicariidae,Loxosceles,,Dermonecrotic toxin LapSicTox-alphaIB1bi,A1KB1_LOXAP
C0JAW0,arthropod phospholipase D family|IC,PF13653 (GDPD_2)|44.5,CL0036 (TIM_barrel),KW-0204 (Cytolysis);KW-1061 (Dermonecrotic toxin);KW-1015 (Disulfide bond);KW-0325 (Glycoprotein);KW-0354 (Hemolysis);KW-0442 (Lipid degradation);KW-0443 (Lipid metabolism);KW-0456 (Lyase);KW-0460 (Magnesium);KW-0479 (Metal-binding);KW-0964 (Secreted);KW-0800 (Toxin),Sicariidae,Loxosceles,,Dermonecrotic toxin LarSicTox-alphaIB1b,A1KB_LOXAR
C0JAW8,arthropod phospholipase D family|IC,PF13653 (GDPD_2)|37.5,CL0036 (TIM_barrel),KW-0204 (Cytolysis);KW-1061 (Dermonecrotic toxin);KW-1015 (Disulfide bond);KW-0325 (Glycoprotein);KW-0354 (Hemolysis);KW-0442 (Lipid degradation);KW-0443 (Lipid metabolism);KW-0456 (Lyase);KW-0460 (Magnesium);KW-0479 (Metal-binding);KW-0964 (Secreted);KW-0800 (Toxin),Sicariidae,Loxosceles,,Dermonecrotic toxin LdSicTox-alphaIB1aiii,A1KA3_LOXDE
C0JAX1,arthropod phospholipase D family|IC,PF13653 (GDPD_2)|45.9,CL0036 (TIM_barrel),KW-0204 (Cytolysis);KW-1061 (Dermonecrotic toxin);KW-1015 (Disulfide bond);KW-0325 (Glycoprotein);KW-0354 (Hemolysis);KW-0442 (Lipid degradation);KW-0443 (Lipid metabolism);KW-0456 (Lyase);KW-0460 (Magnesium);KW-0479 (Metal-binding);KW-0964 (Secreted);KW-0800 (Toxin),Sicariidae,Loxosceles,,Dermonecrotic toxin LdSicTox-alphaIB1avi,A1KA6_LOXDE
C0JAY4,arthropod phospholipase D family|IC,PF13653 (GDPD_2)|45.0,CL0036 (TIM_barrel),KW-0204 (Cytolysis);KW-1061 (Dermonecrotic toxin);KW-1015 (Disulfide bond);KW-0354 (Hemolysis);KW-0442 (Lipid degradation);KW-0443 (Lipid metabolism);KW-0456 (Lyase);KW-0460 (Magnesium);KW-0479 (Metal-binding);KW-0964 (Secreted);KW-0800 (Toxin),Sicariidae,Loxosceles,,Dermonecrotic toxin LsaSicTox-alphaIB1aii,A1KA2_LOXSA
C0JAZ7,arthropod phospholipase D family|IC,,,KW-0204 (Cytolysis);KW-1061 (Dermonecrotic toxin);KW-1015 (Disulfide bond);KW-0354 (Hemolysis);KW-0442 (Lipid degradation);KW-0443 (Lipid metabolism);KW-0456 (Lyase);KW-0460 (Magnesium);KW-0479 (Metal-binding);KW-0964 (Secreted);KW-0800 (Toxin),Sicariidae,Loxosceles,,Dermonecrotic toxin LvSicTox-alphaIC1biv,A1OB4_LOXVA
C0JB10,arthropod phospholipase D family|IC,,,KW-0204 (Cytolysis);KW-1061 (Dermonecrotic toxin);KW-1015 (Disulfide bond);KW-0354 (Hemolysis);KW-0442 (Lipid degradation);KW-0443 (Lipid metabolism);KW-0456 (Lyase);KW-0460 (Magnesium);KW-0479 (Metal-binding);KW-0964 (Secreted);KW-0800 (Toxin),Sicariidae,Loxosceles,,Dermonecrotic toxin Ls4SicTox-alphaIII1i,A311_LOXS4
C0JB13,arthropod phospholipase D family|IC,,,KW-0204 (Cytolysis);KW-1061 (Dermonecrotic toxin);KW-1015 (Disulfide bond);KW-0354 (Hemolysis);KW-0442 (Lipid degradation);KW-0443 (Lipid metabolism);KW-0456 (Lyase);KW-0460 (Magnesium);KW-0479 (Metal-binding);KW-0964 (Secreted);KW-0800 (Toxin),Sicariidae,Loxosceles,,Dermonecrotic toxin LlSicTox-alphaIII3iii,A333_LOXLA
C0JB20,arthropod phospholipase D family|IC,,,KW-0204 (Cytolysis);KW-1061 (Dermonecrotic toxin);KW-1015 (Disulfide bond);KW-0354 (Hemolysis);KW-0442 (Lipid degradation);KW-0443 (Lipid metabolism);KW-0456 (Lyase);KW-0460 (Magnesium);KW-0479 (Metal-binding);KW-0964 (Secreted);KW-0800 (Toxin),Sicariidae,Loxosceles,,Dermonecrotic toxin LamSicTox-alphaIV1iii,A413_LOXAM
C0JB25,arthropod phospholipase D family|IC,,,KW-0204 (Cytolysis);KW-1061 (Dermonecrotic toxin);KW-1015 (Disulfide bond);KW-0354 (Hemolysis);KW-0442 (Lipid degradation);KW-0443 (Lipid metabolism);KW-0456 (Lyase);KW-0460 (Magnesium);KW-0479 (Metal-binding);KW-0964 (Secreted);KW-0800 (Toxin),Sicariidae,Loxosceles,,Dermonecrotic toxin LlSicTox-alphaIV2i,A421_LOXLA
C0JB27,arthropod phospholipase D family|IC,,,KW-0204 (Cytolysis);KW-1061 (Dermonecrotic toxin);KW-1015 (Disulfide bond);KW-0354 (Hemolysis);KW-0442 (Lipid degradation);KW-0443 (Lipid metabolism);KW-0456 (Lyase);KW-0460 (Magnesium);KW-0479 (Metal-binding);KW-0964 (Secreted);KW-0800 (Toxin),Sicariidae,Loxosceles,,Dermonecrotic toxin LlSicTox-alphaIV2iii,A423_LOXLA
C0JB38,arthropod phospholipase D family|IC,PF13653 (GDPD_2)|34.2,CL0036 (TIM_barrel),KW-0204 (Cytolysis);KW-1061 (Dermonecrotic toxin);KW-1015 (Disulfide bond);KW-0354 (Hemolysis);KW-0442 (Lipid degradation);KW-0443 (Lipid metabolism);KW-0456 (Lyase);KW-0460 (Magnesium);KW-0479 (Metal-binding);KW-0964 (Secreted);KW-0800 (Toxin),Sicariidae,Sicarius,,Dermonecrotic toxin SpeSicTox-betaIB2b,B1LB_SICPE
C0JB41,arthropod phospholipase D family|IC,,,KW-0204 (Cytolysis);KW-1061 (Dermonecrotic toxin);KW-1015 (Disulfide bond);KW-0354 (Hemolysis);KW-0442 (Lipid degradation);KW-0443 (Lipid metabolism);KW-0456 (Lyase);KW-0460 (Magnesium);KW-0479 (Metal-binding);KW-0964 (Secreted);KW-0800 (Toxin),Sicariidae,Loxosceles,,Dermonecrotic toxin LspiSicTox-betaIE2i,B1S1_LOXSN
C0JB45,arthropod phospholipase D family|IC,,,KW-0204 (Cytolysis);KW-1061 (Dermonecrotic toxin);KW-1015 (Disulfide bond);KW-0354 (Hemolysis);KW-0442 (Lipid degradation);KW-0443 (Lipid metabolism);KW-0456 (Lyase);KW-0460 (Magnesium);KW-0479 (Metal-binding);KW-0964 (Secreted);KW-0800 (Toxin),Sicariidae,Loxosceles,,Dermonecrotic toxin LspiSicTox-betaIE3ii,B1T2_LOXSN
C0JB46,arthropod phospholipase D family|IC,,,KW-0204 (Cytolysis);KW-1061 (Dermonecrotic toxin);KW-1015 (Disulfide bond);KW-0354 (Hemolysis);KW-0442 (Lipid degradation);KW-0443 (Lipid metabolism);KW-0456 (Lyase);KW-0460 (Magnesium);KW-0479 (Metal-binding);KW-0964 (Secreted);KW-0800 (Toxin),Sicariidae,Loxosceles,,Dermonecrotic toxin LspiSicTox-betaIE4i,B1U1_LOXSN
C0JB47,arthropod phospholipase D family|IC,,,KW-0204 (Cytolysis);KW-1061 (Dermonecrotic toxin);KW-1015 (Disulfide bond);KW-0354 (Hemolysis);KW-0442 (Lipid degradation);KW-0443 (Lipid metabolism);KW-0456 (Lyase);KW-0460 (Magnesium);KW-0479 (Metal-binding);KW-0964 (Secreted);KW-0800 (Toxin),Sicariidae,Loxosceles,,Dermonecrotic toxin LspiSicTox-betaIE4ii,B1U2_LOXSN
C0JB51,arthropod phospholipase D family|IC,PF13653 (GDPD_2)|38.3,CL0036 (TIM_barrel),KW-0204 (Cytolysis);KW-1061 (Dermonecrotic toxin);KW-1015 (Disulfide bond);KW-0325 (Glycoprotein);KW-0354 (Hemolysis);KW-0442 (Lipid degradation);KW-0443 (Lipid metabolism);KW-0456 (Lyase);KW-0460 (Magnesium);KW-0479 (Metal-binding);KW-0964 (Secreted);KW-0800 (Toxin),Sicariidae,Loxosceles,,Dermonecrotic toxin LafSicTox-betaIE1,B1R_LOXAS
C0JB52,arthropod phospholipase D family|IC,,,KW-0204 (Cytolysis);KW-1061 (Dermonecrotic toxin);KW-1015 (Disulfide bond);KW-0354 (Hemolysis);KW-0442 (Lipid degradation);KW-0443 (Lipid metabolism);KW-0456 (Lyase);KW-0460 (Magnesium);KW-0479 (Metal-binding);KW-0964 (Secreted);KW-0800 (Toxin),Sicariidae,Sicarius,,Dermonecrotic toxin SpaSicTox-betaIF1,B1V_SICPA
C0JB55,arthropod phospholipase D family|IC,,,KW-0204 (Cytolysis);KW-1061 (Dermonecrotic toxin);KW-1015 (Disulfide bond);KW-0354 (Hemolysis);KW-0442 (Lipid degradation);KW-0443 (Lipid metabolism);KW-0456 (Lyase);KW-0460 (Magnesium);KW-0479 (Metal-binding);KW-0964 (Secreted);KW-0800 (Toxin),Sicariidae,Sicarius,,Dermonecrotic toxin SdSicTox-betaIF1,B1V_SICCD
C0JB58,arthropod phospholipase D family|IC,,,KW-0204 (Cytolysis);KW-1061 (Dermonecrotic toxin);KW-1015 (Disulfide bond);KW-0354 (Hemolysis);KW-0442 (Lipid degradation);KW-0443 (Lipid metabolism);KW-0456 (Lyase);KW-0460 (Magnesium);KW-0479 (Metal-binding);KW-0964 (Secreted);KW-0800 (Toxin),Sicariidae,Sicarius,,Dermonecrotic toxin SpeSicTox-betaIIA2ii,B2I2_SICPE
C0JB62,arthropod phospholipase D family|IC,,,KW-0204 (Cytolysis);KW-1061 (Dermonecrotic toxin);KW-1015 (Disulfide bond);KW-0354 (Hemolysis);KW-0442 (Lipid degradation);KW-0443 (Lipid metabolism);KW-0456 (Lyase);KW-0460 (Magnesium);KW-0479 (Metal-binding);KW-0964 (Secreted);KW-0800 (Toxin),Sicariidae,Sicarius,,Dermonecrotic toxin SpeSicTox-betaIIA2iv,B2I4_SICPE
C0JB71,arthropod phospholipase D family|IC,,,KW-0204 (Cytolysis);KW-1061 (Dermonecrotic toxin);KW-1015 (Disulfide bond);KW-0354 (Hemolysis);KW-0442 (Lipid degradation);KW-0443 (Lipid metabolism);KW-0456 (Lyase);KW-0460 (Magnesium);KW-0479 (Metal-binding);KW-0964 (Secreted);KW-0800 (Toxin),Sicariidae,Sicarius,,Dermonecrotic toxin SdSicTox-betaIIB1bi,B2KB1_SICCD
C0JB73,arthropod phospholipase D family|IC,,,KW-0204 (Cytolysis);KW-1061 (Dermonecrotic toxin);KW-1015 (Disulfide bond);KW-0354 (Hemolysis);KW-0442 (Lipid degradation);KW-0443 (Lipid metabolism);KW-0456 (Lyase);KW-0460 (Magnesium);KW-0479 (Metal-binding);KW-0964 (Secreted);KW-0800 (Toxin),Sicariidae,Sicarius,,Dermonecrotic toxin SdSicTox-betaIIB1biii,B2KB3_SICCD
C0JB80,arthropod phospholipase D family|IC,,,KW-0204 (Cytolysis);KW-1061 (Dermonecrotic toxin);KW-1015 (Disulfide bond);KW-0354 (Hemolysis);KW-0442 (Lipid degradation);KW-0443 (Lipid metabolism);KW-0456 (Lyase);KW-0460 (Magnesium);KW-0479 (Metal-binding);KW-0964 (Secreted);KW-0800 (Toxin),Sicariidae,Sicarius,,Dermonecrotic toxin SdSicTox-betaIIB1bvi,B2KB6_SICCD
C1IC49,three-finger toxin family|IC,PF21947 (Toxin_cobra-type)|71.9,CL0117 (uPAR_Ly6_toxin),KW-0008 (Acetylcholine receptor inhibiting toxin);KW-0903 (Direct protein sequencing);KW-1015 (Disulfide bond);KW-0872 (Ion channel impairing toxin);KW-0528 (Neurotoxin);KW-0629 (Postsynaptic neurotoxin);KW-0964 (Secreted);KW-0732 (Signal);KW-0800 (Toxin),Elapidae,Walterinnesia,,Three-finger toxin W-V,3NO25_WALAE
C3VVN5,conotoxin D superfamily|IC,,,KW-0008 (Acetylcholine receptor inhibiting toxin);KW-0903 (Direct protein sequencing);KW-1015 (Disulfide bond);KW-0301 (Gamma-carboxyglutamic acid);KW-0379 (Hydroxylation);KW-0872 (Ion channel impairing toxin);KW-0528 (Neurotoxin);KW-0629 (Postsynaptic neurotoxin);KW-0964 (Secreted);KW-0732 (Signal);KW-0800 (Toxin),Conidae,Conus,,Alpha-conotoxin Ms20.3,CDK3_CONMS
C3VVN6,conotoxin D superfamily|IC,,,KW-0008 (Acetylcholine receptor inhibiting toxin);KW-0903 (Direct protein sequencing);KW-1015 (Disulfide bond);KW-0301 (Gamma-carboxyglutamic acid);KW-0379 (Hydroxylation);KW-0872 (Ion channel impairing toxin);KW-0528 (Neurotoxin);KW-0629 (Postsynaptic neurotoxin);KW-0964 (Secreted);KW-0732 (Signal);KW-0800 (Toxin),Conidae,Conus,,Alpha-conotoxin Cp20.3,CDK3_CONCE
C4ULG3,,PF04488 (Gly_transf_sug)|29.9,CL0110 (GT-A),KW-0328 (Glycosyltransferase);KW-1032 (Host cell membrane);KW-1043 (Host membrane);KW-0472 (Membrane);KW-0479 (Metal-binding);KW-0964 (Secreted);KW-0800 (Toxin);KW-0808 (Transferase);KW-0843 (Virulence),Yersiniaceae,Yersinia,afp18,Toxin Afp18,AFP18_YERRA
C7DT09,MCD family|SAM,,,KW-0027 (Amidation);KW-0929 (Antimicrobial);KW-0204 (Cytolysis);KW-0295 (Fungicide);KW-0391 (Immunity);KW-0399 (Innate immunity);KW-0472 (Membrane);KW-0677 (Repeat);KW-0964 (Secreted);KW-0732 (Signal);KW-1052 (Target cell membrane);KW-1053 (Target membrane);KW-0800 (Toxin),Vespidae,Orancistrocerus,,Venom peptide 3,VP3_ORADR
D1MEI6,MCD family|IC,,,KW-0027 (Amidation);KW-0044 (Antibiotic);KW-0929 (Antimicrobial);KW-0204 (Cytolysis);KW-0295 (Fungicide);KW-0391 (Immunity);KW-0399 (Innate immunity);KW-0472 (Membrane);KW-0677 (Repeat);KW-0964 (Secreted);KW-0732 (Signal);KW-1052 (Target cell membrane);KW-1053 (Target membrane);KW-0800 (Toxin);KW-0812 (Transmembrane),Vespidae,Eumenes,,Eumenitin VP1,EUME1_EUMPO
D1MGU0,snaclec family|IC,PF00059 (Lectin_C)|55.3,CL0056 (C_Lectin),KW-0903 (Direct protein sequencing);KW-1015 (Disulfide bond);KW-1199 (Hemostasis impairing toxin);KW-1201 (Platelet aggregation inhibiting toxin);KW-0964 (Secreted);KW-0732 (Signal);KW-0800 (Toxin),Viperidae,Protobothrops,,Snaclec jerdonibitin subunit alpha,SLA_PROJR
D1MGU1,snaclec family|IC,PF00059 (Lectin_C)|55.8,CL0056 (C_Lectin),KW-0903 (Direct protein sequencing);KW-1015 (Disulfide bond);KW-1199 (Hemostasis impairing toxin);KW-1201 (Platelet aggregation inhibiting toxin);KW-0964 (Secreted);KW-0732 (Signal);KW-0800 (Toxin),Viperidae,Protobothrops,,Snaclec jerdonibitin subunit beta,SLB_PROJR
D2Y210,neurotoxin 12 (Hwtx-2) family|IC,PF08089 (Toxin_20)|61.0,CL0083 (Omega_toxin),KW-0903 (Direct protein sequencing);KW-1015 (Disulfide bond);KW-0528 (Neurotoxin);KW-0629 (Postsynaptic neurotoxin);KW-0964 (Secreted);KW-0732 (Signal);KW-0800 (Toxin),Theraphosidae,Cyriopagopus,,U4-theraphotoxin-Hhn1a,H2A17_CYRHA
D2Y2L2,neurotoxin 12 (Hwtx-2) family|IC,PF08089 (Toxin_20)|61.0,CL0083 (Omega_toxin),KW-0903 (Direct protein sequencing);KW-1015 (Disulfide bond);KW-0528 (Neurotoxin);KW-0629 (Postsynaptic neurotoxin);KW-0964 (Secreted);KW-0732 (Signal);KW-0800 (Toxin),Theraphosidae,Cyriopagopus,,U4-theraphotoxin-Hhn1a,H2A24_CYRHA
F5C3U4,conotoxin A superfamily|IC,PF07365 (Toxin_8)|61.9,,KW-0008 (Acetylcholine receptor inhibiting toxin);KW-0027 (Amidation);KW-0165 (Cleavage on pair of basic residues);KW-1015 (Disulfide bond);KW-0379 (Hydroxylation);KW-0528 (Neurotoxin);KW-0629 (Postsynaptic neurotoxin);KW-0964 (Secreted);KW-0732 (Signal);KW-0800 (Toxin),Conidae,Conus,,Alpha-conotoxin Mr1.7a,CA18_CONMR
F8RKW5,NGF-beta family|IC,PF00243 (NGF)|152.5,CL0079 (Cystine-knot),KW-0165 (Cleavage on pair of basic residues);KW-1015 (Disulfide bond);KW-0325 (Glycoprotein);KW-0339 (Growth factor);KW-0446 (Lipid-binding);KW-0481 (Metalloenzyme inhibitor);KW-0483 (Metalloprotease inhibitor);KW-0646 (Protease inhibitor);KW-0964 (Secreted);KW-0732 (Signal);KW-0800 (Toxin),Elapidae,Drysdalia,,Venom nerve growth factor,NGFV_DRYCN
J7GY56,conotoxin O1 superfamily|IC,PF02950 (Conotoxin)|41.4,CL0083 (Omega_toxin),KW-0008 (Acetylcholine receptor inhibiting toxin);KW-1015 (Disulfide bond);KW-0528 (Neurotoxin);KW-0582 (Pharmaceutical);KW-0629 (Postsynaptic neurotoxin);KW-0964 (Secreted);KW-0732 (Signal);KW-0800 (Toxin),Conidae,Conus,,Alpha-conotoxin GeXIVA,CO1EA_CONGR
K7Z9Q9,,PF01400 (Astacin)|180.3,CL0126 (Peptidase_MA),KW-1015 (Disulfide bond);KW-0378 (Hydrolase);KW-0479 (Metal-binding);KW-0482 (Metalloprotease);KW-0166 (Nematocyst);KW-0645 (Protease);KW-0964 (Secreted);KW-0732 (Signal);KW-0800 (Toxin);KW-0862 (Zinc),Edwardsiidae,Nematostella,,Nematocyst expressed protein 6,VMP_NEMVE
O13069,peptidase S1 family|SAM,PF00089 (Trypsin)|187.5,CL0124 (Peptidase_PA),KW-1204 (Blood coagulation cascade activating toxin);KW-0903 (Direct protein sequencing);KW-1015 (Disulfide bond);KW-0325 (Glycoprotein);KW-1199 (Hemostasis impairing toxin);KW-0378 (Hydrolase);KW-0382 (Hypotensive agent);KW-0645 (Protease);KW-0964 (Secreted);KW-0720 (Serine protease);KW-0732 (Signal);KW-0800 (Toxin);KW-0865 (Zymogen),Viperidae,Bothrops,,Thrombin-like enzyme KN-BJ 2,VSP2_BOTJA
O46028,short scorpion toxin superfamily|IC,,,KW-0002 (3D-structure);KW-0027 (Amidation);KW-1221 (Calcium-activated potassium channel impairing toxin);KW-0903 (Direct protein sequencing);KW-1015 (Disulfide bond);KW-0872 (Ion channel impairing toxin);KW-0528 (Neurotoxin);KW-0632 (Potassium channel impairing toxin);KW-0964 (Secreted);KW-0732 (Signal);KW-0800 (Toxin);KW-1220 (Voltage-gated potassium channel impairing toxin),Buthidae,Centruroides,,Potassium channel toxin alpha-KTx 10.1,KA101_CENNO
O46168,helical arthropod-neuropeptide-derived (HAND) family|IC,,,KW-0027 (Amidation);KW-0903 (Direct protein sequencing);KW-1015 (Disulfide bond);KW-0964 (Secreted);KW-0732 (Signal);KW-0800 (Toxin),Agelenidae,Eratigena,,U1-agatoxin-Ta1c,TXI3_ERAAG
O56850,rotavirus NSP4 family|SAM,PF01452 (Rota_NSP4)|329.7,,KW-1072 (Activation of host autophagy by virus);KW-0106 (Calcium);KW-0260 (Enterotoxin);KW-0325 (Glycoprotein);KW-1038 (Host endoplasmic reticulum);KW-1043 (Host membrane);KW-0945 (Host-virus interaction);KW-0407 (Ion channel);KW-0406 (Ion transport);KW-0472 (Membrane);KW-0479 (Metal-binding);KW-0964 (Secreted);KW-0735 (Signal-anchor);KW-0800 (Toxin);KW-0812 (Transmembrane);KW-1133 (Transmembrane helix);KW-0813 (Transport);KW-1182 (Viral ion channel);KW-0843 (Virulence),Sedoreoviridae,Rotavirus,,Non-structural glycoprotein 4,NSP4_ROTH3
O76199,neurotoxin 03 (Tx2) family|IC,PF17492 (D_CNTX)|91.6,CL0079 (Cystine-knot),KW-0903 (Direct protein sequencing);KW-1015 (Disulfide bond);KW-0872 (Ion channel impairing toxin);KW-0960 (Knottin);KW-0528 (Neurotoxin);KW-0964 (Secreted);KW-0732 (Signal);KW-0800 (Toxin);KW-0738 (Voltage-gated sodium channel impairing toxin),Ctenidae,Phoneutria,,Delta-ctenitoxin-Pn2c,TX36B_PHONI
P00595,phospholipase A2 family|IC,PF00068 (Phospholip_A2_1)|122.5,CL0629 (PLA2),KW-0106 (Calcium);KW-0903 (Direct protein sequencing);KW-1015 (Disulfide bond);KW-0378 (Hydrolase);KW-0442 (Lipid degradation);KW-0443 (Lipid metabolism);KW-0479 (Metal-binding);KW-0964 (Secreted);KW-0800 (Toxin),Elapidae,Hemachatus,,Basic phospholipase A2 DE-1,PA2B1_HEMHA
P00604,phospholipase A2 family|IC,PF00068 (Phospholip_A2_1)|117.4,CL0629 (PLA2),KW-1203 (Blood coagulation cascade inhibiting toxin);KW-0106 (Calcium);KW-0204 (Cytolysis);KW-0903 (Direct protein sequencing);KW-1015 (Disulfide bond);KW-0354 (Hemolysis);KW-1199 (Hemostasis impairing toxin);KW-0378 (Hydrolase);KW-0442 (Lipid degradation);KW-0443 (Lipid metabolism);KW-0479 (Metal-binding);KW-0959 (Myotoxin);KW-0528 (Neurotoxin);KW-0964 (Secreted);KW-0800 (Toxin),Elapidae,Naja,,Basic phospholipase A2 CM-III,PA2B3_NAJMO
P00983,venom Kunitz-type family|IC,PF00014 (Kunitz_BPTI)|62.7,CL0894 (BPTI),KW-0903 (Direct protein sequencing);KW-1015 (Disulfide bond);KW-1213 (G-protein coupled receptor impairing toxin);KW-0964 (Secreted);KW-0800 (Toxin),Elapidae,Dendroaspis,,Mambaquaretin-7,MAMB7_DENPO
P01442,three-finger toxin family|IC,PF21947 (Toxin_cobra-type)|43.5,CL0117 (uPAR_Ly6_toxin),KW-0002 (3D-structure);KW-0123 (Cardiotoxin);KW-0204 (Cytolysis);KW-0903 (Direct protein sequencing);KW-1015 (Disulfide bond);KW-0354 (Hemolysis);KW-0472 (Membrane);KW-0964 (Secreted);KW-0732 (Signal);KW-1052 (Target cell membrane);KW-1053 (Target membrane);KW-0800 (Toxin),Elapidae,Naja,,Cytotoxin 2,3SA2_NAJAT
P01452,three-finger toxin family|IC,PF21947 (Toxin_cobra-type)|49.1,CL0117 (uPAR_Ly6_toxin),KW-0002 (3D-structure);KW-0123 (Cardiotoxin);KW-0204 (Cytolysis);KW-0903 (Direct protein sequencing);KW-1015 (Disulfide bond);KW-0472 (Membrane);KW-0964 (Secreted);KW-1052 (Target cell membrane);KW-1053 (Target membrane);KW-0800 (Toxin),Elapidae,Naja,,Cytotoxin 4,3SA4_NAJMO
P01476,crotamine-myotoxin family|IC,PF00819 (Myotoxins)|100.6,CL0075 (Defensin),KW-0929 (Antimicrobial);KW-0903 (Direct protein sequencing);KW-1015 (Disulfide bond);KW-0872 (Ion channel impairing toxin);KW-0959 (Myotoxin);KW-0528 (Neurotoxin);KW-0632 (Potassium channel impairing toxin);KW-0964 (Secreted);KW-0800 (Toxin);KW-1220 (Voltage-gated potassium channel impairing toxin),Viperidae,Crotalus,,Myotoxin-A,MYX1_CROVV
P01478,neurotoxin 06 (delta-actx) family|IC,PF05353 (Atracotoxin)|92.3,CL0083 (Omega_toxin),KW-0002 (3D-structure);KW-0903 (Direct protein sequencing);KW-1015 (Disulfide bond);KW-0872 (Ion channel impairing toxin);KW-0960 (Knottin);KW-0528 (Neurotoxin);KW-0964 (Secreted);KW-0800 (Toxin);KW-0738 (Voltage-gated sodium channel impairing toxin),Hexathelidae,Atrax,,Delta-hexatoxin-Ar1a,TXDT1_ATRRO
P01483,long (4 C-C) scorpion toxin superfamily|IC,PF00537 (Toxin_3)|89.8,CL0054 (Knottin_1),KW-0027 (Amidation);KW-0903 (Direct protein sequencing);KW-1015 (Disulfide bond);KW-0872 (Ion channel impairing toxin);KW-0528 (Neurotoxin);KW-0964 (Secreted);KW-0800 (Toxin);KW-0738 (Voltage-gated sodium channel impairing toxin),Buthidae,Buthus,,Neurotoxin Bot2,SCX2_BUTOC
P02852,secapin family|IC,PF17521 (Secapin)|121.8,,KW-0044 (Antibiotic);KW-0929 (Antimicrobial);KW-0903 (Direct protein sequencing);KW-1015 (Disulfide bond);KW-0295 (Fungicide);KW-1199 (Hemostasis impairing toxin);KW-0391 (Immunity);KW-0399 (Innate immunity);KW-0646 (Protease inhibitor);KW-1185 (Reference proteome);KW-0964 (Secreted);KW-0722 (Serine protease inhibitor);KW-0732 (Signal);KW-0800 (Toxin),Apidae,Apis,,Secapin,SECP_APIME
P03535,rotavirus NSP4 family|SAM,PF01452 (Rota_NSP4)|319.2,,KW-1072 (Activation of host autophagy by virus);KW-0106 (Calcium);KW-0260 (Enterotoxin);KW-0325 (Glycoprotein);KW-1038 (Host endoplasmic reticulum);KW-1043 (Host membrane);KW-0945 (Host-virus interaction);KW-0407 (Ion channel);KW-0406 (Ion transport);KW-0472 (Membrane);KW-0479 (Metal-binding);KW-0964 (Secreted);KW-0735 (Signal-anchor);KW-0800 (Toxin);KW-0812 (Transmembrane);KW-1133 (Transmembrane helix);KW-0813 (Transport);KW-1182 (Viral ion channel);KW-0843 (Virulence),Sedoreoviridae,Rotavirus,,Non-structural glycoprotein 4,NSP4_ROTHW
P07525,three-finger toxin family|IC,PF21947 (Toxin_cobra-type)|45.0,CL0117 (uPAR_Ly6_toxin),KW-0002 (3D-structure);KW-0123 (Cardiotoxin);KW-0204 (Cytolysis);KW-0903 (Direct protein sequencing);KW-1015 (Disulfide bond);KW-0354 (Hemolysis);KW-0872 (Ion channel impairing toxin);KW-0472 (Membrane);KW-0964 (Secreted);KW-1052 (Target cell membrane);KW-1053 (Target membrane);KW-0800 (Toxin),Elapidae,Naja,,Cytotoxin 5,3SAT_NAJAT
P08026,ribosome-inactivating protein family|IC,PF00161 (RIP)|130.2,,KW-1015 (Disulfide bond);KW-0378 (Hydrolase);KW-1254 (Modulation of host virulence by virus);KW-0652 (Protein synthesis inhibitor);KW-0964 (Secreted);KW-0732 (Signal);KW-0800 (Toxin);KW-1255 (Viral exotoxin);KW-0843 (Virulence),,Lambdavirus,stxA,Shiga-like toxin 1 subunit A,STXA_BPH19
P08815,short scorpion toxin superfamily|IC,PF00451 (Toxin_2)|51.5,CL0054 (Knottin_1),KW-0002 (3D-structure);KW-0027 (Amidation);KW-1221 (Calcium-activated potassium channel impairing toxin);KW-0903 (Direct protein sequencing);KW-1015 (Disulfide bond);KW-0872 (Ion channel impairing toxin);KW-0528 (Neurotoxin);KW-0632 (Potassium channel impairing toxin);KW-0964 (Secreted);KW-0800 (Toxin);KW-1220 (Voltage-gated potassium channel impairing toxin),Buthidae,Centruroides,,Potassium channel toxin alpha-KTx 2.1,KAX21_CENNO
P09989,ribosome-inactivating protein family|IC,PF00161 (RIP)|136.5,,KW-0002 (3D-structure);KW-0930 (Antiviral protein);KW-0903 (Direct protein sequencing);KW-0378 (Hydrolase);KW-0611 (Plant defense);KW-0652 (Protein synthesis inhibitor);KW-0732 (Signal);KW-0800 (Toxin),Cucurbitaceae,Trichosanthes,,Ribosome-inactivating protein alpha-trichosanthin,RIPT_TRIKI
P0C174,short scorpion toxin superfamily|IC,,,KW-0002 (3D-structure);KW-0903 (Direct protein sequencing);KW-1015 (Disulfide bond);KW-0872 (Ion channel impairing toxin);KW-0960 (Knottin);KW-0632 (Potassium channel impairing toxin);KW-0964 (Secreted);KW-0732 (Signal);KW-0800 (Toxin);KW-1220 (Voltage-gated potassium channel impairing toxin),Buthidae,Tityus,,Potassium channel toxin epsilon-KTx 1.1,KEX11_TITSE
P0C175,short scorpion toxin superfamily|IC,,,KW-0027 (Amidation);KW-0903 (Direct protein sequencing);KW-1015 (Disulfide bond);KW-0872 (Ion channel impairing toxin);KW-0960 (Knottin);KW-0632 (Potassium channel impairing toxin);KW-0964 (Secreted);KW-0732 (Signal);KW-0800 (Toxin);KW-1220 (Voltage-gated potassium channel impairing toxin),Buthidae,Tityus,,Potassium channel toxin epsilon-KTx 1.2,KEX12_TITSE
P0C1N8,conotoxin M superfamily|IC,PF02950 (Conotoxin)|51.2,CL0083 (Omega_toxin),KW-0027 (Amidation);KW-0165 (Cleavage on pair of basic residues);KW-0903 (Direct protein sequencing);KW-1015 (Disulfide bond);KW-0528 (Neurotoxin);KW-0558 (Oxidation);KW-0964 (Secreted);KW-0732 (Signal);KW-0800 (Toxin),Conidae,Conus,,Conotoxin tx3b,M3B_CONTE
P0C1X7,long (4 C-C) scorpion toxin superfamily|IC,PF00537 (Toxin_3)|65.3,CL0054 (Knottin_1),KW-0027 (Amidation);KW-0044 (Antibiotic);KW-0929 (Antimicrobial);KW-0903 (Direct protein sequencing);KW-1015 (Disulfide bond);KW-0872 (Ion channel impairing toxin);KW-0528 (Neurotoxin);KW-0964 (Secreted);KW-0732 (Signal);KW-0800 (Toxin);KW-0738 (Voltage-gated sodium channel impairing toxin),Buthidae,Tityus,,Ardiscretin,SCNA4_TITDI
P0C2K2,arthropod phospholipase D family|IC,,,KW-0204 (Cytolysis);KW-1061 (Dermonecrotic toxin);KW-0903 (Direct protein sequencing);KW-1015 (Disulfide bond);KW-0354 (Hemolysis);KW-0442 (Lipid degradation);KW-0443 (Lipid metabolism);KW-0456 (Lyase);KW-0460 (Magnesium);KW-0479 (Metal-binding);KW-0964 (Secreted);KW-0800 (Toxin),Sicariidae,Loxosceles,,Dermonecrotic toxin LgSicTox-alphaI-1,A1X1_LOXGA
P0C578,peptidase S1 family|SAM,,,KW-1204 (Blood coagulation cascade activating toxin);KW-0903 (Direct protein sequencing);KW-0325 (Glycoprotein);KW-1199 (Hemostasis impairing toxin);KW-0378 (Hydrolase);KW-0645 (Protease);KW-0964 (Secreted);KW-0720 (Serine protease);KW-0800 (Toxin),Viperidae,Ovophis,,Thrombin-like enzyme okinaxobin-2,VSP2_OVOOK
P0C5I4,long (4 C-C) scorpion toxin superfamily|IC,PF00537 (Toxin_3)|61.0,CL0054 (Knottin_1),KW-0027 (Amidation);KW-0903 (Direct protein sequencing);KW-1015 (Disulfide bond);KW-0872 (Ion channel impairing toxin);KW-0528 (Neurotoxin);KW-0964 (Secreted);KW-0732 (Signal);KW-0800 (Toxin);KW-0738 (Voltage-gated sodium channel impairing toxin),Buthidae,Leiurus,,Beta-insect depressant toxin Lqh-dprIT3b,SIX3B_LEIHE
P0C6S0,venom metalloproteinase (M12B) family|IC,PF01421 (Reprolysin)|25.0,CL0126 (Peptidase_MA),KW-0053 (Apoptosis);KW-0903 (Direct protein sequencing);KW-1206 (Fibrinogenolytic toxin);KW-1205 (Fibrinolytic toxin);KW-1199 (Hemostasis impairing toxin);KW-0378 (Hydrolase);KW-0479 (Metal-binding);KW-0482 (Metalloprotease);KW-0645 (Protease);KW-0964 (Secreted);KW-0800 (Toxin);KW-0862 (Zinc),Viperidae,Bothrops,,Snake venom metalloproteinase BnP1,VM1B1_BOTPA
P0C837,O2 superfamily|IC,PF02950 (Conotoxin)|43.1,CL0083 (Omega_toxin),KW-0027 (Amidation);KW-0208 (D-amino acid);KW-0903 (Direct protein sequencing);KW-1015 (Disulfide bond);KW-0379 (Hydroxylation);KW-0872 (Ion channel impairing toxin);KW-0528 (Neurotoxin);KW-0964 (Secreted);KW-0732 (Signal);KW-0800 (Toxin),Conidae,Conus,,Contryphan-S,COW_CONST
P0C8E1,conotoxin B superfamily|IC,,,KW-0106 (Calcium);KW-0903 (Direct protein sequencing);KW-0301 (Gamma-carboxyglutamic acid);KW-0379 (Hydroxylation);KW-0872 (Ion channel impairing toxin);KW-1028 (Ionotropic glutamate receptor inhibitor);KW-0460 (Magnesium);KW-0479 (Metal-binding);KW-0528 (Neurotoxin);KW-0629 (Postsynaptic neurotoxin);KW-0964 (Secreted);KW-0800 (Toxin),Conidae,Conus,,Conantokin-Pr2,CKP2_CONPI
P0C8R2,conotoxin A superfamily|IC,PF07365 (Toxin_8)|48.2,,KW-0008 (Acetylcholine receptor inhibiting toxin);KW-1015 (Disulfide bond);KW-0379 (Hydroxylation);KW-0872 (Ion channel impairing toxin);KW-0528 (Neurotoxin);KW-0629 (Postsynaptic neurotoxin);KW-0964 (Secreted);KW-0800 (Toxin),Conidae,Conus,,Alpha-conotoxin ArIA,CA1A_CONAE
P0C908,short scorpion toxin superfamily|IC,PF00451 (Toxin_2)|49.2,CL0054 (Knottin_1),KW-0002 (3D-structure);KW-0903 (Direct protein sequencing);KW-1015 (Disulfide bond);KW-0872 (Ion channel impairing toxin);KW-0528 (Neurotoxin);KW-0632 (Potassium channel impairing toxin);KW-0964 (Secreted);KW-0732 (Signal);KW-0800 (Toxin);KW-1220 (Voltage-gated potassium channel impairing toxin),Buthidae,Buthus,,Potassium channel toxin alpha-KTx 3.10,KAX3A_BUTIS
P0CAS4,phospholipase A2 family|IC,PF00068 (Phospholip_A2_1)|115.5,CL0629 (PLA2),KW-0106 (Calcium);KW-0903 (Direct protein sequencing);KW-1015 (Disulfide bond);KW-0378 (Hydrolase);KW-0442 (Lipid degradation);KW-0443 (Lipid metabolism);KW-0479 (Metal-binding);KW-0959 (Myotoxin);KW-0528 (Neurotoxin);KW-0964 (Secreted);KW-0800 (Toxin),Viperidae,Crotalus,,Basic phospholipase A2 Cdr-13,PA2BD_CRODR
P0CAS6,phospholipase A2 family|IC,PF00068 (Phospholip_A2_1)|115.6,CL0629 (PLA2),KW-0106 (Calcium);KW-0903 (Direct protein sequencing);KW-1015 (Disulfide bond);KW-0378 (Hydrolase);KW-0442 (Lipid degradation);KW-0443 (Lipid metabolism);KW-0479 (Metal-binding);KW-0528 (Neurotoxin);KW-0964 (Secreted);KW-0800 (Toxin),Viperidae,Crotalus,,Basic phospholipase A2 F16,PA2BF_CRODU
P0CC12,short scorpion toxin superfamily|IC,PF05453 (Toxin_6)|51.4,CL0054 (Knottin_1),KW-0903 (Direct protein sequencing);KW-1015 (Disulfide bond);KW-0872 (Ion channel impairing toxin);KW-0632 (Potassium channel impairing toxin);KW-0964 (Secreted);KW-0732 (Signal);KW-0800 (Toxin);KW-1220 (Voltage-gated potassium channel impairing toxin),Buthidae,Odontobuthus,,Potassium channel toxin alpha-KTx 8.5,KAX85_ODODO
P0CC13,conotoxin O1 superfamily|IC,,,KW-0903 (Direct protein sequencing);KW-1015 (Disulfide bond);KW-0379 (Hydroxylation);KW-0872 (Ion channel impairing toxin);KW-0960 (Knottin);KW-0528 (Neurotoxin);KW-0638 (Presynaptic neurotoxin);KW-0964 (Secreted);KW-0800 (Toxin);KW-0738 (Voltage-gated sodium channel impairing toxin),Conidae,Conus,,Delta-conotoxin-like CnVIB,O16B_CONCN
P0CE73,conotoxin A superfamily|IC,PF07365 (Toxin_8)|93.3,,KW-0008 (Acetylcholine receptor inhibiting toxin);KW-0027 (Amidation);KW-0903 (Direct protein sequencing);KW-1015 (Disulfide bond);KW-0872 (Ion channel impairing toxin);KW-0528 (Neurotoxin);KW-0629 (Postsynaptic neurotoxin);KW-0964 (Secreted);KW-0732 (Signal);KW-0800 (Toxin),Conidae,Conus,,Alpha-conotoxin BnIA,CA11_CONBN
P0CG46,conotoxin B superfamily|IC,PF10550 (Toxin_36)|26.9,,KW-0106 (Calcium);KW-0301 (Gamma-carboxyglutamic acid);KW-0872 (Ion channel impairing toxin);KW-1028 (Ionotropic glutamate receptor inhibitor);KW-0460 (Magnesium);KW-0479 (Metal-binding);KW-0528 (Neurotoxin);KW-0629 (Postsynaptic neurotoxin);KW-0964 (Secreted);KW-0732 (Signal);KW-0800 (Toxin),Conidae,Conus,,Conantokin-Br,CKBR_CONSL
P0CH46,sea anemone sodium channel inhibitory toxin family|IC,PF00706 (Toxin_4)|77.9,CL0075 (Defensin),KW-0025 (Alternative splicing);KW-0165 (Cleavage on pair of basic residues);KW-1015 (Disulfide bond);KW-0872 (Ion channel impairing toxin);KW-0528 (Neurotoxin);KW-1185 (Reference proteome);KW-0964 (Secreted);KW-0732 (Signal);KW-0800 (Toxin);KW-0738 (Voltage-gated sodium channel impairing toxin),Edwardsiidae,Nematostella,,N.vectensis toxin 1 5,NA239_NEMVE
P0DD39,peptidase C10 family|IC,PF01640 (Peptidase_C10)|190.3;PF13734 (Inhibitor_I69)|53.5,CL0125 (Peptidase_CA),KW-0068 (Autocatalytic cleavage);KW-1035 (Host cytoplasm);KW-0378 (Hydrolase);KW-0488 (Methylation);KW-0645 (Protease);KW-0964 (Secreted);KW-0732 (Signal);KW-0788 (Thiol protease);KW-0800 (Toxin);KW-0843 (Virulence);KW-0865 (Zymogen),Streptococcaceae,Streptococcus,speB,Streptopain,SPEB_STRPQ
P0DJ50,venom Kunitz-type family|IC,PF00014 (Kunitz_BPTI)|68.2,CL0894 (BPTI),KW-1015 (Disulfide bond);KW-1199 (Hemostasis impairing toxin);KW-0872 (Ion channel impairing toxin);KW-0632 (Potassium channel impairing toxin);KW-0646 (Protease inhibitor);KW-0964 (Secreted);KW-0722 (Serine protease inhibitor);KW-0732 (Signal);KW-0800 (Toxin);KW-1220 (Voltage-gated potassium channel impairing toxin),Buthidae,Olivierus,,Kunitz-type serine protease inhibitor BmKTT-2,VKT31_OLIMR
P0DJ94,glucagon family|IC,PF00123 (Hormone_2)|39.2,,KW-0903 (Direct protein sequencing);KW-1213 (G-protein coupled receptor impairing toxin);KW-0325 (Glycoprotein);KW-0382 (Hypotensive agent);KW-0964 (Secreted);KW-0800 (Toxin),Helodermatidae,Heloderma,,Exendin-1,EXE1_HELHO
P0DJF1,peptidase S1 family|SAM,,,KW-1204 (Blood coagulation cascade activating toxin);KW-0903 (Direct protein sequencing);KW-1015 (Disulfide bond);KW-0325 (Glycoprotein);KW-1199 (Hemostasis impairing toxin);KW-0378 (Hydrolase);KW-0645 (Protease);KW-0964 (Secreted);KW-0720 (Serine protease);KW-0730 (Sialic acid);KW-0800 (Toxin),Viperidae,Bothrops,,Thrombin-like enzyme BpSP-1,VSP1_BOTPA
P0DJF4,peptidase S1 family|IC,,,KW-1204 (Blood coagulation cascade activating toxin);KW-0903 (Direct protein sequencing);KW-1015 (Disulfide bond);KW-0325 (Glycoprotein);KW-1199 (Hemostasis impairing toxin);KW-0378 (Hydrolase);KW-0645 (Protease);KW-0964 (Secreted);KW-0720 (Serine protease);KW-0800 (Toxin),Viperidae,Trimeresurus,,Thrombin-like enzyme albolabrase,VSPAL_TRIAB
P0DJF7,peptidase S1 family|SAM,,,KW-1204 (Blood coagulation cascade activating toxin);KW-0903 (Direct protein sequencing);KW-1015 (Disulfide bond);KW-0325 (Glycoprotein);KW-1199 (Hemostasis impairing toxin);KW-0378 (Hydrolase);KW-0645 (Protease);KW-0964 (Secreted);KW-0720 (Serine protease);KW-0800 (Toxin),Viperidae,Trimeresurus,,Thrombin-like enzyme purpurase,VSPP_TRIPP
P0DJH2,venom metalloproteinase (M12B) family|IC,,,KW-0106 (Calcium);KW-1217 (Cell adhesion impairing toxin);KW-0903 (Direct protein sequencing);KW-1015 (Disulfide bond);KW-1206 (Fibrinogenolytic toxin);KW-0325 (Glycoprotein);KW-1199 (Hemostasis impairing toxin);KW-0378 (Hydrolase);KW-0479 (Metal-binding);KW-0482 (Metalloprotease);KW-1202 (Platelet aggregation activating toxin);KW-0645 (Protease);KW-0964 (Secreted);KW-0800 (Toxin);KW-0862 (Zinc),Viperidae,Trimeresurus,,Zinc metalloproteinase-disintegrin-like alborhagin,VM3AL_TRIAB
P0DJL1,snaclec family|IC,,,KW-0903 (Direct protein sequencing);KW-1015 (Disulfide bond);KW-1199 (Hemostasis impairing toxin);KW-1202 (Platelet aggregation activating toxin);KW-0964 (Secreted);KW-0800 (Toxin),Viperidae,Trimeresurus,,Snaclec alboluxin subunit beta,SLB_TRIAB
P0DJP4,phospholipase A2 family|IC,PF00068 (Phospholip_A2_1)|110.4,CL0629 (PLA2),KW-1203 (Blood coagulation cascade inhibiting toxin);KW-0903 (Direct protein sequencing);KW-1015 (Disulfide bond);KW-1199 (Hemostasis impairing toxin);KW-0378 (Hydrolase);KW-0442 (Lipid degradation);KW-0443 (Lipid metabolism);KW-0479 (Metal-binding);KW-1201 (Platelet aggregation inhibiting toxin);KW-0964 (Secreted);KW-0800 (Toxin),Viperidae,Craspedocephalus,,Acidic phospholipase A2 Tpu-E6c,PA2AC_CRAPU
P0DKR0,venom metalloproteinase (M12B) family|IC,,,KW-0106 (Calcium);KW-1217 (Cell adhesion impairing toxin);KW-0903 (Direct protein sequencing);KW-1015 (Disulfide bond);KW-1206 (Fibrinogenolytic toxin);KW-1199 (Hemostasis impairing toxin);KW-0378 (Hydrolase);KW-0479 (Metal-binding);KW-0482 (Metalloprotease);KW-0959 (Myotoxin);KW-0645 (Protease);KW-0964 (Secreted);KW-0800 (Toxin);KW-0862 (Zinc),Viperidae,Bothrops,,Zinc metalloproteinase-disintegrin-like moojenin,VM3_BOTMO
P0DKR5,phospholipase A2 family|IC,PF00068 (Phospholip_A2_1)|112.0,CL0629 (PLA2),KW-1203 (Blood coagulation cascade inhibiting toxin);KW-0106 (Calcium);KW-0903 (Direct protein sequencing);KW-1015 (Disulfide bond);KW-1199 (Hemostasis impairing toxin);KW-0378 (Hydrolase);KW-0442 (Lipid degradation);KW-0443 (Lipid metabolism);KW-0479 (Metal-binding);KW-0528 (Neurotoxin);KW-0638 (Presynaptic neurotoxin);KW-0964 (Secreted);KW-0800 (Toxin),Viperidae,Pseudocerastes,,Basic phospholipase A2 CbII,PA2B2_PSEFE
P0DKT6,phospholipase A2 family|IC,,,KW-0903 (Direct protein sequencing);KW-1015 (Disulfide bond);KW-0378 (Hydrolase);KW-0528 (Neurotoxin);KW-0629 (Postsynaptic neurotoxin);KW-0964 (Secreted);KW-0800 (Toxin),Viperidae,Bitis,,Phospholipase A2 bitanarin,PA2B_BITAR
P0DL38,neurotoxin 02 (plectoxin) family,,,KW-0027 (Amidation);KW-0108 (Calcium channel impairing toxin);KW-0903 (Direct protein sequencing);KW-1015 (Disulfide bond);KW-0872 (Ion channel impairing toxin);KW-0960 (Knottin);KW-0449 (Lipoprotein);KW-0528 (Neurotoxin);KW-0564 (Palmitate);KW-0638 (Presynaptic neurotoxin);KW-0964 (Secreted);KW-0732 (Signal);KW-0800 (Toxin);KW-0738 (Voltage-gated sodium channel impairing toxin),Plectreuridae,Plectreurys,,Delta/omega-plectoxin-Pt1a,TX21A_PLETR
P0DL51,sea anemone sodium channel inhibitory toxin family|IC,PF00706 (Toxin_4)|79.6,CL0075 (Defensin),KW-0165 (Cleavage on pair of basic residues);KW-1015 (Disulfide bond);KW-0872 (Ion channel impairing toxin);KW-0166 (Nematocyst);KW-0528 (Neurotoxin);KW-0964 (Secreted);KW-0732 (Signal);KW-0800 (Toxin);KW-0738 (Voltage-gated sodium channel impairing toxin),Actiniidae,Anemonia,,Delta-actitoxin-Avd1c 3,NA123_ANEVI
P0DL62,short scorpion toxin superfamily,,,KW-0903 (Direct protein sequencing);KW-1015 (Disulfide bond);KW-0872 (Ion channel impairing toxin);KW-0632 (Potassium channel impairing toxin);KW-0964 (Secreted);KW-0800 (Toxin);KW-1220 (Voltage-gated potassium channel impairing toxin),Buthidae,Buthus,,Potassium channel toxin alpha-KTx 31.1,KA311_BUTOC
P0DL75,rTX family,,,KW-0027 (Amidation);KW-0903 (Direct protein sequencing);KW-1015 (Disulfide bond);KW-0872 (Ion channel impairing toxin);KW-0960 (Knottin);KW-0528 (Neurotoxin);KW-0964 (Secreted);KW-0732 (Signal);KW-0800 (Toxin);KW-0738 (Voltage-gated sodium channel impairing toxin),Macrothelidae,Macrothele,,RTX-VII,TXR7_MACRV
P0DM45,,,,KW-0027 (Amidation);KW-0903 (Direct protein sequencing);KW-1015 (Disulfide bond);KW-0379 (Hydroxylation);KW-0528 (Neurotoxin);KW-0964 (Secreted);KW-0800 (Toxin),Conidae,Conus,,Conotoxin as25a,CXPA_CONCF
P0DM52,phospholipase A2 family|IC,PF00068 (Phospholip_A2_1)|33.4,CL0629 (PLA2),KW-1203 (Blood coagulation cascade inhibiting toxin);KW-0106 (Calcium);KW-0903 (Direct protein sequencing);KW-1015 (Disulfide bond);KW-1199 (Hemostasis impairing toxin);KW-0378 (Hydrolase);KW-0442 (Lipid degradation);KW-0443 (Lipid metabolism);KW-0479 (Metal-binding);KW-0959 (Myotoxin);KW-0964 (Secreted);KW-0800 (Toxin),Viperidae,Bothrops,,Basic phospholipase A2 BnpTX-2,PA2B2_BOTPA
P0DMT2,phospholipase A2 family|IC,PF00068 (Phospholip_A2_1)|112.5,CL0629 (PLA2),KW-1015 (Disulfide bond);KW-0959 (Myotoxin);KW-0964 (Secreted);KW-0800 (Toxin),Viperidae,Echis,,Phospholipase A2 homolog ECS_00014,PA2HS_ECHCS
P0DMU1,peptidase S1 family|SAM,,,KW-0903 (Direct protein sequencing);KW-1015 (Disulfide bond);KW-1206 (Fibrinogenolytic toxin);KW-1205 (Fibrinolytic toxin);KW-1199 (Hemostasis impairing toxin);KW-0378 (Hydrolase);KW-0645 (Protease);KW-0964 (Secreted);KW-0720 (Serine protease);KW-0800 (Toxin),Viperidae,Protobothrops,,Beta-fibrinogenase jerdofibrase,VSPJF_PROJR
P0DP16,O2 superfamily|IC,,,KW-0027 (Amidation);KW-0208 (D-amino acid);KW-0903 (Direct protein sequencing);KW-1015 (Disulfide bond);KW-0379 (Hydroxylation);KW-0872 (Ion channel impairing toxin);KW-0528 (Neurotoxin);KW-0964 (Secreted);KW-0732 (Signal);KW-0800 (Toxin),Conidae,Conus,,Contryphan-C,COWA_CONCB
P0DPG5,neurotoxin 10 (Hwtx-1) family|IC,,,KW-0027 (Amidation);KW-0903 (Direct protein sequencing);KW-1015 (Disulfide bond);KW-0872 (Ion channel impairing toxin);KW-0960 (Knottin);KW-0528 (Neurotoxin);KW-0964 (Secreted);KW-0800 (Toxin);KW-0738 (Voltage-gated sodium channel impairing toxin),Theraphosidae,Augacephalus,,Mu-theraphotoxin-Ae1a,TX1A_AUGEZ
P0DPL9,conotoxin A superfamily|IC,PF07365 (Toxin_8)|64.3,,KW-0008 (Acetylcholine receptor inhibiting toxin);KW-1015 (Disulfide bond);KW-1213 (G-protein coupled receptor impairing toxin);KW-0379 (Hydroxylation);KW-0528 (Neurotoxin);KW-0629 (Postsynaptic neurotoxin);KW-0964 (Secreted);KW-0732 (Signal);KW-0800 (Toxin),Conidae,Conus,,Alpha-conotoxin-like Tx1.2,CA1Z_CONTE
P0DQH8,FARP (FMRFamide related peptide) family|IC,,,KW-0008 (Acetylcholine receptor inhibiting toxin);KW-0027 (Amidation);KW-0903 (Direct protein sequencing);KW-0872 (Ion channel impairing toxin);KW-0528 (Neurotoxin);KW-0629 (Postsynaptic neurotoxin);KW-1275 (Proton-gated sodium channel impairing toxin);KW-0964 (Secreted);KW-0800 (Toxin),Conidae,Conus,,Conorfamide-As2,CRF2_CONCF
P0DQP6,phospholipase A2 family|IC,PF00068 (Phospholip_A2_1)|43.7,CL0629 (PLA2),KW-0106 (Calcium);KW-0903 (Direct protein sequencing);KW-1015 (Disulfide bond);KW-0378 (Hydrolase);KW-0442 (Lipid degradation);KW-0443 (Lipid metabolism);KW-0479 (Metal-binding);KW-0959 (Myotoxin);KW-0964 (Secreted);KW-0800 (Toxin),Viperidae,Cerrophidion,,Basic phospholipase A2,PA21_CERGO
P0DQV4,neurotoxin 10 (Hwtx-1) family|IC,,,KW-1015 (Disulfide bond);KW-0872 (Ion channel impairing toxin);KW-0960 (Knottin);KW-0528 (Neurotoxin);KW-0632 (Potassium channel impairing toxin);KW-0964 (Secreted);KW-0732 (Signal);KW-0800 (Toxin);KW-1220 (Voltage-gated potassium channel impairing toxin);KW-0738 (Voltage-gated sodium channel impairing toxin),Theraphosidae,Pelinobius,,Delta/kappa-theraphotoxin-Pm1a,TX1A_PELMU
P0DRA0,MCD family|IC,,,KW-0027 (Amidation);KW-0044 (Antibiotic);KW-0929 (Antimicrobial);KW-0903 (Direct protein sequencing);KW-0295 (Fungicide);KW-1213 (G-protein coupled receptor impairing toxin);KW-0391 (Immunity);KW-0399 (Innate immunity);KW-0677 (Repeat);KW-0964 (Secreted);KW-0732 (Signal);KW-0800 (Toxin),Vespidae,Vespa,,Vespid chemotactic peptide VT1,VCP1_VESTR
P0DTS8,phospholipase A2 family|IC,PF00068 (Phospholip_A2_1)|113.5,CL0629 (PLA2),KW-0002 (3D-structure);KW-0903 (Direct protein sequencing);KW-1015 (Disulfide bond);KW-0959 (Myotoxin);KW-0964 (Secreted);KW-0800 (Toxin),Viperidae,Bothrops,,Basic phospholipase A2 homolog 2,PA2H2_BOTBZ
P0DUC2,neurotoxin 10 (Hwtx-1) family|IC,PF07740 (Toxin_12)|31.0,CL0083 (Omega_toxin),KW-0027 (Amidation);KW-0108 (Calcium channel impairing toxin);KW-0903 (Direct protein sequencing);KW-1015 (Disulfide bond);KW-0872 (Ion channel impairing toxin);KW-0960 (Knottin);KW-0528 (Neurotoxin);KW-0964 (Secreted);KW-0800 (Toxin);KW-1218 (Voltage-gated calcium channel impairing toxin);KW-0738 (Voltage-gated sodium channel impairing toxin),Theraphosidae,Monocentropus,,Mu/omega-theraphotoxin-Mb1b,TX1B_MONBA
P0DUT6,limacoditoxin-59 family|IC,,,KW-0027 (Amidation);KW-0165 (Cleavage on pair of basic residues);KW-0903 (Direct protein sequencing);KW-0677 (Repeat);KW-0964 (Secreted);KW-0732 (Signal);KW-0800 (Toxin),Limacodidae,Doratifera,,U-limacoditoxin(59)-Dv128,U5928_DORVU
P0DV96,neurotoxin 10 (Hwtx-1) family|IC,,,KW-0027 (Amidation);KW-0903 (Direct protein sequencing);KW-1015 (Disulfide bond);KW-0872 (Ion channel impairing toxin);KW-0960 (Knottin);KW-0528 (Neurotoxin);KW-0964 (Secreted);KW-0732 (Signal);KW-0800 (Toxin);KW-0738 (Voltage-gated sodium channel impairing toxin),Sparassidae,Heteropoda,,Mu-Sparatoxin-Hp2,TX2_HETPN
P10593,ribosome-inactivating protein family|IC,PF00161 (RIP)|166.1,,KW-0963 (Cytoplasm);KW-0378 (Hydrolase);KW-0611 (Plant defense);KW-0652 (Protein synthesis inhibitor);KW-1185 (Reference proteome);KW-0800 (Toxin),Poaceae,Zea,O6,Albumin b-32,ALB3_MAIZE
P13494,neurotoxin 06 (delta-actx) family|IC,PF05353 (Atracotoxin)|90.2,CL0083 (Omega_toxin),KW-0002 (3D-structure);KW-0903 (Direct protein sequencing);KW-1015 (Disulfide bond);KW-0872 (Ion channel impairing toxin);KW-0960 (Knottin);KW-0528 (Neurotoxin);KW-0964 (Secreted);KW-0800 (Toxin);KW-0738 (Voltage-gated sodium channel impairing toxin),Hexathelidae,Hadronyche,,Delta-hexatoxin-Hv1a,D1A_HADVE
P15471,conotoxin A superfamily|IC,PF07365 (Toxin_8)|66.6,,KW-0002 (3D-structure);KW-0008 (Acetylcholine receptor inhibiting toxin);KW-0027 (Amidation);KW-0903 (Direct protein sequencing);KW-1015 (Disulfide bond);KW-0872 (Ion channel impairing toxin);KW-0528 (Neurotoxin);KW-0629 (Postsynaptic neurotoxin);KW-0964 (Secreted);KW-0732 (Signal);KW-0800 (Toxin),Conidae,Conus,,Alpha-conotoxin SI,CA1_CONST
P17684,conotoxin B superfamily|IC,PF10550 (Toxin_36)|30.3,,KW-0002 (3D-structure);KW-0027 (Amidation);KW-0106 (Calcium);KW-0903 (Direct protein sequencing);KW-0301 (Gamma-carboxyglutamic acid);KW-0872 (Ion channel impairing toxin);KW-1028 (Ionotropic glutamate receptor inhibitor);KW-0460 (Magnesium);KW-0479 (Metal-binding);KW-0528 (Neurotoxin);KW-0582 (Pharmaceutical);KW-0629 (Postsynaptic neurotoxin);KW-0964 (Secreted);KW-0800 (Toxin),Conidae,Conus,,Conantokin-T,CKT_CONTU
P18926,long (4 C-C) scorpion toxin superfamily|IC,PF00537 (Toxin_3)|33.6,CL0054 (Knottin_1),KW-0027 (Amidation);KW-0903 (Direct protein sequencing);KW-1015 (Disulfide bond);KW-0872 (Ion channel impairing toxin);KW-0528 (Neurotoxin);KW-0964 (Secreted);KW-0732 (Signal);KW-0800 (Toxin);KW-0738 (Voltage-gated sodium channel impairing toxin),Buthidae,Centruroides,,Beta-toxin Ct1a,SCX1A_CENTE
P20258,phospholipase A2 family|IC,PF00068 (Phospholip_A2_1)|121.2,CL0629 (PLA2),KW-0106 (Calcium);KW-0903 (Direct protein sequencing);KW-1015 (Disulfide bond);KW-0378 (Hydrolase);KW-0442 (Lipid degradation);KW-0443 (Lipid metabolism);KW-0479 (Metal-binding);KW-0964 (Secreted);KW-0800 (Toxin),Elapidae,Pseudechis,,Basic phospholipase A2 pseudexin A chain,PA2BA_PSEPO
P22028,venom metalloproteinase (M12B) family|IC,,,KW-0106 (Calcium);KW-1217 (Cell adhesion impairing toxin);KW-0903 (Direct protein sequencing);KW-1015 (Disulfide bond);KW-1199 (Hemostasis impairing toxin);KW-0378 (Hydrolase);KW-0479 (Metal-binding);KW-1202 (Platelet aggregation activating toxin);KW-0964 (Secreted);KW-0800 (Toxin);KW-0862 (Zinc),Viperidae,Bothrops,,Zinc metalloproteinase-disintegrin-like botrocetin,VM3B_BOTJA
P23027,phospholipase A2 family|IC,PF00068 (Phospholip_A2_1)|103.4,CL0629 (PLA2),KW-0903 (Direct protein sequencing);KW-1015 (Disulfide bond);KW-0528 (Neurotoxin);KW-0638 (Presynaptic neurotoxin);KW-1185 (Reference proteome);KW-0964 (Secreted);KW-0800 (Toxin),Elapidae,Pseudonaja,,Basic phospholipase A2 homolog textilotoxin B chain,PA2HB_PSETE
P23604,peptidase S1 family|SAM,PF00089 (Trypsin)|148.9,CL0124 (Peptidase_PA),KW-0903 (Direct protein sequencing);KW-1015 (Disulfide bond);KW-1205 (Fibrinolytic toxin);KW-1199 (Hemostasis impairing toxin);KW-0378 (Hydrolase);KW-0645 (Protease);KW-0964 (Secreted);KW-0720 (Serine protease);KW-0800 (Toxin),Saturniidae,Lonomia,,Achelase-1,ACH1_LONAC
P23806,snaclec family|IC,PF00059 (Lectin_C)|63.3,CL0056 (C_Lectin),KW-0002 (3D-structure);KW-1203 (Blood coagulation cascade inhibiting toxin);KW-0106 (Calcium);KW-0903 (Direct protein sequencing);KW-1015 (Disulfide bond);KW-1199 (Hemostasis impairing toxin);KW-0479 (Metal-binding);KW-0964 (Secreted);KW-0732 (Signal);KW-0800 (Toxin),Viperidae,Protobothrops,,Snaclec coagulation factor IX/factor X-binding protein subunit A,SL9A_PROFL
P26324,peptidase S1 family|SAM,PF00089 (Trypsin)|176.0,CL0124 (Peptidase_PA),KW-1203 (Blood coagulation cascade inhibiting toxin);KW-0903 (Direct protein sequencing);KW-1015 (Disulfide bond);KW-0325 (Glycoprotein);KW-1199 (Hemostasis impairing toxin);KW-0378 (Hydrolase);KW-0582 (Pharmaceutical);KW-0645 (Protease);KW-0964 (Secreted);KW-0720 (Serine protease);KW-0800 (Toxin),Viperidae,Calloselasma,,Thrombin-like enzyme ancrod,VSPF1_CALRH
P30811,phospholipase A2 family|IC,PF00068 (Phospholip_A2_1)|112.8,CL0629 (PLA2),KW-0903 (Direct protein sequencing);KW-1015 (Disulfide bond);KW-0528 (Neurotoxin);KW-0638 (Presynaptic neurotoxin);KW-1185 (Reference proteome);KW-0964 (Secreted);KW-0732 (Signal);KW-0800 (Toxin),Elapidae,Pseudonaja,,Acidic phospholipase A2 homolog textilotoxin C chain,PA2HC_PSETE
P31351,bradykinin-potentiating peptide family|IC,,,KW-0903 (Direct protein sequencing);KW-0382 (Hypotensive agent);KW-0481 (Metalloenzyme inhibitor);KW-0483 (Metalloprotease inhibitor);KW-0646 (Protease inhibitor);KW-0873 (Pyrrolidone carboxylic acid);KW-0964 (Secreted);KW-0800 (Toxin),Viperidae,Vipera,,Bradykinin-potentiating peptide,BPP_VIPAS
P33185,ribosome-inactivating protein family|IC,PF00161 (RIP)|127.6,,KW-0002 (3D-structure);KW-0903 (Direct protein sequencing);KW-0325 (Glycoprotein);KW-0378 (Hydrolase);KW-0611 (Plant defense);KW-0652 (Protein synthesis inhibitor);KW-0732 (Signal);KW-0800 (Toxin),Cucurbitaceae,Bryonia,,Ribosome-inactivating protein bryodin I,RIP1_BRYDI
P33588,peptidase S1 family|SAM,,,KW-1203 (Blood coagulation cascade inhibiting toxin);KW-0903 (Direct protein sequencing);KW-0325 (Glycoprotein);KW-1199 (Hemostasis impairing toxin);KW-0378 (Hydrolase);KW-0645 (Protease);KW-0964 (Secreted);KW-0720 (Serine protease);KW-0800 (Toxin),Viperidae,Agkistrodon,,Protein C activator,VSPCA_AGKBI
P37300,conotoxin O1 superfamily|IC,,,KW-0002 (3D-structure);KW-0027 (Amidation);KW-0108 (Calcium channel impairing toxin);KW-1015 (Disulfide bond);KW-0872 (Ion channel impairing toxin);KW-0960 (Knottin);KW-0528 (Neurotoxin);KW-0638 (Presynaptic neurotoxin);KW-0964 (Secreted);KW-0800 (Toxin);KW-1218 (Voltage-gated calcium channel impairing toxin),Conidae,Conus,,Omega-conotoxin MVIIC,O17C_CONMA
P43685,peptidase S1 family|SAM,PF00089 (Trypsin)|194.8,CL0124 (Peptidase_PA),KW-0903 (Direct protein sequencing);KW-1015 (Disulfide bond);KW-0325 (Glycoprotein);KW-0378 (Hydrolase);KW-0645 (Protease);KW-0964 (Secreted);KW-0720 (Serine protease);KW-0800 (Toxin),Helodermatidae,Heloderma,,Gilatoxin,GILX_HELHO
P45663,long (4 C-C) scorpion toxin superfamily|IC,PF00537 (Toxin_3)|42.3,CL0054 (Knottin_1),KW-0002 (3D-structure);KW-0165 (Cleavage on pair of basic residues);KW-0903 (Direct protein sequencing);KW-1015 (Disulfide bond);KW-0872 (Ion channel impairing toxin);KW-0528 (Neurotoxin);KW-0964 (Secreted);KW-0732 (Signal);KW-0800 (Toxin);KW-0738 (Voltage-gated sodium channel impairing toxin),Buthidae,Centruroides,,Beta-toxin Cn5,SCX5_CENNO
P49344,ectatomin family|IC,PF06457 (Ectatomin)|82.1,,KW-0002 (3D-structure);KW-0108 (Calcium channel impairing toxin);KW-0903 (Direct protein sequencing);KW-1015 (Disulfide bond);KW-0407 (Ion channel);KW-0872 (Ion channel impairing toxin);KW-0406 (Ion transport);KW-0472 (Membrane);KW-0964 (Secreted);KW-1052 (Target cell membrane);KW-1053 (Target membrane);KW-0800 (Toxin);KW-0813 (Transport);KW-1218 (Voltage-gated calcium channel impairing toxin),Formicidae,Ectatomma,,Omega/M-ectatotoxin-Et1a subunit B,TX1AB_ECTTU
P56640,conotoxin A superfamily|IC,PF07365 (Toxin_8)|67.8,,KW-0002 (3D-structure);KW-0008 (Acetylcholine receptor inhibiting toxin);KW-0027 (Amidation);KW-0903 (Direct protein sequencing);KW-1015 (Disulfide bond);KW-0872 (Ion channel impairing toxin);KW-0528 (Neurotoxin);KW-0629 (Postsynaptic neurotoxin);KW-0964 (Secreted);KW-0732 (Signal);KW-0800 (Toxin),Conidae,Conus,,Alpha-conotoxin AuIB,CA1B_CONAL
P58427,neurotoxin 10 (Hwtx-1) family|IC,PF07740 (Toxin_12)|32.5,CL0083 (Omega_toxin),KW-0027 (Amidation);KW-0108 (Calcium channel impairing toxin);KW-0903 (Direct protein sequencing);KW-1015 (Disulfide bond);KW-0872 (Ion channel impairing toxin);KW-0960 (Knottin);KW-0528 (Neurotoxin);KW-0632 (Potassium channel impairing toxin);KW-0964 (Secreted);KW-0800 (Toxin);KW-1220 (Voltage-gated potassium channel impairing toxin),Sparassidae,Heteropoda,,Kappa-sparatoxin-Hv1c,TXHP3_HETVE
P58917,conotoxin O1 superfamily|IC,PF02950 (Conotoxin)|57.4,CL0083 (Omega_toxin),KW-0027 (Amidation);KW-0108 (Calcium channel impairing toxin);KW-0903 (Direct protein sequencing);KW-1015 (Disulfide bond);KW-0872 (Ion channel impairing toxin);KW-0960 (Knottin);KW-0528 (Neurotoxin);KW-0638 (Presynaptic neurotoxin);KW-0964 (Secreted);KW-0732 (Signal);KW-0800 (Toxin);KW-1218 (Voltage-gated calcium channel impairing toxin),Conidae,Conus,,Omega-conotoxin CVIA,O16A_CONCT
P59067,phospholipase A2 family|IC,PF00068 (Phospholip_A2_1)|72.4,CL0629 (PLA2),KW-0106 (Calcium);KW-0903 (Direct protein sequencing);KW-1015 (Disulfide bond);KW-1199 (Hemostasis impairing toxin);KW-0378 (Hydrolase);KW-0442 (Lipid degradation);KW-0443 (Lipid metabolism);KW-0479 (Metal-binding);KW-1201 (Platelet aggregation inhibiting toxin);KW-0964 (Secreted);KW-0800 (Toxin),Elapidae,Austrelaps,,Phospholipase A2 superbin a,PA2SA_AUSSU
P59847,short scorpion toxin superfamily|IC,PF00451 (Toxin_2)|56.1,CL0054 (Knottin_1),KW-0002 (3D-structure);KW-0903 (Direct protein sequencing);KW-1015 (Disulfide bond);KW-0872 (Ion channel impairing toxin);KW-0528 (Neurotoxin);KW-0632 (Potassium channel impairing toxin);KW-0964 (Secreted);KW-0800 (Toxin);KW-1220 (Voltage-gated potassium channel impairing toxin),Buthidae,Centruroides,,Potassium channel toxin alpha-KTx 2.5,KAX25_CENLM
P59938,short scorpion toxin superfamily|IC,PF00451 (Toxin_2)|44.7,CL0054 (Knottin_1),KW-0002 (3D-structure);KW-0903 (Direct protein sequencing);KW-1015 (Disulfide bond);KW-0872 (Ion channel impairing toxin);KW-0528 (Neurotoxin);KW-0632 (Potassium channel impairing toxin);KW-0964 (Secreted);KW-0732 (Signal);KW-0800 (Toxin);KW-1220 (Voltage-gated potassium channel impairing toxin),Buthidae,Olivierus,,Potassium channel toxin gamma-KTx 2.2,KGX22_OLIMR
P60210,short scorpion toxin superfamily|IC,PF00451 (Toxin_2)|55.2,CL0054 (Knottin_1),KW-0903 (Direct protein sequencing);KW-1015 (Disulfide bond);KW-0872 (Ion channel impairing toxin);KW-0528 (Neurotoxin);KW-0632 (Potassium channel impairing toxin);KW-0964 (Secreted);KW-0800 (Toxin);KW-1220 (Voltage-gated potassium channel impairing toxin),Buthidae,Tityus,,Potassium channel toxin alpha-KTx 4.4,KAX44_TITOB
P60275,long (4 C-C) scorpion toxin superfamily|IC,PF00537 (Toxin_3)|65.0,CL0054 (Knottin_1),KW-0903 (Direct protein sequencing);KW-1015 (Disulfide bond);KW-0872 (Ion channel impairing toxin);KW-0528 (Neurotoxin);KW-0964 (Secreted);KW-0800 (Toxin);KW-0738 (Voltage-gated sodium channel impairing toxin),Buthidae,Tityus,,Insect toxin TbIT-1,SCXI_TITBA
P60976,neurotoxin 13 (insecticidal toxin ABC) family|IC,PF08091 (Toxin_21)|78.9,CL0083 (Omega_toxin),KW-0165 (Cleavage on pair of basic residues);KW-0903 (Direct protein sequencing);KW-1015 (Disulfide bond);KW-0960 (Knottin);KW-0964 (Secreted);KW-0732 (Signal);KW-0800 (Toxin),Nemesiidae,Calisoga,,U1-nemetoxin-Csp1a,CALA_CALS5
P61899,NGF-beta family|IC,PF00243 (NGF)|151.0,CL0079 (Cystine-knot),KW-0903 (Direct protein sequencing);KW-1015 (Disulfide bond);KW-0339 (Growth factor);KW-0446 (Lipid-binding);KW-0481 (Metalloenzyme inhibitor);KW-0483 (Metalloprotease inhibitor);KW-0646 (Protease inhibitor);KW-0964 (Secreted);KW-0800 (Toxin),Elapidae,Naja,,Venom nerve growth factor,NGFV_NAJKA
P68411,long (4 C-C) scorpion toxin superfamily|IC,PF00537 (Toxin_3)|55.0,CL0054 (Knottin_1),KW-0027 (Amidation);KW-0903 (Direct protein sequencing);KW-1015 (Disulfide bond);KW-0872 (Ion channel impairing toxin);KW-0528 (Neurotoxin);KW-0964 (Secreted);KW-0800 (Toxin);KW-0738 (Voltage-gated sodium channel impairing toxin),Buthidae,Tityus,,Toxin Tst2,SCX2_TITST
P68520,venom metalloproteinase (M12B) family|IC,PF00200 (Disintegrin)|61.3,,KW-1217 (Cell adhesion impairing toxin);KW-0903 (Direct protein sequencing);KW-1015 (Disulfide bond);KW-1199 (Hemostasis impairing toxin);KW-1201 (Platelet aggregation inhibiting toxin);KW-0964 (Secreted);KW-0800 (Toxin),Viperidae,Crotalus,,Disintegrin crotatroxin,VM2IC_CROAT
P69746,conotoxin A superfamily|IC,,,KW-0008 (Acetylcholine receptor inhibiting toxin);KW-0027 (Amidation);KW-0903 (Direct protein sequencing);KW-1015 (Disulfide bond);KW-0379 (Hydroxylation);KW-0872 (Ion channel impairing toxin);KW-0528 (Neurotoxin);KW-0629 (Postsynaptic neurotoxin);KW-0964 (Secreted);KW-0800 (Toxin),Conidae,Conus,,Alpha-conotoxin OIVA,CA4A_CONOB
P81824,peptidase S1 family|SAM,PF00089 (Trypsin)|202.9,CL0124 (Peptidase_PA),KW-0903 (Direct protein sequencing);KW-1015 (Disulfide bond);KW-0325 (Glycoprotein);KW-1199 (Hemostasis impairing toxin);KW-0378 (Hydrolase);KW-1202 (Platelet aggregation activating toxin);KW-0645 (Protease);KW-0964 (Secreted);KW-0720 (Serine protease);KW-0800 (Toxin),Viperidae,Bothrops,,Platelet-aggregating proteinase PA-BJ,VSP1_BOTJA
P81882,peptidase S1 family|SAM,,,KW-1204 (Blood coagulation cascade activating toxin);KW-0903 (Direct protein sequencing);KW-0325 (Glycoprotein);KW-1199 (Hemostasis impairing toxin);KW-0378 (Hydrolase);KW-0645 (Protease);KW-0964 (Secreted);KW-0720 (Serine protease);KW-0800 (Toxin),Viperidae,Bothrops,,Thrombin-like enzyme TL-BJ 1,VSPT1_BOTJA
P82950,phospholipase A2 family|IC,PF00068 (Phospholip_A2_1)|109.2,CL0629 (PLA2),KW-0002 (3D-structure);KW-0204 (Cytolysis);KW-0903 (Direct protein sequencing);KW-1015 (Disulfide bond);KW-0959 (Myotoxin);KW-0964 (Secreted);KW-0800 (Toxin),Viperidae,Metlapilcoatlus,,Basic phospholipase A2 homolog,PA2HB_METNM
P83400,short scorpion toxin superfamily|SAM,PF05294 (Toxin_5)|65.2,CL0054 (Knottin_1),KW-1265 (Chloride channel impairing toxin);KW-0903 (Direct protein sequencing);KW-1015 (Disulfide bond);KW-0872 (Ion channel impairing toxin);KW-0960 (Knottin);KW-0528 (Neurotoxin);KW-0632 (Potassium channel impairing toxin);KW-0964 (Secreted);KW-0732 (Signal);KW-0800 (Toxin);KW-0870 (Voltage-gated chloride channel impairing toxin);KW-1220 (Voltage-gated potassium channel impairing toxin),Buthidae,Mesobuthus,,Neurotoxin BtITx3,CTXL3_HOTTA
P83974,neurotoxin 10 (Hwtx-1) family|IC,,,KW-0903 (Direct protein sequencing);KW-1015 (Disulfide bond);KW-0872 (Ion channel impairing toxin);KW-0960 (Knottin);KW-0528 (Neurotoxin);KW-0629 (Postsynaptic neurotoxin);KW-0632 (Potassium channel impairing toxin);KW-0638 (Presynaptic neurotoxin);KW-0964 (Secreted);KW-0732 (Signal);KW-0800 (Toxin);KW-1220 (Voltage-gated potassium channel impairing toxin);KW-0738 (Voltage-gated sodium channel impairing toxin),Theraphosidae,Chilobrachys,,Delta-theraphotoxin-Cg1a 1,JZT1A_CHIGU
P84037,snaclec family|IC,,,KW-0106 (Calcium);KW-1217 (Cell adhesion impairing toxin);KW-0903 (Direct protein sequencing);KW-1015 (Disulfide bond);KW-0325 (Glycoprotein);KW-1199 (Hemostasis impairing toxin);KW-1201 (Platelet aggregation inhibiting toxin);KW-0964 (Secreted);KW-0800 (Toxin),Viperidae,Macrovipera,,Snaclec lebecetin subunit beta,SLB_MACLB
P84038,snaclec family|IC,,,KW-0106 (Calcium);KW-1217 (Cell adhesion impairing toxin);KW-0903 (Direct protein sequencing);KW-1015 (Disulfide bond);KW-0325 (Glycoprotein);KW-1199 (Hemostasis impairing toxin);KW-1201 (Platelet aggregation inhibiting toxin);KW-0964 (Secreted);KW-0800 (Toxin),Viperidae,Macrovipera,,Snaclec lebecetin subunit alpha,SLA_MACLB
P84397,phospholipase A2 family|IC,PF00068 (Phospholip_A2_1)|57.1,CL0629 (PLA2),KW-0106 (Calcium);KW-0903 (Direct protein sequencing);KW-1015 (Disulfide bond);KW-0378 (Hydrolase);KW-0442 (Lipid degradation);KW-0443 (Lipid metabolism);KW-0479 (Metal-binding);KW-0964 (Secreted);KW-0800 (Toxin),Viperidae,Bothrops,,Acidic phospholipase A2 2,PA2A2_BOTIN
P84509,neurotoxin 10 (Hwtx-1) family|IC,PF07740 (Toxin_12)|28.4,CL0083 (Omega_toxin),KW-0027 (Amidation);KW-0903 (Direct protein sequencing);KW-1015 (Disulfide bond);KW-0872 (Ion channel impairing toxin);KW-0960 (Knottin);KW-0528 (Neurotoxin);KW-0964 (Secreted);KW-0800 (Toxin);KW-0738 (Voltage-gated sodium channel impairing toxin),Theraphosidae,Ceratogyrus,,Beta-theraphotoxin-Cm2a,TX3_CERMR
P84700,conophan family|IC,,,KW-0208 (D-amino acid);KW-0903 (Direct protein sequencing);KW-0379 (Hydroxylation);KW-0528 (Neurotoxin);KW-0964 (Secreted);KW-0800 (Toxin),Conidae,Conus,,Conophan gld-V,CONO_CONGA
P84786,ribosome-inactivating protein family|EXP,PF00161 (RIP)|118.9,,KW-0002 (3D-structure);KW-0903 (Direct protein sequencing);KW-1015 (Disulfide bond);KW-0378 (Hydrolase);KW-0611 (Plant defense);KW-0652 (Protein synthesis inhibitor);KW-0800 (Toxin),Hyacinthaceae,Squilla,,Ribosome-inactivating protein charybdin,RIP_DRIMA
P85208,ribosome-inactivating protein family|SAM,PF00161 (RIP)|107.5,,KW-0903 (Direct protein sequencing);KW-1015 (Disulfide bond);KW-0333 (Golgi apparatus);KW-0378 (Hydrolase);KW-0611 (Plant defense);KW-0652 (Protein synthesis inhibitor);KW-0964 (Secreted);KW-0800 (Toxin);KW-0926 (Vacuole),Phytolaccaceae,Phytolacca,,Dioicin-2,RIPD2_PHYDI
P85421,MSDIN fungal toxin family|IC,,,KW-0002 (3D-structure);KW-0903 (Direct protein sequencing);KW-0379 (Hydroxylation);KW-0883 (Thioether bond);KW-0800 (Toxin),Amanitaceae,Amanita,,Alpha-amanitin proprotein,AAMAT_AMAPH
P86110,short scorpion toxin superfamily|IC,,,KW-0903 (Direct protein sequencing);KW-1015 (Disulfide bond);KW-0872 (Ion channel impairing toxin);KW-0528 (Neurotoxin);KW-0632 (Potassium channel impairing toxin);KW-0964 (Secreted);KW-0732 (Signal);KW-0800 (Toxin);KW-1220 (Voltage-gated potassium channel impairing toxin),Hemiscorpiidae,Opisthacanthus,,Potassium channel toxin kappa-KTx 2.5,KKX25_OPICY
P86404,long (4 C-C) scorpion toxin superfamily|SAM,PF00537 (Toxin_3)|80.0,CL0054 (Knottin_1),KW-0903 (Direct protein sequencing);KW-1015 (Disulfide bond);KW-0872 (Ion channel impairing toxin);KW-0528 (Neurotoxin);KW-0964 (Secreted);KW-0732 (Signal);KW-0800 (Toxin);KW-0738 (Voltage-gated sodium channel impairing toxin),Buthidae,Mesobuthus,,Sodium channel neurotoxin MeuNaTxalpha-4,SCXN4_MESEU
P86525,phospholipase A2 family|SAM,,,KW-0903 (Direct protein sequencing);KW-1015 (Disulfide bond);KW-0528 (Neurotoxin);KW-0638 (Presynaptic neurotoxin);KW-0964 (Secreted);KW-0800 (Toxin),Elapidae,Acanthophis,,Phospholipase A2 homolog P-elapitoxin-Aa1a gamma chain,PA2HC_ACAAN
P86718,spiderine family|IC,,,KW-0044 (Antibiotic);KW-0929 (Antimicrobial);KW-0204 (Cytolysis);KW-0903 (Direct protein sequencing);KW-1015 (Disulfide bond);KW-0960 (Knottin);KW-0964 (Secreted);KW-0732 (Signal);KW-0800 (Toxin),Oxyopidae,Oxyopes,,Spiderine-2a,SPN2A_OXYTA
P86834,,,,KW-0903 (Direct protein sequencing);KW-1206 (Fibrinogenolytic toxin);KW-1205 (Fibrinolytic toxin);KW-1199 (Hemostasis impairing toxin);KW-0378 (Hydrolase);KW-0645 (Protease);KW-0720 (Serine protease);KW-0800 (Toxin),Nereididae,Hediste,,Alkaline serine protease NJP,ASPR_HEDJA
Q02517,phospholipase A2 family|IC,PF00068 (Phospholip_A2_1)|122.1,CL0629 (PLA2),KW-0106 (Calcium);KW-1015 (Disulfide bond);KW-0378 (Hydrolase);KW-0442 (Lipid degradation);KW-0443 (Lipid metabolism);KW-0479 (Metal-binding);KW-0964 (Secreted);KW-0732 (Signal);KW-0800 (Toxin),Viperidae,Protobothrops,,Basic phospholipase A2 PL-X',PA2BW_PROFL
Q02989,cationic peptide 01 (latrotoxin) family|IC,PF00023 (Ank)|325.7;PF12796 (Ank_2)|352.2,CL0465 (Ank),KW-0040 (ANK repeat);KW-0165 (Cleavage on pair of basic residues);KW-0903 (Direct protein sequencing);KW-0268 (Exocytosis);KW-0472 (Membrane);KW-0528 (Neurotoxin);KW-0638 (Presynaptic neurotoxin);KW-0677 (Repeat);KW-0964 (Secreted);KW-1052 (Target cell membrane);KW-1053 (Target membrane);KW-0800 (Toxin);KW-0812 (Transmembrane),Theridiidae,Latrodectus,,Alpha-latroinsectotoxin-Lt1a,LITA_LATTR
Q06117,delta endotoxin family|IC,PF00555 (Endotoxin_M)|207.6;PF03944 (Endotoxin_C)|143.1;PF03945 (Endotoxin_N)|97.2,CL0202 (GBD);CL0568 (Man_lectin),KW-0002 (3D-structure);KW-0749 (Sporulation);KW-0800 (Toxin);KW-0843 (Virulence),Bacillaceae,Bacillus,cry3Bb,Pesticidal crystal protein Cry3Bb,CR3BB_BACTU
Q09JW3,,,,KW-0968 (Cytoplasmic vesicle);KW-1015 (Disulfide bond);KW-1199 (Hemostasis impairing toxin);KW-1201 (Platelet aggregation inhibiting toxin);KW-0646 (Protease inhibitor);KW-0964 (Secreted);KW-0722 (Serine protease inhibitor);KW-0732 (Signal);KW-0800 (Toxin),Argasidae,Argas,,Monogrin 2,KUNP2_ARGMO
Q10755,phospholipase A2 family|IC,PF00068 (Phospholip_A2_1)|115.3,CL0629 (PLA2),KW-0106 (Calcium);KW-0903 (Direct protein sequencing);KW-1015 (Disulfide bond);KW-0378 (Hydrolase);KW-0442 (Lipid degradation);KW-0443 (Lipid metabolism);KW-0479 (Metal-binding);KW-0528 (Neurotoxin);KW-0629 (Postsynaptic neurotoxin);KW-0638 (Presynaptic neurotoxin);KW-0964 (Secreted);KW-0800 (Toxin),Viperidae,Vipera,,Basic phospholipase A2 B chain,PA2B_VIPAZ
Q1ELU2,cationic peptide 03 (latarcin) family|IC,PF10279 (Latarcin)|79.4,,KW-0027 (Amidation);KW-0044 (Antibiotic);KW-0929 (Antimicrobial);KW-0903 (Direct protein sequencing);KW-0295 (Fungicide);KW-0964 (Secreted);KW-0732 (Signal);KW-0800 (Toxin),Zodariidae,Lachesana,,M-zodatoxin-Lt3b,LAT3B_LACTA
Q1ELU7,cationic peptide 03 (latarcin) family|IC,PF10279 (Latarcin)|77.7,,KW-0903 (Direct protein sequencing);KW-0873 (Pyrrolidone carboxylic acid);KW-0964 (Secreted);KW-0732 (Signal);KW-0800 (Toxin),Zodariidae,Lachesana,,M-zodatoxin-Lt6a/c,LAT62_LACTA
Q2XXL6,NGF-beta family|IC,PF00243 (NGF)|167.0,CL0079 (Cystine-knot),KW-0165 (Cleavage on pair of basic residues);KW-1015 (Disulfide bond);KW-0325 (Glycoprotein);KW-0339 (Growth factor);KW-0446 (Lipid-binding);KW-0481 (Metalloenzyme inhibitor);KW-0483 (Metalloprotease inhibitor);KW-0646 (Protease inhibitor);KW-0964 (Secreted);KW-0800 (Toxin),Viperidae,Azemiops,,Venom nerve growth factor 1,NGFV1_AZEFE
Q2YHJ4,phospholipase A2 family|IC,PF00068 (Phospholip_A2_1)|99.0,CL0629 (PLA2),KW-0903 (Direct protein sequencing);KW-1015 (Disulfide bond);KW-0959 (Myotoxin);KW-0964 (Secreted);KW-0732 (Signal);KW-0800 (Toxin),Viperidae,Craspedocephalus,,Basic phospholipase A2 homolog Tbo-K49,PA2HB_CRABR
Q2YHJ9,phospholipase A2 family|IC,PF00068 (Phospholip_A2_1)|98.8,CL0629 (PLA2),KW-0903 (Direct protein sequencing);KW-1015 (Disulfide bond);KW-1199 (Hemostasis impairing toxin);KW-0959 (Myotoxin);KW-0964 (Secreted);KW-0732 (Signal);KW-0800 (Toxin),Viperidae,Craspedocephalus,,Basic phospholipase A2 homolog Tpu-K49a,PA2HA_CRAPU
Q3BK13,disintegrin family|IC,PF00200 (Disintegrin)|43.3,,KW-1217 (Cell adhesion impairing toxin);KW-0903 (Direct protein sequencing);KW-1015 (Disulfide bond);KW-1199 (Hemostasis impairing toxin);KW-1201 (Platelet aggregation inhibiting toxin);KW-0964 (Secreted);KW-0732 (Signal);KW-0800 (Toxin),Viperidae,Macrovipera,,Disintegrin lebein-2-alpha,DID2A_MACLB
Q3C256,,,,KW-0027 (Amidation);KW-0165 (Cleavage on pair of basic residues);KW-0903 (Direct protein sequencing);KW-1015 (Disulfide bond);KW-0166 (Nematocyst);KW-0964 (Secreted);KW-0732 (Signal);KW-0800 (Toxin),Actiniidae,Actinia,,U-actitoxin-Aeq6a,ACR2_ACTEQ
Q3HLQ4,phospholipase A2 family|IC,PF00068 (Phospholip_A2_1)|117.7,CL0629 (PLA2),KW-0903 (Direct protein sequencing);KW-1015 (Disulfide bond);KW-0959 (Myotoxin);KW-0964 (Secreted);KW-0732 (Signal);KW-0800 (Toxin),Viperidae,Protobothrops,,Basic phospholipase A2 homolog TM-N49,PA2HB_PROMU
Q3HXX6,NGF-beta family|IC,PF00243 (NGF)|165.1,CL0079 (Cystine-knot),KW-0165 (Cleavage on pair of basic residues);KW-1015 (Disulfide bond);KW-0325 (Glycoprotein);KW-0339 (Growth factor);KW-0446 (Lipid-binding);KW-0481 (Metalloenzyme inhibitor);KW-0483 (Metalloprotease inhibitor);KW-0646 (Protease inhibitor);KW-0964 (Secreted);KW-0732 (Signal);KW-0800 (Toxin),Elapidae,Tropidechis,,Venom nerve growth factor 3,NGFV3_TROCA
Q3HXY5,NGF-beta family|IC,PF00243 (NGF)|150.8,CL0079 (Cystine-knot),KW-0165 (Cleavage on pair of basic residues);KW-1015 (Disulfide bond);KW-0339 (Growth factor);KW-0446 (Lipid-binding);KW-0481 (Metalloenzyme inhibitor);KW-0483 (Metalloprotease inhibitor);KW-0646 (Protease inhibitor);KW-0964 (Secreted);KW-0732 (Signal);KW-0800 (Toxin),Elapidae,Notechis,,Venom nerve growth factor 3,NGFV3_NOTSC
Q3HXZ1,NGF-beta family|IC,PF00243 (NGF)|168.5,CL0079 (Cystine-knot),KW-0165 (Cleavage on pair of basic residues);KW-1015 (Disulfide bond);KW-0325 (Glycoprotein);KW-0339 (Growth factor);KW-0446 (Lipid-binding);KW-0481 (Metalloenzyme inhibitor);KW-0483 (Metalloprotease inhibitor);KW-0646 (Protease inhibitor);KW-0964 (Secreted);KW-0732 (Signal);KW-0800 (Toxin),Elapidae,Oxyuranus,,Venom nerve growth factor 1,NGFV1_OXYMI
Q45757,cry6A endotoxin family|IC,,,KW-0002 (3D-structure);KW-1015 (Disulfide bond);KW-1032 (Host cell membrane);KW-1043 (Host membrane);KW-0472 (Membrane);KW-0964 (Secreted);KW-0749 (Sporulation);KW-0800 (Toxin);KW-0843 (Virulence),Bacillaceae,Bacillus,cry6Aa,Pesticidal crystal protein Cry6Aa,CR6AA_BACTU
Q45Z26,phospholipase A2 family|IC,PF00068 (Phospholip_A2_1)|119.0,CL0629 (PLA2),KW-0106 (Calcium);KW-1015 (Disulfide bond);KW-0378 (Hydrolase);KW-0442 (Lipid degradation);KW-0443 (Lipid metabolism);KW-0479 (Metal-binding);KW-0964 (Secreted);KW-0732 (Signal);KW-0800 (Toxin),Elapidae,Tropidechis,,Acidic phospholipase A2 5,PA2A5_TROCA
Q46150,bacterial zinc-metallophospholipase C family|SAM,PF00882 (Zn_dep_PLPC)|90.2;PF01477 (PLAT)|81.5,CL0321 (PLAT);CL0368 (PhosC-NucP1),KW-0106 (Calcium);KW-0204 (Cytolysis);KW-0354 (Hemolysis);KW-0378 (Hydrolase);KW-0479 (Metal-binding);KW-0964 (Secreted);KW-0732 (Signal);KW-0800 (Toxin);KW-0843 (Virulence);KW-0862 (Zinc),Clostridiaceae,Clostridium,plc,Phospholipase C,PHLC_CLONO
Q4LCS9,long (3 C-C) scorpion toxin superfamily|IC,PF00537 (Toxin_3)|36.0,CL0054 (Knottin_1),KW-0903 (Direct protein sequencing);KW-1015 (Disulfide bond);KW-0872 (Ion channel impairing toxin);KW-0528 (Neurotoxin);KW-0632 (Potassium channel impairing toxin);KW-0964 (Secreted);KW-0732 (Signal);KW-0800 (Toxin);KW-1220 (Voltage-gated potassium channel impairing toxin),Buthidae,Androctonus,,Beta-toxin KAaH2,TXA22_ANDAU
Q4ZFU1,arthropod phospholipase D family|IC,PF13653 (GDPD_2)|43.9,CL0036 (TIM_barrel),KW-0204 (Cytolysis);KW-1061 (Dermonecrotic toxin);KW-1015 (Disulfide bond);KW-0325 (Glycoprotein);KW-0354 (Hemolysis);KW-0442 (Lipid degradation);KW-0443 (Lipid metabolism);KW-0456 (Lyase);KW-0460 (Magnesium);KW-0479 (Metal-binding);KW-0964 (Secreted);KW-0732 (Signal);KW-0800 (Toxin);KW-0865 (Zymogen),Sicariidae,Loxosceles,,Dermonecrotic toxin LarSicTox-alphaIB1ai,A1KA1_LOXAR
Q593B6,multicopper oxidase family|IC,PF00754 (F5_F8_type_C)|188.5;PF07732 (Cu-oxidase_3)|89.3,CL0026 (CU_oxidase);CL0202 (GBD),KW-0002 (3D-structure);KW-0094 (Blood coagulation);KW-0106 (Calcium);KW-0186 (Copper);KW-1015 (Disulfide bond);KW-0325 (Glycoprotein);KW-0356 (Hemostasis);KW-0479 (Metal-binding);KW-0597 (Phosphoprotein);KW-0655 (Prothrombin activator);KW-1185 (Reference proteome);KW-0677 (Repeat);KW-0964 (Secreted);KW-0732 (Signal);KW-0800 (Toxin);KW-0865 (Zymogen),Elapidae,Pseudonaja,F5,Coagulation factor V,FA5_PSETE
Q5YD59,calycin family|IC,,,KW-0002 (3D-structure);KW-1216 (Complement system impairing toxin);KW-0903 (Direct protein sequencing);KW-1015 (Disulfide bond);KW-0582 (Pharmaceutical);KW-0964 (Secreted);KW-0732 (Signal);KW-0800 (Toxin),Argasidae,Ornithodoros,,Complement inhibitor,C5I_ORNMO
Q5ZPJ7,venom Kunitz-type family|IC,PF00014 (Kunitz_BPTI)|66.5,CL0894 (BPTI),KW-0002 (3D-structure);KW-0903 (Direct protein sequencing);KW-1015 (Disulfide bond);KW-1213 (G-protein coupled receptor impairing toxin);KW-0325 (Glycoprotein);KW-0646 (Protease inhibitor);KW-0964 (Secreted);KW-0722 (Serine protease inhibitor);KW-0732 (Signal);KW-0800 (Toxin),Elapidae,Naja,,Kunitz-type serine protease inhibitor NACI,VKT_NAJAT
Q66S03,true venom lectin family|IC,PF00059 (Lectin_C)|73.6,CL0056 (C_Lectin),KW-0106 (Calcium);KW-0165 (Cleavage on pair of basic residues);KW-0903 (Direct protein sequencing);KW-1015 (Disulfide bond);KW-0348 (Hemagglutinin);KW-0395 (Inflammatory response);KW-0430 (Lectin);KW-0479 (Metal-binding);KW-0964 (Secreted);KW-0732 (Signal);KW-0800 (Toxin),Batrachoididae,Thalassophryne,,Galactose-specific lectin nattectin,LECG_THANI
Q6H3C9,phospholipase A2 family|IC,PF00068 (Phospholip_A2_1)|109.2,CL0629 (PLA2),KW-0106 (Calcium);KW-0903 (Direct protein sequencing);KW-1015 (Disulfide bond);KW-1199 (Hemostasis impairing toxin);KW-0378 (Hydrolase);KW-0442 (Lipid degradation);KW-0443 (Lipid metabolism);KW-0479 (Metal-binding);KW-1201 (Platelet aggregation inhibiting toxin);KW-0964 (Secreted);KW-0732 (Signal);KW-0800 (Toxin),Viperidae,Trimeresurus,,Acidic phospholipase A2 Ts-A3,PA2AC_TRIST
Q6H3D1,phospholipase A2 family|IC,PF00068 (Phospholip_A2_1)|101.3,CL0629 (PLA2),KW-1203 (Blood coagulation cascade inhibiting toxin);KW-0903 (Direct protein sequencing);KW-1015 (Disulfide bond);KW-1199 (Hemostasis impairing toxin);KW-0959 (Myotoxin);KW-0964 (Secreted);KW-0800 (Toxin),Viperidae,Trimeresurus,,Basic phospholipase A2 homolog CTs-K49b,PA2HJ_TRIST
Q6H3D2,phospholipase A2 family|IC,PF00068 (Phospholip_A2_1)|93.6,CL0629 (PLA2),KW-1203 (Blood coagulation cascade inhibiting toxin);KW-0903 (Direct protein sequencing);KW-1015 (Disulfide bond);KW-1199 (Hemostasis impairing toxin);KW-0959 (Myotoxin);KW-0964 (Secreted);KW-0732 (Signal);KW-0800 (Toxin),Viperidae,Trimeresurus,,Basic phospholipase A2 homolog Ts-K49b,PA2HF_TRIST
Q7M1L6,ribosome-inactivating protein family|IC,PF00161 (RIP)|79.7,,KW-0903 (Direct protein sequencing);KW-0378 (Hydrolase);KW-0611 (Plant defense);KW-0652 (Protein synthesis inhibitor);KW-0800 (Toxin),Caryophyllaceae,Gypsophila,,rRNA N-glycosylase sapovaccarin-S1,RIP1_GYPVA
Q7T2I5,three-finger toxin family|IC,PF21947 (Toxin_cobra-type)|51.8,CL0117 (uPAR_Ly6_toxin),KW-0002 (3D-structure);KW-0008 (Acetylcholine receptor inhibiting toxin);KW-0903 (Direct protein sequencing);KW-1015 (Disulfide bond);KW-0872 (Ion channel impairing toxin);KW-0528 (Neurotoxin);KW-0629 (Postsynaptic neurotoxin);KW-0964 (Secreted);KW-0732 (Signal);KW-0800 (Toxin),Elapidae,Laticauda,,Erabutoxin c,3S1EC_LATSE
Q7Z096,conotoxin I1 superfamily|IC,PF08088 (Toxin_19)|78.2,CL0083 (Omega_toxin),KW-0165 (Cleavage on pair of basic residues);KW-0208 (D-amino acid);KW-0903 (Direct protein sequencing);KW-1015 (Disulfide bond);KW-0379 (Hydroxylation);KW-0872 (Ion channel impairing toxin);KW-0528 (Neurotoxin);KW-0964 (Secreted);KW-0732 (Signal);KW-0800 (Toxin);KW-0738 (Voltage-gated sodium channel impairing toxin),Conidae,Conus,,Iota-conotoxin-like r11c,I1BC_CONRA
Q82028,rotavirus NSP4 family|SAM,PF01452 (Rota_NSP4)|348.0,,KW-1072 (Activation of host autophagy by virus);KW-0106 (Calcium);KW-0260 (Enterotoxin);KW-0325 (Glycoprotein);KW-1038 (Host endoplasmic reticulum);KW-1043 (Host membrane);KW-0945 (Host-virus interaction);KW-0407 (Ion channel);KW-0406 (Ion transport);KW-0472 (Membrane);KW-0479 (Metal-binding);KW-0964 (Secreted);KW-0735 (Signal-anchor);KW-0800 (Toxin);KW-0812 (Transmembrane);KW-1133 (Transmembrane helix);KW-0813 (Transport);KW-1182 (Viral ion channel);KW-0843 (Virulence),Sedoreoviridae,Rotavirus,,Non-structural glycoprotein 4,NSP4_ROTH5
Q82035,rotavirus NSP4 family|SAM,PF01452 (Rota_NSP4)|318.2,,KW-0002 (3D-structure);KW-1072 (Activation of host autophagy by virus);KW-0106 (Calcium);KW-0260 (Enterotoxin);KW-0325 (Glycoprotein);KW-1038 (Host endoplasmic reticulum);KW-1043 (Host membrane);KW-0945 (Host-virus interaction);KW-0407 (Ion channel);KW-0406 (Ion transport);KW-0472 (Membrane);KW-0479 (Metal-binding);KW-0964 (Secreted);KW-0735 (Signal-anchor);KW-0800 (Toxin);KW-0812 (Transmembrane);KW-1133 (Transmembrane helix);KW-0813 (Transport);KW-1182 (Viral ion channel);KW-0843 (Virulence),Sedoreoviridae,Rotavirus,,Non-structural glycoprotein 4,NSP4_ROTHT
Q8AVA4,CRISP family|IC,PF00188 (CAP)|78.4;PF08562 (Crisp)|59.5,CL0213 (ShK-like);CL0659 (CAP),KW-0002 (3D-structure);KW-0903 (Direct protein sequencing);KW-1015 (Disulfide bond);KW-0872 (Ion channel impairing toxin);KW-0479 (Metal-binding);KW-0528 (Neurotoxin);KW-0964 (Secreted);KW-0732 (Signal);KW-0800 (Toxin);KW-0862 (Zinc),Elapidae,Pseudechis,,Cysteine-rich venom protein pseudechetoxin,CRVP_PSEAU
Q8AXW7,phospholipase A2 family|IC,PF00068 (Phospholip_A2_1)|117.4,CL0629 (PLA2),KW-0106 (Calcium);KW-0903 (Direct protein sequencing);KW-1015 (Disulfide bond);KW-0325 (Glycoprotein);KW-0378 (Hydrolase);KW-0442 (Lipid degradation);KW-0443 (Lipid metabolism);KW-0479 (Metal-binding);KW-0964 (Secreted);KW-0732 (Signal);KW-0800 (Toxin),Elapidae,Micrurus,,Basic phospholipase A2,PA2B_MICCO
Q8JHE1,bombinin family|IC,PF05298 (Bombinin)|266.4,,KW-0027 (Amidation);KW-0878 (Amphibian defense peptide);KW-0044 (Antibiotic);KW-0929 (Antimicrobial);KW-0165 (Cleavage on pair of basic residues);KW-0204 (Cytolysis);KW-0903 (Direct protein sequencing);KW-0295 (Fungicide);KW-0354 (Hemolysis);KW-0964 (Secreted);KW-0732 (Signal);KW-0800 (Toxin),Bombinatoridae,Bombina,,Maximins 3/H5,M3H5_BOMMX
Q8JIG0,phospholipase A2 family|IC,PF00068 (Phospholip_A2_1)|121.7,CL0629 (PLA2),KW-0106 (Calcium);KW-1015 (Disulfide bond);KW-0378 (Hydrolase);KW-0442 (Lipid degradation);KW-0443 (Lipid metabolism);KW-0479 (Metal-binding);KW-0964 (Secreted);KW-0732 (Signal);KW-0800 (Toxin),Viperidae,Protobothrops,,Basic phospholipase A2 PLA-B',PA2BQ_PROFL
Q8WPI2,,PF00014 (Kunitz_BPTI)|139.1,CL0894 (BPTI),KW-0002 (3D-structure);KW-1203 (Blood coagulation cascade inhibiting toxin);KW-0903 (Direct protein sequencing);KW-1015 (Disulfide bond);KW-1199 (Hemostasis impairing toxin);KW-1201 (Platelet aggregation inhibiting toxin);KW-0646 (Protease inhibitor);KW-0873 (Pyrrolidone carboxylic acid);KW-0677 (Repeat);KW-0964 (Secreted);KW-0722 (Serine protease inhibitor);KW-0732 (Signal);KW-0800 (Toxin),Ixodidae,Rhipicephalus,,Boophilin-H2,KUNIH_RHIMP
Q90220,venom metalloproteinase (M12B) family|IC,PF00200 (Disintegrin)|58.6;PF01421 (Reprolysin)|180.4;PF01562 (Pep_M12B_propep)|53.1,CL0126 (Peptidase_MA),KW-1217 (Cell adhesion impairing toxin);KW-1015 (Disulfide bond);KW-0325 (Glycoprotein);KW-1199 (Hemostasis impairing toxin);KW-0378 (Hydrolase);KW-0479 (Metal-binding);KW-0482 (Metalloprotease);KW-1201 (Platelet aggregation inhibiting toxin);KW-0645 (Protease);KW-0964 (Secreted);KW-0732 (Signal);KW-0800 (Toxin);KW-0862 (Zinc);KW-0865 (Zymogen),Viperidae,Gloydius,,Zinc metalloproteinase/disintegrin,VM2H1_GLOHA
Q90391,venom metalloproteinase (M12B) family|IC,PF01421 (Reprolysin)|198.8;PF01562 (Pep_M12B_propep)|63.8,CL0126 (Peptidase_MA),KW-0106 (Calcium);KW-0903 (Direct protein sequencing);KW-1015 (Disulfide bond);KW-1199 (Hemostasis impairing toxin);KW-0378 (Hydrolase);KW-0479 (Metal-binding);KW-0482 (Metalloprotease);KW-0645 (Protease);KW-0873 (Pyrrolidone carboxylic acid);KW-0964 (Secreted);KW-0732 (Signal);KW-0800 (Toxin);KW-0862 (Zinc);KW-0865 (Zymogen),Viperidae,Crotalus,,Snake venom metalloproteinase atrolysin-B,VM1AB_CROAT
Q90W54,flavin monoamine oxidase family|IC,PF01593 (Amino_oxidase)|277.1,CL0063 (NADP_Rossmann),KW-0044 (Antibiotic);KW-0929 (Antimicrobial);KW-0053 (Apoptosis);KW-0204 (Cytolysis);KW-0903 (Direct protein sequencing);KW-1015 (Disulfide bond);KW-0274 (FAD);KW-0285 (Flavoprotein);KW-0325 (Glycoprotein);KW-0354 (Hemolysis);KW-1199 (Hemostasis impairing toxin);KW-0560 (Oxidoreductase);KW-1201 (Platelet aggregation inhibiting toxin);KW-0964 (Secreted);KW-0732 (Signal);KW-0800 (Toxin),Viperidae,Gloydius,,L-amino-acid oxidase,OXLA_GLOBL
Q90WA1,venom Kunitz-type family|IC,PF00014 (Kunitz_BPTI)|76.1,CL0894 (BPTI),KW-0002 (3D-structure);KW-0903 (Direct protein sequencing);KW-1015 (Disulfide bond);KW-1199 (Hemostasis impairing toxin);KW-0582 (Pharmaceutical);KW-0646 (Protease inhibitor);KW-0964 (Secreted);KW-0722 (Serine protease inhibitor);KW-0732 (Signal);KW-0800 (Toxin),Elapidae,Pseudonaja,,Kunitz-type serine protease inhibitor textilinin-1,VKT1_PSETT
Q90X24,PDGF/VEGF growth factor family|IC,PF00341 (PDGF)|77.2,CL0079 (Cystine-knot),KW-1015 (Disulfide bond);KW-0339 (Growth factor);KW-0873 (Pyrrolidone carboxylic acid);KW-0964 (Secreted);KW-0732 (Signal);KW-0800 (Toxin),Viperidae,Bothrops,,Snake venom vascular endothelial growth factor toxin,TXVE_BOTIN
Q90Y77,phospholipase A2 family|IC,PF00068 (Phospholip_A2_1)|122.8,CL0629 (PLA2),KW-0106 (Calcium);KW-0903 (Direct protein sequencing);KW-1015 (Disulfide bond);KW-0378 (Hydrolase);KW-0442 (Lipid degradation);KW-0443 (Lipid metabolism);KW-0479 (Metal-binding);KW-0964 (Secreted);KW-0732 (Signal);KW-0800 (Toxin),Viperidae,Protobothrops,,Basic phospholipase A2 PL-Y,PA2BY_PROFL
Q91508,peptidase S1 family|SAM,PF00089 (Trypsin)|203.7,CL0124 (Peptidase_PA),KW-1015 (Disulfide bond);KW-1206 (Fibrinogenolytic toxin);KW-1199 (Hemostasis impairing toxin);KW-0378 (Hydrolase);KW-0645 (Protease);KW-0964 (Secreted);KW-0720 (Serine protease);KW-0732 (Signal);KW-0800 (Toxin);KW-0865 (Zymogen),Viperidae,Protobothrops,,Beta-fibrinogenase mucrofibrase-2,VSP2_PROMU
Q91E93,rotavirus NSP4 family|SAM,PF01452 (Rota_NSP4)|348.5,,KW-1072 (Activation of host autophagy by virus);KW-0106 (Calcium);KW-0260 (Enterotoxin);KW-0325 (Glycoprotein);KW-1038 (Host endoplasmic reticulum);KW-1043 (Host membrane);KW-0945 (Host-virus interaction);KW-0407 (Ion channel);KW-0406 (Ion transport);KW-0472 (Membrane);KW-0479 (Metal-binding);KW-0964 (Secreted);KW-0735 (Signal-anchor);KW-0800 (Toxin);KW-0812 (Transmembrane);KW-1133 (Transmembrane helix);KW-0813 (Transport);KW-1182 (Viral ion channel);KW-0843 (Virulence),Sedoreoviridae,Rotavirus,,Non-structural glycoprotein 4,NSP4_ROTHL
Q95WY7,salp14 family|IC,PF07771 (TSGP1)|193.2,,KW-1203 (Blood coagulation cascade inhibiting toxin);KW-0325 (Glycoprotein);KW-1199 (Hemostasis impairing toxin);KW-1185 (Reference proteome);KW-0964 (Secreted);KW-0732 (Signal);KW-0800 (Toxin),Ixodidae,Ixodes,Salp14,Anticoagulant salivary protein 14,SP14_IXOSC
Q98996,phospholipase A2 family|IC,PF00068 (Phospholip_A2_1)|112.2,CL0629 (PLA2),KW-0106 (Calcium);KW-0903 (Direct protein sequencing);KW-1015 (Disulfide bond);KW-0378 (Hydrolase);KW-0382 (Hypotensive agent);KW-0442 (Lipid degradation);KW-0443 (Lipid metabolism);KW-0479 (Metal-binding);KW-0964 (Secreted);KW-0732 (Signal);KW-0800 (Toxin),Viperidae,Daboia,,Acidic phospholipase A2 VpaPLA2,PA2A_DABPA
Q9BPE9,conotoxin T superfamily|IC,PF16981 (Chi-conotoxin)|95.3,CL0083 (Omega_toxin),KW-0002 (3D-structure);KW-0027 (Amidation);KW-0903 (Direct protein sequencing);KW-1015 (Disulfide bond);KW-0528 (Neurotoxin);KW-0964 (Secreted);KW-0732 (Signal);KW-0800 (Toxin),Conidae,Conus,,Chi-conotoxin PnID,CTA1_CONPE
Q9LEH8,,PF00234 (Tryp_alpha_amyl)|48.6,CL0482 (Prolamin),KW-0044 (Antibiotic);KW-0929 (Antimicrobial);KW-0903 (Direct protein sequencing);KW-1015 (Disulfide bond);KW-0472 (Membrane);KW-0611 (Plant defense);KW-0964 (Secreted);KW-0732 (Signal);KW-0800 (Toxin),Poaceae,Hordeum,HINB-2,Hordoindoline-B2,HINB2_HORVU
Q9NII6,short scorpion toxin superfamily|IC,PF00451 (Toxin_2)|59.9,CL0054 (Knottin_1),KW-0002 (3D-structure);KW-1221 (Calcium-activated potassium channel impairing toxin);KW-0903 (Direct protein sequencing);KW-1015 (Disulfide bond);KW-0872 (Ion channel impairing toxin);KW-0528 (Neurotoxin);KW-0632 (Potassium channel impairing toxin);KW-0873 (Pyrrolidone carboxylic acid);KW-0964 (Secreted);KW-0732 (Signal);KW-0800 (Toxin);KW-1220 (Voltage-gated potassium channel impairing toxin),Buthidae,Olivierus,,Potassium channel toxin alpha-KTx 1.5,KAX15_OLIMR
Q9P3V0,WTF family|IC,PF03303 (WTF)|290.7,,KW-0024 (Alternative initiation);KW-0963 (Cytoplasm);KW-0256 (Endoplasmic reticulum);KW-0472 (Membrane);KW-1185 (Reference proteome);KW-0800 (Toxin);KW-0812 (Transmembrane);KW-1133 (Transmembrane helix);KW-0926 (Vacuole),Schizosaccharomycetaceae,Schizosaccharomyces,wtf4,Meiotic driver wtf4,WTF4_SCHPO
Q9PVK7,venom metalloproteinase (M12B) family|IC,PF00200 (Disintegrin)|71.7;PF01421 (Reprolysin)|212.0;PF01562 (Pep_M12B_propep)|62.7;PF08516 (ADAM_CR)|52.9,CL0126 (Peptidase_MA);CL0750 (ADAM_CR_sf),KW-0106 (Calcium);KW-1216 (Complement system impairing toxin);KW-1015 (Disulfide bond);KW-0325 (Glycoprotein);KW-0378 (Hydrolase);KW-0479 (Metal-binding);KW-0482 (Metalloprotease);KW-0645 (Protease);KW-0964 (Secreted);KW-0732 (Signal);KW-0800 (Toxin);KW-0862 (Zinc);KW-0865 (Zymogen),Elapidae,Naja,,Zinc metalloproteinase-disintegrin-like cobrin,VM3_NAJKA
Q9PYC8,rotavirus NSP4 family|SAM,PF01452 (Rota_NSP4)|331.9,,KW-1072 (Activation of host autophagy by virus);KW-0106 (Calcium);KW-0260 (Enterotoxin);KW-0325 (Glycoprotein);KW-1038 (Host endoplasmic reticulum);KW-1043 (Host membrane);KW-0945 (Host-virus interaction);KW-0407 (Ion channel);KW-0406 (Ion transport);KW-0472 (Membrane);KW-0479 (Metal-binding);KW-0964 (Secreted);KW-0735 (Signal-anchor);KW-0800 (Toxin);KW-0812 (Transmembrane);KW-1133 (Transmembrane helix);KW-0813 (Transport);KW-1182 (Viral ion channel);KW-0843 (Virulence),Sedoreoviridae,Rotavirus,,Non-structural glycoprotein 4,NSP4_ROTBB
Q9QNA6,rotavirus NSP4 family|SAM,PF01452 (Rota_NSP4)|321.0,,KW-1072 (Activation of host autophagy by virus);KW-0106 (Calcium);KW-0260 (Enterotoxin);KW-0325 (Glycoprotein);KW-1038 (Host endoplasmic reticulum);KW-1043 (Host membrane);KW-0945 (Host-virus interaction);KW-0407 (Ion channel);KW-0406 (Ion transport);KW-0472 (Membrane);KW-0479 (Metal-binding);KW-0964 (Secreted);KW-0735 (Signal-anchor);KW-0800 (Toxin);KW-0812 (Transmembrane);KW-1133 (Transmembrane helix);KW-0813 (Transport);KW-1182 (Viral ion channel);KW-0843 (Virulence),Sedoreoviridae,Rotavirus,,Non-structural glycoprotein 4,NSP4_ROTHK
Q9TWM7,conotoxin O1 superfamily|IC,PF02950 (Conotoxin)|66.8,CL0083 (Omega_toxin),KW-0903 (Direct protein sequencing);KW-1015 (Disulfide bond);KW-0872 (Ion channel impairing toxin);KW-0960 (Knottin);KW-0528 (Neurotoxin);KW-0964 (Secreted);KW-0732 (Signal);KW-0800 (Toxin);KW-0738 (Voltage-gated sodium channel impairing toxin),Conidae,Conus,,Delta-conotoxin GmVIA,O16A_CONGL
Q9YJN7,rotavirus NSP4 family|SAM,PF01452 (Rota_NSP4)|327.7,,KW-1072 (Activation of host autophagy by virus);KW-0106 (Calcium);KW-0260 (Enterotoxin);KW-0325 (Glycoprotein);KW-1038 (Host endoplasmic reticulum);KW-1043 (Host membrane);KW-0945 (Host-virus interaction);KW-0407 (Ion channel);KW-0406 (Ion transport);KW-0472 (Membrane);KW-0479 (Metal-binding);KW-0964 (Secreted);KW-0735 (Signal-anchor);KW-0800 (Toxin);KW-0812 (Transmembrane);KW-1133 (Transmembrane helix);KW-0813 (Transport);KW-1182 (Viral ion channel);KW-0843 (Virulence),Sedoreoviridae,Rotavirus,,Non-structural glycoprotein 4,NSP4_ROTAD
U3KRG0,protease inhibitor I3 (leguminous Kunitz-type inhibitor) family|SAM,PF00197 (Kunitz_legume)|111.0,CL0066 (Trefoil),KW-0002 (3D-structure);KW-0903 (Direct protein sequencing);KW-1015 (Disulfide bond);KW-0325 (Glycoprotein);KW-0348 (Hemagglutinin);KW-0430 (Lectin);KW-0646 (Protease inhibitor);KW-0722 (Serine protease inhibitor);KW-0800 (Toxin),Capparaceae,Crateva,,Bark lectin isoform 1,LECB1_CRATA
W4VSA0,O2 superfamily|IC,PF02950 (Conotoxin)|35.4,CL0083 (Omega_toxin),KW-0002 (3D-structure);KW-0027 (Amidation);KW-0208 (D-amino acid);KW-1015 (Disulfide bond);KW-0446 (Lipid-binding);KW-0528 (Neurotoxin);KW-0964 (Secreted);KW-0732 (Signal);KW-0800 (Toxin),Conidae,Conus,,Contryphan-Vc2,COW2_CONVC
A0A068B0Z6,conotoxin A superfamily|IC,PF07365 (Toxin_8)|58.1,,KW-0008 (Acetylcholine receptor inhibiting toxin);KW-0027 (Amidation);KW-0108 (Calcium channel impairing toxin);KW-1015 (Disulfide bond);KW-0872 (Ion channel impairing toxin);KW-0528 (Neurotoxin);KW-0629 (Postsynaptic neurotoxin);KW-0964 (Secreted);KW-0800 (Toxin);KW-1218 (Voltage-gated calcium channel impairing toxin),Conidae,Conus,,Alpha-conotoxin Lt1.3 b,CA13B_CONLT
A0A0N7KBN8,sea anemone sodium channel inhibitory toxin family|IC,PF00706 (Toxin_4)|56.6,CL0075 (Defensin),KW-0903 (Direct protein sequencing);KW-1015 (Disulfide bond);KW-0166 (Nematocyst);KW-0964 (Secreted);KW-0732 (Signal);KW-0800 (Toxin),Stichodactylidae,Heteractis,HAUTX4,U-stichotoxin-Hau3a,NA3A_HETAU
A0A0P0UTQ7,sea anemone BBH family|IC,,,KW-0165 (Cleavage on pair of basic residues);KW-0903 (Direct protein sequencing);KW-1015 (Disulfide bond);KW-0379 (Hydroxylation);KW-0166 (Nematocyst);KW-0528 (Neurotoxin);KW-0677 (Repeat);KW-0964 (Secreted);KW-0732 (Signal);KW-0800 (Toxin),Stichodactylidae,Heteractis,HAUTX3,U-stichotoxin-Hau2b,BBH2B_HETAU
A0A0R4I951,scoloptoxin-03 family|IC,,,KW-0002 (3D-structure);KW-0903 (Direct protein sequencing);KW-1015 (Disulfide bond);KW-0872 (Ion channel impairing toxin);KW-0632 (Potassium channel impairing toxin);KW-0964 (Secreted);KW-0732 (Signal);KW-0800 (Toxin);KW-1220 (Voltage-gated potassium channel impairing toxin),Scolopendridae,Scolopendra,,Kappa-scoloptoxin(03)-Ssd1a,TX31A_SCODE
A0A1I9KNP0,peptidase S1 family|IC,PF00089 (Trypsin)|184.2,CL0124 (Peptidase_PA),KW-1203 (Blood coagulation cascade inhibiting toxin);KW-0903 (Direct protein sequencing);KW-1015 (Disulfide bond);KW-0325 (Glycoprotein);KW-1199 (Hemostasis impairing toxin);KW-0582 (Pharmaceutical);KW-0964 (Secreted);KW-0721 (Serine protease homolog);KW-0732 (Signal);KW-0800 (Toxin),Viperidae,Vipera,,Vaa serine proteinase homolog 1,VSPH1_VIPAA
A0A1S4K3K8,PBP/GOBP family|IC,PF01395 (PBP_GOBP)|55.7,CL0803 (PBP_GOBP),KW-0002 (3D-structure);KW-0020 (Allergen);KW-0067 (ATP-binding);KW-1015 (Disulfide bond);KW-1199 (Hemostasis impairing toxin);KW-0547 (Nucleotide-binding);KW-1201 (Platelet aggregation inhibiting toxin);KW-1185 (Reference proteome);KW-0964 (Secreted);KW-0732 (Signal);KW-0800 (Toxin),Culicidae,Culex,D7L1,Long form salivary protein D7L1,D7L1_CULQU
A0A1X9QHL1,sea anemone type 3 (BDS) potassium channel toxin family|IC,PF07936 (Defensin_4)|44.6,CL0075 (Defensin),KW-0044 (Antibiotic);KW-0929 (Antimicrobial);KW-0165 (Cleavage on pair of basic residues);KW-0903 (Direct protein sequencing);KW-1015 (Disulfide bond);KW-0391 (Immunity);KW-0399 (Innate immunity);KW-0872 (Ion channel impairing toxin);KW-0166 (Nematocyst);KW-0528 (Neurotoxin);KW-0964 (Secreted);KW-0732 (Signal);KW-0800 (Toxin),Actiniidae,Urticina,,Crassicorin-I,BDS1_URTCR
A0A2I4QAG8,conotoxin O1 superfamily|IC,PF02950 (Conotoxin)|44.9,CL0083 (Omega_toxin),KW-0008 (Acetylcholine receptor inhibiting toxin);KW-0903 (Direct protein sequencing);KW-1015 (Disulfide bond);KW-0528 (Neurotoxin);KW-0629 (Postsynaptic neurotoxin);KW-0964 (Secreted);KW-0732 (Signal);KW-0800 (Toxin),Conidae,Conus,,O-conotoxin GeXXXIA,O1VA_CONGR
A0A2Z5Z9H5,actinoporin family|IC,PF06369 (Anemone_cytotox)|299.3,CL0872 (PfC-like),KW-0165 (Cleavage on pair of basic residues);KW-0204 (Cytolysis);KW-0472 (Membrane);KW-0166 (Nematocyst);KW-0964 (Secreted);KW-0732 (Signal);KW-1052 (Target cell membrane);KW-1053 (Target membrane);KW-0800 (Toxin),Actiniidae,Cribrinopsis,,Deep sea actinoporin Cjtox II,ACT2_CRIJA
A0A346CIA0,three-finger toxin family|IC,PF21947 (Toxin_cobra-type)|30.5,CL0117 (uPAR_Ly6_toxin),KW-0008 (Acetylcholine receptor inhibiting toxin);KW-1015 (Disulfide bond);KW-0528 (Neurotoxin);KW-0629 (Postsynaptic neurotoxin);KW-0873 (Pyrrolidone carboxylic acid);KW-0964 (Secreted);KW-0732 (Signal);KW-0800 (Toxin),Colubridae,Spilotes,,Sulditoxin subunit A,3NBA_SPISL
A0A346CIB3,three-finger toxin family|IC,PF21947 (Toxin_cobra-type)|30.2,CL0117 (uPAR_Ly6_toxin),KW-0008 (Acetylcholine receptor inhibiting toxin);KW-1015 (Disulfide bond);KW-0528 (Neurotoxin);KW-0629 (Postsynaptic neurotoxin);KW-0873 (Pyrrolidone carboxylic acid);KW-0964 (Secreted);KW-0732 (Signal);KW-0800 (Toxin),Colubridae,Spilotes,,Sulditoxin subunit B,3NBB_SPISL
A0A3F2YLP5,neurotoxin 10 (Hwtx-1) family|IC,,,KW-0002 (3D-structure);KW-0027 (Amidation);KW-0903 (Direct protein sequencing);KW-1015 (Disulfide bond);KW-0872 (Ion channel impairing toxin);KW-0582 (Pharmaceutical);KW-0632 (Potassium channel impairing toxin);KW-0964 (Secreted);KW-0800 (Toxin);KW-1220 (Voltage-gated potassium channel impairing toxin),Theraphosidae,Avicularia,,Kappa-theraphotoxin-Aa1a,NTA_AVIAU
A0A3G5BIB1,asilidin-12 family|IC,PF01097 (Defensin_2)|38.9,CL0054 (Knottin_1),KW-0002 (3D-structure);KW-1015 (Disulfide bond);KW-0872 (Ion channel impairing toxin);KW-0528 (Neurotoxin);KW-0632 (Potassium channel impairing toxin);KW-0964 (Secreted);KW-0732 (Signal);KW-0800 (Toxin);KW-1220 (Voltage-gated potassium channel impairing toxin),Asilidae,Dolopus,,U-Asilidin(12)-Dg3b,ASC3B_DOLGE
A0A3G5BIC2,asilidin-1 family|IC,,,KW-0002 (3D-structure);KW-1015 (Disulfide bond);KW-0872 (Ion channel impairing toxin);KW-0960 (Knottin);KW-0528 (Neurotoxin);KW-0964 (Secreted);KW-0732 (Signal);KW-0800 (Toxin),Asilidae,Dolopus,,U-Asilidin(1)-Dg12,AS1C_DOLGE
A0A482ARC8,WTF family|IC,PF03303 (WTF)|296.7,,KW-0024 (Alternative initiation);KW-0963 (Cytoplasm);KW-0256 (Endoplasmic reticulum);KW-0472 (Membrane);KW-0800 (Toxin);KW-0812 (Transmembrane);KW-1133 (Transmembrane helix);KW-0926 (Vacuole),Schizosaccharomycetaceae,Schizosaccharomyces,wtf18,Meiotic driver wtf18,WTF18_SCHPM
A0A482ARN9,WTF family|IC,PF03303 (WTF)|335.5,,KW-0024 (Alternative initiation);KW-0963 (Cytoplasm);KW-0256 (Endoplasmic reticulum);KW-0472 (Membrane);KW-0800 (Toxin);KW-0812 (Transmembrane);KW-1133 (Transmembrane helix);KW-0926 (Vacuole),Schizosaccharomycetaceae,Schizosaccharomyces,wtf30,Meiotic driver wtf30,WTF30_SCHKA
A0A7M4DUE8,conotoxin M superfamily|IC,,,KW-0002 (3D-structure);KW-0027 (Amidation);KW-0903 (Direct protein sequencing);KW-1015 (Disulfide bond);KW-0872 (Ion channel impairing toxin);KW-0528 (Neurotoxin);KW-0964 (Secreted);KW-0800 (Toxin);KW-0738 (Voltage-gated sodium channel impairing toxin),Conidae,Conus,,Mu-conotoxin SxIIIC,CM3C_CONSR
A0FKN6,,PF01400 (Astacin)|189.6,CL0126 (Peptidase_MA),KW-1015 (Disulfide bond);KW-0325 (Glycoprotein);KW-0378 (Hydrolase);KW-0479 (Metal-binding);KW-0482 (Metalloprotease);KW-0645 (Protease);KW-0964 (Secreted);KW-0732 (Signal);KW-0800 (Toxin);KW-0862 (Zinc),Sicariidae,Loxosceles,,Astacin-like metalloprotease toxin 1,VMPA_LOXIN
A0SPI0,MCD family|IC,PF08249 (Mastoparan)|21.4,,KW-0027 (Amidation);KW-0044 (Antibiotic);KW-0929 (Antimicrobial);KW-0903 (Direct protein sequencing);KW-0295 (Fungicide);KW-1213 (G-protein coupled receptor impairing toxin);KW-0391 (Immunity);KW-0399 (Innate immunity);KW-0467 (Mast cell degranulation);KW-0677 (Repeat);KW-0964 (Secreted);KW-0732 (Signal);KW-0800 (Toxin),Vespidae,Vespa,,Mastoparan-like peptide 12c,MASTC_VESMG
A0ZSK4,SNTX/VTX toxin family|IC,PF00622 (SPRY)|49.7;PF13765 (PRY)|36.8;PF18078 (Thioredoxin_11)|77.3;PF21109 (Stonustoxin_helical)|93.1;PF24674 (MACPF_SNTX)|33.6,CL0004 (Concanavalin);CL0172 (Thioredoxin);CL0293 (CDC),KW-0204 (Cytolysis);KW-0903 (Direct protein sequencing);KW-1015 (Disulfide bond);KW-0354 (Hemolysis);KW-0964 (Secreted);KW-0800 (Toxin),Synanceiidae,Synanceia,,Neoverrucotoxin subunit beta,STXB_SYNVE
A2IAD2,,,,KW-0002 (3D-structure);KW-1015 (Disulfide bond);KW-0872 (Ion channel impairing toxin);KW-0964 (Secreted);KW-0732 (Signal);KW-0800 (Toxin);KW-0738 (Voltage-gated sodium channel impairing toxin),Pulicidae,Xenopsylla,,Salivary protein FS50,FS50_XENCH
A6MFK7,peptidase S1 family|SAM,PF00008 (EGF)|34.2;PF00089 (Trypsin)|200.5;PF00594 (Gla)|64.2;PF14670 (FXa_inhibition)|42.1,CL0001 (EGF);CL0124 (Peptidase_PA),KW-1204 (Blood coagulation cascade activating toxin);KW-0106 (Calcium);KW-0165 (Cleavage on pair of basic residues);KW-0903 (Direct protein sequencing);KW-1015 (Disulfide bond);KW-0245 (EGF-like domain);KW-0301 (Gamma-carboxyglutamic acid);KW-0325 (Glycoprotein);KW-1199 (Hemostasis impairing toxin);KW-0378 (Hydrolase);KW-0645 (Protease);KW-0655 (Prothrombin activator);KW-0677 (Repeat);KW-0964 (Secreted);KW-0720 (Serine protease);KW-0732 (Signal);KW-0800 (Toxin),Elapidae,Demansia,,Venom prothrombin activator vestarin-D1,FAXD1_DEMVE
A6YR21,conotoxin O1 superfamily|IC,PF02950 (Conotoxin)|31.1,CL0083 (Omega_toxin),KW-0102 (Bromination);KW-0903 (Direct protein sequencing);KW-1015 (Disulfide bond);KW-0379 (Hydroxylation);KW-0872 (Ion channel impairing toxin);KW-0528 (Neurotoxin);KW-0964 (Secreted);KW-0732 (Signal);KW-0800 (Toxin),Conidae,Californiconus,,Mu-conotoxin cal12b,COC1B_CONCL
A7LCJ2,phospholipase A2 family|IC,PF00068 (Phospholip_A2_1)|99.8,CL0629 (PLA2),KW-0106 (Calcium);KW-0165 (Cleavage on pair of basic residues);KW-0903 (Direct protein sequencing);KW-1015 (Disulfide bond);KW-0378 (Hydrolase);KW-0442 (Lipid degradation);KW-0443 (Lipid metabolism);KW-0479 (Metal-binding);KW-0166 (Nematocyst);KW-0964 (Secreted);KW-0732 (Signal);KW-0800 (Toxin),Actiniidae,Urticina,,Phospholipase A2 A2-actitoxin-Ucs2a,PA2_URTCR
A8GG78,Arg-specific ADP-ribosyltransferase family|IC,PF01129 (ART)|56.3;PF05488 (PAAR_motif)|51.9,CL0084 (ADP-ribosyl),KW-0002 (3D-structure);KW-0328 (Glycosyltransferase);KW-0548 (Nucleotidyltransferase);KW-0964 (Secreted);KW-1266 (Target cell cytoplasm);KW-0800 (Toxin);KW-0808 (Transferase);KW-0843 (Virulence),Yersiniaceae,Serratia,tre1,NAD(+)--protein-arginine ADP-ribosyltransferase Tre1,TRE1_SERP5
A8QL49,venom metalloproteinase (M12B) family|IC,PF00200 (Disintegrin)|71.4;PF01421 (Reprolysin)|210.1;PF01562 (Pep_M12B_propep)|62.0;PF08516 (ADAM_CR)|62.3,CL0126 (Peptidase_MA);CL0750 (ADAM_CR_sf),KW-1217 (Cell adhesion impairing toxin);KW-1015 (Disulfide bond);KW-1206 (Fibrinogenolytic toxin);KW-0325 (Glycoprotein);KW-1199 (Hemostasis impairing toxin);KW-0378 (Hydrolase);KW-0479 (Metal-binding);KW-0482 (Metalloprotease);KW-1201 (Platelet aggregation inhibiting toxin);KW-0645 (Protease);KW-0964 (Secreted);KW-0732 (Signal);KW-0800 (Toxin);KW-0862 (Zinc);KW-0865 (Zymogen),Elapidae,Bungarus,,Zinc metalloproteinase-disintegrin-like BmMP,VM3_BUNMU
A8QL59,venom metalloproteinase (M12B) family|IC,PF00200 (Disintegrin)|75.2;PF01421 (Reprolysin)|205.2;PF01562 (Pep_M12B_propep)|70.1;PF08516 (ADAM_CR)|72.9,CL0126 (Peptidase_MA);CL0750 (ADAM_CR_sf),KW-1217 (Cell adhesion impairing toxin);KW-1015 (Disulfide bond);KW-1206 (Fibrinogenolytic toxin);KW-0325 (Glycoprotein);KW-1199 (Hemostasis impairing toxin);KW-0378 (Hydrolase);KW-0479 (Metal-binding);KW-0482 (Metalloprotease);KW-1201 (Platelet aggregation inhibiting toxin);KW-0645 (Protease);KW-0964 (Secreted);KW-0732 (Signal);KW-0800 (Toxin);KW-0862 (Zinc);KW-0865 (Zymogen),Elapidae,Naja,,Zinc metalloproteinase-disintegrin-like NaMP,VM3_NAJAT
B0VXV8,In the N-terminal section|IC,PF00212 (ANP)|49.3,,KW-0165 (Cleavage on pair of basic residues);KW-1015 (Disulfide bond);KW-0382 (Hypotensive agent);KW-0481 (Metalloenzyme inhibitor);KW-0483 (Metalloprotease inhibitor);KW-0646 (Protease inhibitor);KW-0873 (Pyrrolidone carboxylic acid);KW-0964 (Secreted);KW-0732 (Signal);KW-0800 (Toxin);KW-0838 (Vasoactive);KW-0840 (Vasodilator),Viperidae,Sistrurus,,Bradykinin potentiating and C-type natriuretic peptides,BNP_SISCA
B1P1E7,neurotoxin 10 (Hwtx-1) family|IC,,,KW-0027 (Amidation);KW-0903 (Direct protein sequencing);KW-1015 (Disulfide bond);KW-0872 (Ion channel impairing toxin);KW-0960 (Knottin);KW-0964 (Secreted);KW-0732 (Signal);KW-0800 (Toxin),Theraphosidae,Chilobrachys,,U14-theraphotoxin-Cg1a 2,JZ21B_CHIGU
B2KKV8,arthropod phospholipase D family|IC,PF13653 (GDPD_2)|44.7,CL0036 (TIM_barrel),KW-0204 (Cytolysis);KW-1061 (Dermonecrotic toxin);KW-1015 (Disulfide bond);KW-0325 (Glycoprotein);KW-0354 (Hemolysis);KW-0442 (Lipid degradation);KW-0443 (Lipid metabolism);KW-0456 (Lyase);KW-0460 (Magnesium);KW-0479 (Metal-binding);KW-0964 (Secreted);KW-0732 (Signal);KW-0800 (Toxin);KW-0865 (Zymogen),Sicariidae,Loxosceles,,Dermonecrotic toxin LiSicTox-alphaIA2aiii,A1IA3_LOXIN
B3A0N5,5'-nucleotidase family|IC,PF00149 (Metallophos)|72.7;PF02872 (5_nucleotid_C)|137.5,CL0163 (Calcineurin);CL0781 (NadN_C),KW-0020 (Allergen);KW-0067 (ATP-binding);KW-0903 (Direct protein sequencing);KW-1199 (Hemostasis impairing toxin);KW-0378 (Hydrolase);KW-0479 (Metal-binding);KW-0547 (Nucleotide-binding);KW-1201 (Platelet aggregation inhibiting toxin);KW-0964 (Secreted);KW-0732 (Signal);KW-0800 (Toxin),Tabanidae,Tabanus,APY,Apyrase,APY_TABYA
B3EWN3,neurotoxin 10 (Hwtx-1) family|IC,PF07740 (Toxin_12)|28.6,CL0083 (Omega_toxin),KW-0027 (Amidation);KW-0903 (Direct protein sequencing);KW-1015 (Disulfide bond);KW-0872 (Ion channel impairing toxin);KW-0960 (Knottin);KW-0528 (Neurotoxin);KW-0632 (Potassium channel impairing toxin);KW-0964 (Secreted);KW-0800 (Toxin);KW-1220 (Voltage-gated potassium channel impairing toxin);KW-0738 (Voltage-gated sodium channel impairing toxin),Theraphosidae,Cyriopagopus,,Beta/kappa-theraphotoxin-Hlv1a,HTX2_CYRLI
B3EWS5,neurotoxin 19 (CSTX) family|SAM,PF10530 (Toxin_35)|36.2,CL0083 (Omega_toxin),KW-0027 (Amidation);KW-0204 (Cytolysis);KW-0903 (Direct protein sequencing);KW-1015 (Disulfide bond);KW-0960 (Knottin);KW-0472 (Membrane);KW-0528 (Neurotoxin);KW-0964 (Secreted);KW-0732 (Signal);KW-1052 (Target cell membrane);KW-1053 (Target membrane);KW-0800 (Toxin),Ctenidae,Cupiennius,,Toxin CSTX-8,TXC8_CUPSA
B3SRY0,rotavirus NSP4 family|SAM,PF01452 (Rota_NSP4)|323.4,,KW-1072 (Activation of host autophagy by virus);KW-0106 (Calcium);KW-0260 (Enterotoxin);KW-0325 (Glycoprotein);KW-1038 (Host endoplasmic reticulum);KW-1043 (Host membrane);KW-0945 (Host-virus interaction);KW-0407 (Ion channel);KW-0406 (Ion transport);KW-0472 (Membrane);KW-0479 (Metal-binding);KW-0964 (Secreted);KW-0735 (Signal-anchor);KW-0800 (Toxin);KW-0812 (Transmembrane);KW-1133 (Transmembrane helix);KW-0813 (Transport);KW-1182 (Viral ion channel);KW-0843 (Virulence),Sedoreoviridae,Rotavirus,,Non-structural glycoprotein 4,NSP4_ROTWI
B8QCG6,NGF-beta family|IC,PF00243 (NGF)|102.7,CL0079 (Cystine-knot),KW-0165 (Cleavage on pair of basic residues);KW-1015 (Disulfide bond);KW-0325 (Glycoprotein);KW-0339 (Growth factor);KW-0446 (Lipid-binding);KW-0481 (Metalloenzyme inhibitor);KW-0483 (Metalloprotease inhibitor);KW-0646 (Protease inhibitor);KW-0964 (Secreted);KW-0732 (Signal);KW-0800 (Toxin),Viperidae,Agkistrodon,,Venom nerve growth factor,NGFV_AGKCO
C0HJC4,sea anemone type 5 potassium channel toxin family|IC,,,KW-0903 (Direct protein sequencing);KW-1015 (Disulfide bond);KW-0872 (Ion channel impairing toxin);KW-0166 (Nematocyst);KW-0528 (Neurotoxin);KW-0632 (Potassium channel impairing toxin);KW-0964 (Secreted);KW-0800 (Toxin);KW-1220 (Voltage-gated potassium channel impairing toxin),Actiniidae,Bunodosoma,,Kappa-actitoxin-Bcs4a,KV53_BUNCI
C0HJQ8,short scorpion toxin superfamily|TAS,PF00451 (Toxin_2)|59.6,CL0054 (Knottin_1),KW-0903 (Direct protein sequencing);KW-1015 (Disulfide bond);KW-0872 (Ion channel impairing toxin);KW-0632 (Potassium channel impairing toxin);KW-0873 (Pyrrolidone carboxylic acid);KW-0964 (Secreted);KW-0732 (Signal);KW-0800 (Toxin);KW-1220 (Voltage-gated potassium channel impairing toxin),Buthidae,Mesobuthus,,Potassium channel toxin alpha-KTx 1.16,KAX1G_MESEU
C0HJU2,venom metalloproteinase (M12B) family|IC,PF01421 (Reprolysin)|152.3,CL0126 (Peptidase_MA),KW-0106 (Calcium);KW-0903 (Direct protein sequencing);KW-1015 (Disulfide bond);KW-1206 (Fibrinogenolytic toxin);KW-1199 (Hemostasis impairing toxin);KW-0378 (Hydrolase);KW-0479 (Metal-binding);KW-0482 (Metalloprotease);KW-0645 (Protease);KW-0964 (Secreted);KW-0800 (Toxin);KW-0862 (Zinc),Viperidae,Bothrops,,Snake venom metalloproteinase BpMP-1,VM11_BOTPA
C0HJU7,venom Kunitz-type family|IC,PF00014 (Kunitz_BPTI)|81.2,CL0894 (BPTI),KW-0903 (Direct protein sequencing);KW-1015 (Disulfide bond);KW-0872 (Ion channel impairing toxin);KW-0166 (Nematocyst);KW-0632 (Potassium channel impairing toxin);KW-0646 (Protease inhibitor);KW-0964 (Secreted);KW-0722 (Serine protease inhibitor);KW-0800 (Toxin);KW-1220 (Voltage-gated potassium channel impairing toxin),Stichodactylidae,Radianthus,,PI-stichotoxin-Hcr2g,VKT2G_RADCR
C0HK26,Cnidaria small cysteine-rich protein (SCRiP) family|IC,,,KW-0002 (3D-structure);KW-0044 (Antibiotic);KW-0929 (Antimicrobial);KW-0165 (Cleavage on pair of basic residues);KW-0903 (Direct protein sequencing);KW-1015 (Disulfide bond);KW-0964 (Secreted);KW-0732 (Signal);KW-0800 (Toxin),Actiniidae,Urticina,,Tau-AnmTx Ueq 12-1,TX121_URTEQ
C0HLF4,long (4 C-C) scorpion toxin superfamily|IC,,,KW-0903 (Direct protein sequencing);KW-1015 (Disulfide bond);KW-0872 (Ion channel impairing toxin);KW-0528 (Neurotoxin);KW-0964 (Secreted);KW-0800 (Toxin);KW-0738 (Voltage-gated sodium channel impairing toxin),Buthidae,Centruroides,,Beta-mammal toxin Co3,SCX3_CENOR
C0HLS3,,,,KW-0903 (Direct protein sequencing);KW-1015 (Disulfide bond);KW-0964 (Secreted);KW-0800 (Toxin),Formicidae,Pseudomyrmex,,DELTA-pseudomyrmecitoxin-Pp1a subunit B,PP1AB_PSEPY
C0JAQ9,arthropod phospholipase D family|IC,PF13653 (GDPD_2)|38.5,CL0036 (TIM_barrel),KW-0204 (Cytolysis);KW-1061 (Dermonecrotic toxin);KW-1015 (Disulfide bond);KW-0354 (Hemolysis);KW-0442 (Lipid degradation);KW-0443 (Lipid metabolism);KW-0456 (Lyase);KW-0460 (Magnesium);KW-0479 (Metal-binding);KW-0964 (Secreted);KW-0800 (Toxin),Sicariidae,Loxosceles,,Dermonecrotic toxin LhSicTox-alphaIA2aiii,A1IA3_LOXHI
C0JAR0,arthropod phospholipase D family|IC,PF13653 (GDPD_2)|41.7,CL0036 (TIM_barrel),KW-0204 (Cytolysis);KW-1061 (Dermonecrotic toxin);KW-1015 (Disulfide bond);KW-0354 (Hemolysis);KW-0442 (Lipid degradation);KW-0443 (Lipid metabolism);KW-0456 (Lyase);KW-0460 (Magnesium);KW-0479 (Metal-binding);KW-0964 (Secreted);KW-0800 (Toxin),Sicariidae,Loxosceles,,Dermonecrotic toxin LhSicTox-alphaIA2aiv,A1IA4_LOXHI
C0JAR3,arthropod phospholipase D family|IC,PF13653 (GDPD_2)|41.8,CL0036 (TIM_barrel),KW-0204 (Cytolysis);KW-1061 (Dermonecrotic toxin);KW-1015 (Disulfide bond);KW-0354 (Hemolysis);KW-0442 (Lipid degradation);KW-0443 (Lipid metabolism);KW-0456 (Lyase);KW-0460 (Magnesium);KW-0479 (Metal-binding);KW-0964 (Secreted);KW-0800 (Toxin),Sicariidae,Loxosceles,,Dermonecrotic toxin LhSicTox-alphaIA2avi,A1IA6_LOXHI
C0JAS2,arthropod phospholipase D family|IC,PF13653 (GDPD_2)|41.8,CL0036 (TIM_barrel),KW-0204 (Cytolysis);KW-1061 (Dermonecrotic toxin);KW-1015 (Disulfide bond);KW-0354 (Hemolysis);KW-0442 (Lipid degradation);KW-0443 (Lipid metabolism);KW-0456 (Lyase);KW-0460 (Magnesium);KW-0479 (Metal-binding);KW-0964 (Secreted);KW-0800 (Toxin),Sicariidae,Loxosceles,,Dermonecrotic toxin LhSicTox-alphaIA2biv,A1IB4_LOXHI
C0JAU1,arthropod phospholipase D family|IC,PF13653 (GDPD_2)|41.4,CL0036 (TIM_barrel),KW-0204 (Cytolysis);KW-1061 (Dermonecrotic toxin);KW-1015 (Disulfide bond);KW-0354 (Hemolysis);KW-0442 (Lipid degradation);KW-0443 (Lipid metabolism);KW-0456 (Lyase);KW-0460 (Magnesium);KW-0479 (Metal-binding);KW-0964 (Secreted);KW-0800 (Toxin),Sicariidae,Loxosceles,,Dermonecrotic toxin LspaSicTox-alphaIA1ii,A1H2_LOXSP
C0JAV9,arthropod phospholipase D family|IC,PF13653 (GDPD_2)|44.4,CL0036 (TIM_barrel),KW-0204 (Cytolysis);KW-1061 (Dermonecrotic toxin);KW-1015 (Disulfide bond);KW-0325 (Glycoprotein);KW-0354 (Hemolysis);KW-0442 (Lipid degradation);KW-0443 (Lipid metabolism);KW-0456 (Lyase);KW-0460 (Magnesium);KW-0479 (Metal-binding);KW-0964 (Secreted);KW-0800 (Toxin),Sicariidae,Loxosceles,,Dermonecrotic toxin LapSicTox-alphaIB1b2,A1KB2_LOXAP
C0JAW3,arthropod phospholipase D family|IC,PF13653 (GDPD_2)|44.5,CL0036 (TIM_barrel),KW-0204 (Cytolysis);KW-1061 (Dermonecrotic toxin);KW-1015 (Disulfide bond);KW-0325 (Glycoprotein);KW-0354 (Hemolysis);KW-0442 (Lipid degradation);KW-0443 (Lipid metabolism);KW-0456 (Lyase);KW-0460 (Magnesium);KW-0479 (Metal-binding);KW-0964 (Secreted);KW-0800 (Toxin),Sicariidae,Loxosceles,,Dermonecrotic toxin LarSicTox-alphaIB1c,A1KC_LOXAR
C0JAW6,arthropod phospholipase D family|IC,PF13653 (GDPD_2)|45.9,CL0036 (TIM_barrel),KW-0204 (Cytolysis);KW-1061 (Dermonecrotic toxin);KW-1015 (Disulfide bond);KW-0325 (Glycoprotein);KW-0354 (Hemolysis);KW-0442 (Lipid degradation);KW-0443 (Lipid metabolism);KW-0456 (Lyase);KW-0460 (Magnesium);KW-0479 (Metal-binding);KW-0964 (Secreted);KW-0800 (Toxin),Sicariidae,Loxosceles,,Dermonecrotic toxin LdSicTox-alphaIB1ai,A1KA1_LOXDE
C0JAX0,arthropod phospholipase D family|IC,PF13653 (GDPD_2)|42.7,CL0036 (TIM_barrel),KW-0204 (Cytolysis);KW-1061 (Dermonecrotic toxin);KW-1015 (Disulfide bond);KW-0325 (Glycoprotein);KW-0354 (Hemolysis);KW-0442 (Lipid degradation);KW-0443 (Lipid metabolism);KW-0456 (Lyase);KW-0460 (Magnesium);KW-0479 (Metal-binding);KW-0964 (Secreted);KW-0800 (Toxin),Sicariidae,Loxosceles,,Dermonecrotic toxin LdSicTox-alphaIB1av,A1KA5_LOXDE
C0JAY1,arthropod phospholipase D family|IC,PF13653 (GDPD_2)|45.1,CL0036 (TIM_barrel),KW-0204 (Cytolysis);KW-1061 (Dermonecrotic toxin);KW-1015 (Disulfide bond);KW-0354 (Hemolysis);KW-0442 (Lipid degradation);KW-0443 (Lipid metabolism);KW-0456 (Lyase);KW-0460 (Magnesium);KW-0479 (Metal-binding);KW-0964 (Secreted);KW-0800 (Toxin),Sicariidae,Loxosceles,,Dermonecrotic toxin LsaSicTox-alphaIB1ai,A1KA1_LOXSA
C0JAZ2,arthropod phospholipase D family|IC,PF13653 (GDPD_2)|37.1,CL0036 (TIM_barrel),KW-0204 (Cytolysis);KW-1061 (Dermonecrotic toxin);KW-1015 (Disulfide bond);KW-0354 (Hemolysis);KW-0442 (Lipid degradation);KW-0443 (Lipid metabolism);KW-0456 (Lyase);KW-0460 (Magnesium);KW-0479 (Metal-binding);KW-0964 (Secreted);KW-0800 (Toxin),Sicariidae,Loxosceles,,Dermonecrotic toxin LvSicTox-alphaIC1aii,A1OA2_LOXVA
C0JAZ3,arthropod phospholipase D family|IC,PF13653 (GDPD_2)|37.1,CL0036 (TIM_barrel),KW-0204 (Cytolysis);KW-1061 (Dermonecrotic toxin);KW-1015 (Disulfide bond);KW-0354 (Hemolysis);KW-0442 (Lipid degradation);KW-0443 (Lipid metabolism);KW-0456 (Lyase);KW-0460 (Magnesium);KW-0479 (Metal-binding);KW-0964 (Secreted);KW-0800 (Toxin),Sicariidae,Loxosceles,,Dermonecrotic toxin LvSicTox-alphaIC1aiii,A1OA3_LOXVA
C0JAZ5,arthropod phospholipase D family|IC,,,KW-0204 (Cytolysis);KW-1061 (Dermonecrotic toxin);KW-1015 (Disulfide bond);KW-0354 (Hemolysis);KW-0442 (Lipid degradation);KW-0443 (Lipid metabolism);KW-0456 (Lyase);KW-0460 (Magnesium);KW-0479 (Metal-binding);KW-0964 (Secreted);KW-0800 (Toxin),Sicariidae,Loxosceles,,Dermonecrotic toxin LvSicTox-alphaIC1bii,A1OB2_LOXVA
C0JB05,arthropod phospholipase D family|IC,PF13653 (GDPD_2)|39.8,CL0036 (TIM_barrel),KW-0204 (Cytolysis);KW-1061 (Dermonecrotic toxin);KW-1015 (Disulfide bond);KW-0354 (Hemolysis);KW-0442 (Lipid degradation);KW-0443 (Lipid metabolism);KW-0456 (Lyase);KW-0460 (Magnesium);KW-0479 (Metal-binding);KW-0964 (Secreted);KW-0800 (Toxin),Sicariidae,Loxosceles,,Dermonecrotic toxin LspaSicTox-alphaII1,A21_LOXSP
C0JB22,arthropod phospholipase D family|IC,,,KW-0204 (Cytolysis);KW-1061 (Dermonecrotic toxin);KW-1015 (Disulfide bond);KW-0354 (Hemolysis);KW-0442 (Lipid degradation);KW-0443 (Lipid metabolism);KW-0456 (Lyase);KW-0460 (Magnesium);KW-0479 (Metal-binding);KW-0964 (Secreted);KW-0800 (Toxin),Sicariidae,Loxosceles,,Dermonecrotic toxin LarSicTox-alphaIV1,A41_LOXAR
C0JB36,arthropod phospholipase D family|IC,PF13653 (GDPD_2)|34.2,CL0036 (TIM_barrel),KW-0204 (Cytolysis);KW-1061 (Dermonecrotic toxin);KW-1015 (Disulfide bond);KW-0354 (Hemolysis);KW-0442 (Lipid degradation);KW-0443 (Lipid metabolism);KW-0456 (Lyase);KW-0460 (Magnesium);KW-0479 (Metal-binding);KW-0964 (Secreted);KW-0800 (Toxin),Sicariidae,Sicarius,,Dermonecrotic toxin SpeSicTox-betaIB1b,B1KB_SICPE
C0JB42,arthropod phospholipase D family|IC,,,KW-0204 (Cytolysis);KW-1061 (Dermonecrotic toxin);KW-1015 (Disulfide bond);KW-0354 (Hemolysis);KW-0442 (Lipid degradation);KW-0443 (Lipid metabolism);KW-0456 (Lyase);KW-0460 (Magnesium);KW-0479 (Metal-binding);KW-0964 (Secreted);KW-0800 (Toxin),Sicariidae,Loxosceles,,Dermonecrotic toxin LspiSicTox-betaIE2ii,B1S2_LOXSN
C0JB49,arthropod phospholipase D family|IC,PF13653 (GDPD_2)|39.6,CL0036 (TIM_barrel),KW-0204 (Cytolysis);KW-1061 (Dermonecrotic toxin);KW-1015 (Disulfide bond);KW-0354 (Hemolysis);KW-0442 (Lipid degradation);KW-0443 (Lipid metabolism);KW-0456 (Lyase);KW-0460 (Magnesium);KW-0479 (Metal-binding);KW-0964 (Secreted);KW-0800 (Toxin),Sicariidae,Loxosceles,,Dermonecrotic toxin LspiSicTox-betaIE1i,B1R1_LOXSN
C0JB60,arthropod phospholipase D family|IC,,,KW-0204 (Cytolysis);KW-1061 (Dermonecrotic toxin);KW-1015 (Disulfide bond);KW-0354 (Hemolysis);KW-0442 (Lipid degradation);KW-0443 (Lipid metabolism);KW-0456 (Lyase);KW-0460 (Magnesium);KW-0479 (Metal-binding);KW-0964 (Secreted);KW-0800 (Toxin),Sicariidae,Sicarius,,Dermonecrotic toxin SpeSicTox-betaIIA2i,B2I1_SICPE
C0JB65,arthropod phospholipase D family|IC,,,KW-0204 (Cytolysis);KW-1061 (Dermonecrotic toxin);KW-1015 (Disulfide bond);KW-0354 (Hemolysis);KW-0442 (Lipid degradation);KW-0443 (Lipid metabolism);KW-0456 (Lyase);KW-0460 (Magnesium);KW-0479 (Metal-binding);KW-0964 (Secreted);KW-0800 (Toxin),Sicariidae,Sicarius,,Dermonecrotic toxin SpeSicTox-betaIIA2v,B2I5_SICPE
C0JB74,arthropod phospholipase D family|IC,,,KW-0204 (Cytolysis);KW-1061 (Dermonecrotic toxin);KW-1015 (Disulfide bond);KW-0354 (Hemolysis);KW-0442 (Lipid degradation);KW-0443 (Lipid metabolism);KW-0456 (Lyase);KW-0460 (Magnesium);KW-0479 (Metal-binding);KW-0964 (Secreted);KW-0800 (Toxin),Sicariidae,Sicarius,,Dermonecrotic toxin SdSicTox-betaIIB1biv,B2KB4_SICCD
C0JB76,arthropod phospholipase D family|IC,,,KW-0204 (Cytolysis);KW-1061 (Dermonecrotic toxin);KW-1015 (Disulfide bond);KW-0354 (Hemolysis);KW-0442 (Lipid degradation);KW-0443 (Lipid metabolism);KW-0456 (Lyase);KW-0460 (Magnesium);KW-0479 (Metal-binding);KW-0964 (Secreted);KW-0800 (Toxin),Sicariidae,Sicarius,,Dermonecrotic toxin SdSicTox-betaIIB1ai,B2KA1_SICCD
C0JB77,arthropod phospholipase D family|IC,,,KW-0204 (Cytolysis);KW-1061 (Dermonecrotic toxin);KW-1015 (Disulfide bond);KW-0354 (Hemolysis);KW-0442 (Lipid degradation);KW-0443 (Lipid metabolism);KW-0456 (Lyase);KW-0460 (Magnesium);KW-0479 (Metal-binding);KW-0964 (Secreted);KW-0800 (Toxin),Sicariidae,Sicarius,,Dermonecrotic toxin SdSicTox-betaIIB1aii,B2KA2_SICCD
C0JB86,arthropod phospholipase D family|IC,,,KW-0204 (Cytolysis);KW-1061 (Dermonecrotic toxin);KW-1015 (Disulfide bond);KW-0354 (Hemolysis);KW-0442 (Lipid degradation);KW-0443 (Lipid metabolism);KW-0456 (Lyase);KW-0460 (Magnesium);KW-0479 (Metal-binding);KW-0964 (Secreted);KW-0800 (Toxin),Sicariidae,Sicarius,,Dermonecrotic toxin SdSicTox-betaIIB1bxii,B2KBC_SICCD
C0JB88,arthropod phospholipase D family|IC,,,KW-0204 (Cytolysis);KW-1061 (Dermonecrotic toxin);KW-1015 (Disulfide bond);KW-0354 (Hemolysis);KW-0442 (Lipid degradation);KW-0443 (Lipid metabolism);KW-0456 (Lyase);KW-0460 (Magnesium);KW-0479 (Metal-binding);KW-0964 (Secreted);KW-0800 (Toxin),Sicariidae,Sicarius,,Dermonecrotic toxin SdSicTox-betaIIB1bxiv,B2KBE_SICCD
C0JB91,arthropod phospholipase D family|IC,,,KW-0204 (Cytolysis);KW-1061 (Dermonecrotic toxin);KW-1015 (Disulfide bond);KW-0354 (Hemolysis);KW-0442 (Lipid degradation);KW-0443 (Lipid metabolism);KW-0456 (Lyase);KW-0460 (Magnesium);KW-0479 (Metal-binding);KW-0964 (Secreted);KW-0800 (Toxin),Sicariidae,Sicarius,,Dermonecrotic toxin SaSicTox-betaIIB1,B2K_SICAL
C0JB92,arthropod phospholipase D family|IC,,,KW-0204 (Cytolysis);KW-1061 (Dermonecrotic toxin);KW-1015 (Disulfide bond);KW-0325 (Glycoprotein);KW-0354 (Hemolysis);KW-0442 (Lipid degradation);KW-0443 (Lipid metabolism);KW-0456 (Lyase);KW-0460 (Magnesium);KW-0479 (Metal-binding);KW-0964 (Secreted);KW-0800 (Toxin),Sicariidae,Loxosceles,,Dermonecrotic toxin LspiSicTox-betaIII1 G,B31_LOXSN
C0LZJ5,venom metalloproteinase (M12B) family|IC,PF00200 (Disintegrin)|67.7;PF08516 (ADAM_CR)|64.5,CL0750 (ADAM_CR_sf),KW-1217 (Cell adhesion impairing toxin);KW-0903 (Direct protein sequencing);KW-1015 (Disulfide bond);KW-0325 (Glycoprotein);KW-1199 (Hemostasis impairing toxin);KW-1201 (Platelet aggregation inhibiting toxin);KW-0964 (Secreted);KW-0800 (Toxin),Viperidae,Macrovipera,,Disintegrin-like leberagin-C,VM3LC_MACLN
C1IC46,phospholipase A2 family|IC,PF00068 (Phospholip_A2_1)|128.3,CL0629 (PLA2),KW-0106 (Calcium);KW-1015 (Disulfide bond);KW-1199 (Hemostasis impairing toxin);KW-0378 (Hydrolase);KW-0442 (Lipid degradation);KW-0443 (Lipid metabolism);KW-0479 (Metal-binding);KW-0964 (Secreted);KW-0732 (Signal);KW-0800 (Toxin),Elapidae,Walterinnesia,,Acidic phospholipase A2 PL-I,PA2A1_WALAE
C1IC47,three-finger toxin family|IC,PF21947 (Toxin_cobra-type)|51.1,CL0117 (uPAR_Ly6_toxin),KW-0008 (Acetylcholine receptor inhibiting toxin);KW-0903 (Direct protein sequencing);KW-1015 (Disulfide bond);KW-0872 (Ion channel impairing toxin);KW-0528 (Neurotoxin);KW-0629 (Postsynaptic neurotoxin);KW-0964 (Secreted);KW-0732 (Signal);KW-0800 (Toxin),Elapidae,Walterinnesia,,Three-finger toxin W-III,3S13_WALAE
C5NSL2,actinoporin family|IC,PF06369 (Anemone_cytotox)|314.0,CL0872 (PfC-like),KW-0165 (Cleavage on pair of basic residues);KW-0204 (Cytolysis);KW-0903 (Direct protein sequencing);KW-0406 (Ion transport);KW-0472 (Membrane);KW-0166 (Nematocyst);KW-0964 (Secreted);KW-0732 (Signal);KW-1052 (Target cell membrane);KW-1053 (Target membrane);KW-0800 (Toxin);KW-0812 (Transmembrane);KW-0813 (Transport),Actiniidae,Anthopleura,,DELTA-actitoxin-Aas1a,ACTP1_ANTAS
C9E1R8,venom metalloproteinase (M12B) family|IC,PF00200 (Disintegrin)|71.5;PF01421 (Reprolysin)|196.4;PF01562 (Pep_M12B_propep)|60.7;PF08516 (ADAM_CR)|64.8,CL0126 (Peptidase_MA);CL0750 (ADAM_CR_sf),KW-0106 (Calcium);KW-1217 (Cell adhesion impairing toxin);KW-1015 (Disulfide bond);KW-0325 (Glycoprotein);KW-1199 (Hemostasis impairing toxin);KW-0378 (Hydrolase);KW-0479 (Metal-binding);KW-0482 (Metalloprotease);KW-0645 (Protease);KW-0964 (Secreted);KW-0732 (Signal);KW-0800 (Toxin);KW-0862 (Zinc);KW-0865 (Zymogen),Viperidae,Crotalus,,Zinc metalloproteinase-disintegrin-like VMP-III,VM3V3_CROVV
